{"type":"FeatureCollection","features":[{"type":"Feature","properties":{"name":"Eğirdir","rank":9},"geometry":{"type":"MultiPolygon","coordinates":[[[[30.80977,38.27069],[30.86011,38.28099],[30.89308,38.27481],[30.88277,38.24037],[30.86894,38.20828],[30.8551,38.1759],[30.85628,38.15029],[30.8919,38.14352],[30.92428,38.12203],[30.93841,38.0923],[30.944,38.06787],[30.94753,38.0508],[30.95813,38.02283],[30.96667,37.99016],[30.94812,37.96367],[30.9181,37.92805],[30.90515,37.89478],[30.89838,37.86829],[30.87659,37.8524],[30.85569,37.86152],[30.84804,37.87712],[30.8345,37.88566],[30.81183,37.91039],[30.79476,37.93187],[30.77857,37.94012],[30.7718,37.95925],[30.7771,37.98015],[30.79682,37.99634],[30.81272,38.01665],[30.83156,38.04991],[30.85216,38.077],[30.84362,38.11114],[30.81389,38.13822],[30.77416,38.14853],[30.75502,38.17119],[30.75119,38.19533],[30.75208,38.223],[30.77327,38.25126],[30.80977,38.27069]]]]}},{"type":"Feature","properties":{"name":"Beyşehir","rank":7},"geometry":{"type":"MultiPolygon","coordinates":[[[[31.48563,37.61043],[31.46503,37.60778],[31.45649,37.62809],[31.45943,37.66989],[31.45178,37.68755],[31.45266,37.69933],[31.45914,37.71787],[31.43647,37.75732],[31.41263,37.80088],[31.38879,37.83297],[31.35376,37.86918],[31.33933,37.89478],[31.32403,37.91804],[31.31873,37.95042],[31.35788,37.9622],[31.39467,37.96632],[31.41852,37.97721],[31.44795,37.95719],[31.47415,37.93246],[31.49888,37.91039],[31.52773,37.88684],[31.56158,37.86947],[31.57571,37.84769],[31.58071,37.83415],[31.59308,37.81766],[31.59484,37.79441],[31.6022,37.78116],[31.61309,37.78469],[31.62663,37.79529],[31.64635,37.79588],[31.65489,37.77233],[31.67314,37.74378],[31.6861,37.72759],[31.70228,37.70492],[31.70641,37.67637],[31.67491,37.66577],[31.64429,37.65812],[31.58248,37.64134],[31.52625,37.63575],[31.51566,37.62839],[31.52007,37.6172],[31.5239,37.60484],[31.5083,37.60101],[31.48563,37.61043]]]]}},{"type":"Feature","properties":{"name":"Ladoga","rank":0},"geometry":{"type":"MultiPolygon","coordinates":[[[[32.58004,61],[32.58037,60.99825],[32.59156,60.99177],[32.60863,60.99177],[32.62158,60.99707],[32.62953,60.9956],[32.63247,60.9747],[32.64425,60.96028],[32.72108,60.90258],[32.77848,60.87844],[32.80586,60.86137],[32.81734,60.83782],[32.80615,60.77718],[32.8035,60.74598],[32.8141,60.72155],[32.84736,60.70565],[32.89181,60.69682],[32.93273,60.68416],[32.95451,60.65679],[32.94833,60.62882],[32.92566,60.60086],[32.86208,60.54434],[32.82116,60.51549],[32.80939,60.50077],[32.79408,60.47104],[32.78319,60.4575],[32.77289,60.47045],[32.77524,60.48223],[32.77966,60.49371],[32.77642,60.50578],[32.76229,60.51343],[32.72078,60.5202],[32.67722,60.54404],[32.63777,60.55111],[32.60157,60.54463],[32.58508,60.51902],[32.5948,60.49989],[32.61746,60.47487],[32.64278,60.45309],[32.65956,60.44367],[32.67192,60.43955],[32.68046,60.42924],[32.68546,60.4157],[32.68693,60.40275],[32.68222,60.39392],[32.67074,60.38155],[32.64543,60.36124],[32.62953,60.35536],[32.61835,60.35653],[32.60716,60.36007],[32.59156,60.36124],[32.58243,60.3586],[32.57802,60.35241],[32.57949,60.34299],[32.62247,60.28942],[32.62659,60.27853],[32.62659,60.26351],[32.62335,60.2488],[32.61952,60.2382],[32.56978,60.19081],[32.49795,60.16549],[32.29219,60.13399],[32.26393,60.13812],[32.23862,60.15283],[32.1768,60.20759],[32.16414,60.21583],[32.15207,60.21495],[32.13971,60.21112],[32.12529,60.21112],[32.11263,60.21553],[32.09555,60.22672],[32.08378,60.23231],[32.05022,60.23997],[31.77823,60.24644],[31.76292,60.24939],[31.7485,60.25498],[31.73643,60.25851],[31.73143,60.25292],[31.72907,60.2435],[31.72436,60.23526],[31.58895,60.16696],[31.57041,60.13517],[31.58012,60.14047],[31.59366,60.14577],[31.60573,60.14665],[31.61074,60.13871],[31.60662,60.12929],[31.5969,60.1231],[31.57659,60.11486],[31.54598,60.09102],[31.54097,60.08189],[31.5398,60.07218],[31.53715,60.06217],[31.5289,60.05275],[31.54922,60.03656],[31.56776,60.01007],[31.57718,59.97975],[31.57041,59.9509],[31.53715,59.92706],[31.48357,59.90881],[31.42735,59.90056],[31.38584,59.90586],[31.37112,59.91734],[31.362,59.93],[31.34934,59.93971],[31.32344,59.94354],[31.27134,59.94119],[31.24367,59.93618],[31.22424,59.92647],[31.18685,59.91646],[31.12739,59.91999],[31.07117,59.93265],[31.04262,59.9509],[31.08559,59.95855],[31.09737,59.96415],[31.10237,59.96945],[31.10414,59.9821],[31.10738,59.98799],[31.11356,59.99182],[31.12827,59.99653],[31.14623,60.0086],[31.15594,60.01301],[31.16124,60.01949],[31.15889,60.03214],[31.15065,60.04098],[31.13563,60.0501],[31.11856,60.05717],[31.10414,60.06011],[31.08765,60.06865],[31.09472,60.08807],[31.11002,60.11104],[31.11797,60.12899],[31.1059,60.15225],[31.08118,60.16461],[31.02848,60.17992],[30.98992,60.20641],[30.96196,60.23673],[30.88219,60.39686],[30.85746,60.43513],[30.82361,60.46486],[30.80977,60.45073],[30.79653,60.44043],[30.78328,60.43896],[30.76915,60.45073],[30.76238,60.46427],[30.76209,60.47899],[30.76679,60.49312],[30.77592,60.50578],[30.75914,60.52079],[30.72794,60.53727],[30.7144,60.55317],[30.71352,60.55788],[30.71352,60.56465],[30.71204,60.5723],[30.70616,60.58025],[30.69585,60.58673],[30.53395,60.63],[30.5263,60.63971],[30.52836,60.67327],[30.52306,60.68622],[30.49951,60.7133],[30.49421,60.72802],[30.49775,60.73744],[30.50717,60.74009],[30.53189,60.73862],[30.53601,60.74245],[30.52983,60.76158],[30.5366,60.78336],[30.53631,60.80544],[30.53219,60.82575],[30.52512,60.83488],[30.51659,60.83782],[30.49951,60.85166],[30.49098,60.8546],[30.47743,60.85578],[30.44564,60.86284],[30.43269,60.86843],[30.44888,60.88109],[30.45771,60.8858],[30.46684,60.88933],[30.44859,60.89728],[30.37941,60.95262],[30.36322,60.96234],[30.30082,60.98971],[30.28975,61],[32.58004,61]],[[30.62197,60.89669],[30.60872,60.89846],[30.59194,60.89228],[30.57516,60.88109],[30.56221,60.86843],[30.59106,60.85695],[30.60578,60.86019],[30.61373,60.87461],[30.62197,60.89669]]]]}},{"type":"Feature","properties":{"name":"Chad","rank":1},"geometry":{"type":"MultiPolygon","coordinates":[[[[14.73366,13.08077],[14.74515,13.07577],[14.76811,13.06988],[14.72071,13.05222],[14.70511,13.04457],[14.69863,13.03897],[14.69069,13.00954],[14.68892,13.00718],[14.68716,13.00424],[14.68127,13.00188],[14.67862,12.99541],[14.68097,12.98952],[14.68392,12.98334],[14.68127,12.97775],[14.66714,12.97451],[14.65271,12.97392],[14.64477,12.97245],[14.63711,12.97303],[14.61945,12.99011],[14.60944,12.99394],[14.59885,12.99629],[14.58825,12.99129],[14.58089,12.98187],[14.57854,12.97421],[14.57147,12.97156],[14.56499,12.97716],[14.56058,12.98452],[14.55086,12.98599],[14.54086,12.98363],[14.50906,12.97804],[14.49552,12.97009],[14.48552,12.95743],[14.47904,12.95243],[14.47668,12.94419],[14.47345,12.93712],[14.46903,12.93918],[14.4652,12.95155],[14.46197,12.95743],[14.45637,12.95125],[14.45255,12.9436],[14.45225,12.933],[14.45049,12.92976],[14.44872,12.92653],[14.44136,12.9333],[14.43253,12.93624],[14.42341,12.93094],[14.41546,12.92329],[14.40604,12.91593],[14.39838,12.9071],[14.41016,12.89444],[14.40663,12.88208],[14.40044,12.88208],[14.39456,12.88325],[14.38749,12.88237],[14.37248,12.87295],[14.36277,12.87413],[14.35364,12.87884],[14.34304,12.87913],[14.31861,12.8703],[14.31331,12.87501],[14.31037,12.88502],[14.30036,12.88767],[14.26886,12.88826],[14.27593,12.89856],[14.288,12.90415],[14.27328,12.9383],[14.28417,12.94124],[14.29359,12.94684],[14.28594,12.96185],[14.27181,12.97392],[14.27033,12.9801],[14.27092,12.98481],[14.26062,12.99394],[14.24737,12.99923],[14.2512,13.00453],[14.25768,13.00983],[14.26327,13.0116],[14.28299,13.01307],[14.29388,13.01955],[14.29418,13.0272],[14.29153,13.03485],[14.29035,13.04221],[14.28535,13.04869],[14.27858,13.05281],[14.27387,13.05811],[14.28505,13.06164],[14.32479,13.05722],[14.32126,13.06988],[14.30595,13.09902],[14.30242,13.10903],[14.29653,13.11816],[14.28476,13.12522],[14.27887,13.13611],[14.30684,13.12669],[14.34599,13.08872],[14.3507,13.08166],[14.36277,13.06782],[14.38072,13.0637],[14.37631,13.07341],[14.37307,13.08342],[14.3713,13.10256],[14.35953,13.11227],[14.34481,13.11875],[14.3033,13.16555],[14.30036,13.17261],[14.3089,13.17173],[14.31802,13.16761],[14.32715,13.16231],[14.33716,13.15907],[14.34658,13.15819],[14.35629,13.15878],[14.36365,13.1629],[14.36689,13.17026],[14.36424,13.18027],[14.37395,13.19381],[14.43753,13.22354],[14.44695,13.22207],[14.45726,13.21647],[14.46903,13.21441],[14.46256,13.22236],[14.46432,13.2306],[14.51319,13.25121],[14.53674,13.25356],[14.54439,13.24885],[14.55057,13.24208],[14.57059,13.22766],[14.59855,13.19911],[14.60768,13.19293],[14.61209,13.19734],[14.61415,13.20264],[14.61121,13.20941],[14.60974,13.21736],[14.63181,13.21235],[14.65124,13.21589],[14.66743,13.20558],[14.67361,13.18851],[14.66773,13.18056],[14.66684,13.17703],[14.67097,13.16437],[14.67538,13.15731],[14.69275,13.14877],[14.70276,13.13494],[14.71865,13.12787],[14.71954,13.12198],[14.71983,13.11639],[14.71718,13.10933],[14.71865,13.09873],[14.72424,13.08901],[14.73366,13.08077]]]]}},{"type":"Feature","properties":{"name":"Vänern","rank":1},"geometry":{"type":"MultiPolygon","coordinates":[[[[14.11668,59.06663],[14.09813,59.04249],[14.07105,59.02307],[14.04044,59.00982],[14.01041,59.00511],[13.98951,59.00481],[13.97833,59.00334],[13.97362,58.99834],[13.97273,58.98774],[13.97715,58.97744],[13.98775,58.96714],[14.00129,58.95948],[14.01424,58.95654],[14.01424,58.95036],[14.00482,58.93799],[13.99363,58.89914],[13.98627,58.88148],[13.97391,58.86352],[13.96567,58.85645],[13.95566,58.85351],[13.95389,58.85057],[13.96478,58.83467],[13.96596,58.82643],[13.9586,58.82142],[13.93623,58.81613],[13.93152,58.80965],[13.92858,58.80877],[13.91209,58.8176],[13.90444,58.81995],[13.87971,58.81318],[13.86853,58.79905],[13.87177,58.78345],[13.89002,58.77168],[13.84998,58.73959],[13.71193,58.68984],[13.70251,58.68219],[13.69574,58.67483],[13.68691,58.66983],[13.67101,58.66924],[13.65305,58.67336],[13.64864,58.67954],[13.64776,58.68837],[13.6404,58.69956],[13.62421,58.69897],[13.54738,58.66924],[13.5303,58.65717],[13.52236,58.65511],[13.50705,58.6557],[13.4885,58.66335],[13.47555,58.66512],[13.46231,58.65864],[13.43934,58.64422],[13.3631,58.62832],[13.32543,58.60389],[13.27951,58.53619],[13.24595,58.51087],[13.21357,58.50351],[13.17265,58.50292],[13.13762,58.51234],[13.1229,58.5356],[13.1282,58.54237],[13.16029,58.56945],[13.16676,58.57946],[13.17618,58.60242],[13.18443,58.6139],[13.17118,58.61419],[13.13645,58.62096],[13.12379,58.62038],[13.00604,58.60036],[13.00133,58.60271],[12.99662,58.60683],[12.99015,58.60948],[12.97955,58.60713],[12.98396,58.60595],[12.97925,58.59683],[12.96571,58.57975],[12.94687,58.56916],[12.9248,58.5671],[12.90066,58.57122],[12.87593,58.57975],[12.89477,58.57151],[12.92303,58.55238],[12.93863,58.54649],[12.92715,58.5409],[12.92068,58.53943],[12.91126,58.53884],[12.91773,58.52912],[12.92156,58.52706],[12.93127,58.52471],[12.91508,58.51588],[12.89242,58.4991],[12.87593,58.49115],[12.82412,58.47996],[12.80735,58.47378],[12.79675,58.47201],[12.7785,58.47702],[12.77026,58.47378],[12.76201,58.46289],[12.75701,58.45818],[12.67047,58.44258],[12.679,58.42815],[12.6843,58.42109],[12.69166,58.41491],[12.65104,58.389],[12.60188,58.36604],[12.55272,58.35692],[12.51269,58.3737],[12.53153,58.38459],[12.56921,58.40049],[12.58481,58.41167],[12.61925,58.46436],[12.63632,58.47761],[12.60365,58.46878],[12.5904,58.4623],[12.57804,58.45288],[12.54183,58.41491],[12.53741,58.40843],[12.53359,58.40637],[12.52888,58.40166],[12.5224,58.39695],[12.47825,58.389],[12.465,58.38812],[12.40495,58.39106],[12.38317,58.38812],[12.34343,58.37664],[12.32606,58.37605],[12.31075,58.38459],[12.30369,58.39901],[12.30722,58.41344],[12.31752,58.42462],[12.33165,58.42904],[12.3761,58.46995],[12.39524,58.4779],[12.41496,58.48202],[12.45823,58.48349],[12.46559,58.49556],[12.48767,58.51352],[12.51386,58.53089],[12.53388,58.53884],[12.53064,58.54266],[12.52917,58.54619],[12.52652,58.54914],[12.52034,58.55208],[12.53006,58.56062],[12.56067,58.57975],[12.59835,58.61743],[12.62131,58.63097],[12.63102,58.63951],[12.62926,58.64805],[12.61748,58.65128],[12.56391,58.64805],[12.54036,58.65334],[12.51857,58.66688],[12.5018,58.68425],[12.49296,58.7028],[12.49149,58.73017],[12.49826,58.75137],[12.52034,58.79228],[12.50062,58.79052],[12.47207,58.77403],[12.45823,58.77168],[12.45028,58.77403],[12.4441,58.77874],[12.43998,58.78581],[12.43821,58.79582],[12.43468,58.7967],[12.42585,58.80053],[12.41614,58.80612],[12.41025,58.8126],[12.43645,58.8282],[12.45146,58.83084],[12.46441,58.80435],[12.47972,58.80111],[12.49797,58.80318],[12.51269,58.80641],[12.49385,58.8126],[12.48354,58.8229],[12.47942,58.83703],[12.47854,58.85351],[12.47972,58.86322],[12.48502,58.88],[12.48619,58.88825],[12.48384,58.89237],[12.47913,58.89767],[12.47619,58.90503],[12.47854,58.91562],[12.45381,58.9218],[12.43468,58.93946],[12.43056,58.95536],[12.45146,58.95654],[12.50445,58.92033],[12.52417,58.90179],[12.53388,58.89531],[12.50886,58.85057],[12.51092,58.8332],[12.54036,58.82643],[12.56626,58.81583],[12.58127,58.81554],[12.59246,58.84203],[12.60365,58.84939],[12.62926,58.86116],[12.62337,58.87117],[12.62425,58.87824],[12.62749,58.88383],[12.62926,58.88825],[12.63279,58.92563],[12.6428,58.94035],[12.64427,58.95183],[12.65133,58.96154],[12.67724,58.97096],[12.66723,58.98774],[12.68106,59.00069],[12.70138,59.01453],[12.71197,59.03249],[12.70815,59.03984],[12.6999,59.04809],[12.6946,59.05721],[12.69784,59.06663],[12.70756,59.07046],[12.71727,59.06575],[12.72581,59.05633],[12.73169,59.04603],[12.7729,59.07723],[12.7835,59.07988],[12.80764,59.08076],[12.81176,59.08488],[12.82354,59.09283],[12.83619,59.09518],[12.84179,59.0837],[12.8465,59.07899],[12.85739,59.08047],[12.86887,59.08635],[12.87593,59.09371],[12.88565,59.0837],[12.89006,59.07252],[12.88741,59.06163],[12.87593,59.0528],[12.89065,59.04985],[12.93539,59.05221],[12.94481,59.04956],[12.94805,59.03955],[12.95571,59.03984],[12.96483,59.04426],[12.97189,59.04603],[12.98249,59.04485],[12.98838,59.04544],[12.99368,59.04367],[13.0031,59.03543],[13.01988,59.02689],[13.06197,59.01894],[13.07492,59.01129],[13.07698,58.99716],[13.06786,58.98509],[13.05402,58.97567],[13.04048,58.97096],[13.05314,58.96743],[13.07316,58.95831],[13.08581,58.95654],[13.09052,58.95242],[13.10583,58.92563],[13.12496,58.91533],[13.16912,58.91003],[13.18443,58.90208],[13.18678,58.89678],[13.19797,58.88148],[13.24507,58.90414],[13.25949,58.91562],[13.25154,58.92828],[13.24448,58.943],[13.23476,58.95595],[13.21916,58.96331],[13.22534,58.98009],[13.22593,58.99746],[13.22152,59.01335],[13.2118,59.02571],[13.21563,59.03572],[13.21445,59.04661],[13.21004,59.05721],[13.20474,59.06663],[13.20179,59.0681],[13.18884,59.0784],[13.18766,59.08076],[13.18413,59.08311],[13.18413,59.089],[13.18501,59.09577],[13.18443,59.10137],[13.1597,59.13963],[13.14204,59.15788],[13.1229,59.16877],[13.13615,59.18143],[13.1335,59.19321],[13.10907,59.21676],[13.1126,59.22294],[13.11407,59.22735],[13.1126,59.23148],[13.10907,59.23795],[13.11025,59.2512],[13.10024,59.25767],[13.0864,59.26297],[13.07492,59.27121],[13.07198,59.28299],[13.08287,59.28181],[13.09671,59.27533],[13.10259,59.27121],[13.12673,59.27828],[13.13497,59.29476],[13.13056,59.31537],[13.11554,59.33391],[13.12997,59.34127],[13.15558,59.36188],[13.17059,59.36806],[13.17736,59.32861],[13.19738,59.31066],[13.22976,59.30624],[13.27303,59.30683],[13.26479,59.31507],[13.23859,59.33126],[13.2327,59.33715],[13.238,59.34775],[13.25154,59.35717],[13.26714,59.36423],[13.28039,59.36806],[13.3007,59.36924],[13.35928,59.36129],[13.3634,59.36335],[13.37665,59.37277],[13.38312,59.37483],[13.39343,59.37336],[13.41786,59.36129],[13.45083,59.35687],[13.48321,59.361],[13.59536,59.39426],[13.62833,59.39779],[13.65511,59.40721],[13.67101,59.40839],[13.66188,59.39367],[13.65659,59.38867],[13.66954,59.37748],[13.68279,59.37601],[13.71193,59.38131],[13.71929,59.38337],[13.72341,59.38837],[13.72606,59.39337],[13.72929,59.39544],[13.76638,59.39544],[13.76638,59.38867],[13.76344,59.37483],[13.75461,59.36718],[13.72635,59.35393],[13.734,59.34628],[13.73606,59.34157],[13.73253,59.33391],[13.74342,59.32538],[13.76374,59.32361],[13.80818,59.32655],[13.79376,59.33892],[13.78463,59.35128],[13.78699,59.36011],[13.80818,59.36129],[13.81554,59.35069],[13.82261,59.34333],[13.83173,59.34009],[13.84292,59.34216],[13.85116,59.34539],[13.8594,59.34598],[13.87,59.34009],[13.85646,59.32861],[13.85823,59.32273],[13.86735,59.32067],[13.87618,59.31978],[13.88796,59.32214],[13.9015,59.32626],[13.91327,59.32508],[13.91798,59.30978],[13.9221,59.30595],[13.93152,59.30624],[13.94035,59.31154],[13.94477,59.32302],[13.94241,59.33156],[13.93918,59.33921],[13.94065,59.34687],[13.95213,59.35393],[13.97509,59.35334],[13.98569,59.33656],[13.99481,59.31625],[14.01365,59.30683],[14.02601,59.31095],[14.03249,59.32037],[14.03543,59.32979],[14.03749,59.33391],[14.05044,59.33303],[14.06134,59.32979],[14.07017,59.32302],[14.07576,59.31301],[14.06516,59.3136],[14.05574,59.31184],[14.0475,59.30683],[14.04044,59.29918],[14.04868,59.28534],[14.05545,59.26739],[14.06045,59.24914],[14.06193,59.23412],[14.05457,59.21205],[14.0216,59.18379],[14.00894,59.15406],[13.99687,59.14846],[13.97273,59.14228],[13.96214,59.13551],[13.95301,59.12756],[13.93211,59.09989],[13.92799,59.09548],[13.9274,59.09077],[13.93152,59.08076],[13.93976,59.07164],[13.94859,59.06751],[13.95595,59.0628],[13.9589,59.0528],[14.00158,59.06545],[14.02366,59.06781],[14.04838,59.06663],[14.04603,59.07105],[14.0425,59.08253],[14.04044,59.08694],[14.05987,59.09253],[14.05839,59.10137],[14.05133,59.11137],[14.05457,59.1205],[14.06899,59.12168],[14.08165,59.11255],[14.09136,59.09872],[14.09666,59.08694],[14.09195,59.08164],[14.08665,59.07193],[14.08253,59.06663],[14.0893,59.0628],[14.09695,59.06163],[14.10608,59.0631],[14.11668,59.06663]],[[13.19885,58.63421],[13.20474,58.6557],[13.20474,58.67159],[13.19914,58.68042],[13.17059,58.69662],[13.15764,58.69043],[13.1441,58.69043],[13.11554,58.69662],[13.10112,58.69279],[13.08405,58.68307],[13.06903,58.67159],[13.06138,58.66188],[13.06197,58.64481],[13.07581,58.64069],[13.09406,58.63862],[13.10907,58.62832],[13.13821,58.63921],[13.14998,58.64569],[13.16382,58.6557],[13.17059,58.64805],[13.16529,58.64569],[13.15646,58.63833],[13.14969,58.6345],[13.17089,58.62714],[13.18737,58.62597],[13.19885,58.63421]],[[13.56857,59.30683],[13.56857,59.31301],[13.56268,59.31596],[13.56151,59.32008],[13.56239,59.32626],[13.5618,59.33391],[13.53384,59.34274],[13.49733,59.34363],[13.46025,59.3348],[13.4314,59.31301],[13.45083,59.31625],[13.4729,59.3139],[13.48615,59.30389],[13.47938,59.28564],[13.48821,59.27563],[13.49998,59.27121],[13.50823,59.27416],[13.50705,59.28564],[13.54738,59.27887],[13.53384,59.29977],[13.52765,59.30683],[13.56857,59.30683]],[[13.83085,58.80053],[13.84233,58.81995],[13.82172,58.83997],[13.79405,58.83173],[13.77993,58.82555],[13.77404,58.81642],[13.77198,58.80347],[13.76609,58.79964],[13.75726,58.80318],[13.74607,58.8126],[13.74342,58.82172],[13.74519,58.83055],[13.7396,58.83732],[13.71546,58.83997],[13.70427,58.83644],[13.69839,58.8282],[13.69103,58.80641],[13.71104,58.78463],[13.71222,58.77698],[13.71193,58.76108],[13.71752,58.75254],[13.73077,58.7546],[13.75667,58.76491],[13.76903,58.76373],[13.79111,58.75873],[13.80141,58.75725],[13.81113,58.75961],[13.81319,58.7652],[13.8126,58.77227],[13.81495,58.77904],[13.83085,58.80053]]]]}},{"type":"Feature","properties":{"name":"Onega","rank":1},"geometry":{"type":"MultiPolygon","coordinates":[[[[35.85988,60.8546],[35.84399,60.8596],[35.81985,60.88197],[35.80543,60.88933],[35.78924,60.88845],[35.76215,60.8755],[35.74332,60.87579],[35.75627,60.89316],[35.77452,60.90611],[35.77893,60.91406],[35.75038,60.91671],[35.71741,60.91347],[35.65206,60.89905],[35.61703,60.89581],[35.58966,60.89905],[35.56022,60.90788],[35.53285,60.92113],[35.49458,60.95086],[35.48957,60.95939],[35.48957,60.97146],[35.49782,60.98147],[35.50812,60.98176],[35.51283,60.98382],[35.5037,60.99943],[35.50303,61],[35.14936,61],[35.12338,60.99648],[35.09218,60.99943],[35.09345,61],[36.02108,61],[35.98734,60.97529],[35.93141,60.95498],[35.87048,60.94644],[35.80543,60.94467],[35.81661,60.93937],[35.82839,60.93702],[35.84045,60.93643],[35.85311,60.93731],[35.84399,60.93614],[35.83516,60.93319],[35.82691,60.92878],[35.81897,60.92289],[35.92199,60.92819],[35.94937,60.92289],[35.92788,60.88727],[35.92199,60.88197],[35.90463,60.87785],[35.87637,60.85901],[35.85988,60.8546]]]]}},{"type":"Feature","properties":{"name":"Tana","rank":1},"geometry":{"type":"MultiPolygon","coordinates":[[[[37.30197,11.74024],[37.29638,11.78616],[37.29226,11.79882],[37.28461,11.80824],[37.27224,11.81648],[37.259,11.82178],[37.22456,11.83031],[37.20984,11.83031],[37.19483,11.82443],[37.18187,11.81618],[37.16745,11.81],[37.14861,11.8103],[37.13213,11.81648],[37.123,11.8259],[37.11976,11.83944],[37.12065,11.85828],[37.10181,11.85033],[37.09504,11.83532],[37.09239,11.81854],[37.0865,11.80353],[37.07237,11.82678],[37.06972,11.83031],[37.06619,11.83208],[37.0444,11.84003],[37.0394,11.84121],[37.03557,11.86152],[37.02615,11.87977],[37.01085,11.88978],[36.99142,11.88536],[36.9873,11.90538],[36.99318,11.92245],[37.00084,11.9354],[37.00143,11.94364],[36.99937,11.95512],[37.01526,12.17089],[37.02439,12.18826],[37.06825,12.24213],[37.0812,12.25214],[37.0968,12.25596],[37.11005,12.26185],[37.123,12.27333],[37.13742,12.28128],[37.15538,12.27657],[37.16745,12.25891],[37.17039,12.2386],[37.17599,12.22005],[37.1963,12.20769],[37.21219,12.22064],[37.22662,12.21946],[37.23986,12.2121],[37.25105,12.20769],[37.26812,12.20916],[37.27578,12.21564],[37.29491,12.26479],[37.30168,12.27451],[37.31287,12.28275],[37.3267,12.28923],[37.33759,12.29099],[37.34789,12.28511],[37.36085,12.26892],[37.37821,12.28511],[37.3947,12.29011],[37.42914,12.28952],[37.44621,12.29541],[37.46181,12.30424],[37.47859,12.30924],[37.49861,12.30395],[37.50509,12.2957],[37.5251,12.25596],[37.53423,12.24478],[37.53835,12.23683],[37.5463,12.20769],[37.55984,12.18031],[37.59192,12.13822],[37.60105,12.11202],[37.60134,12.09318],[37.5981,12.07581],[37.58044,12.01576],[37.57485,12.00634],[37.56896,11.99957],[37.56661,11.99192],[37.57367,11.98103],[37.56072,11.96837],[37.54895,11.93481],[37.53894,11.92009],[37.52569,11.91391],[37.50037,11.91274],[37.49125,11.90597],[37.49331,11.89802],[37.50803,11.86858],[37.51156,11.85828],[37.50567,11.83826],[37.49007,11.82972],[37.47123,11.82354],[37.45681,11.8103],[37.45475,11.80176],[37.45328,11.77998],[37.45033,11.76938],[37.44415,11.76173],[37.42855,11.74642],[37.42914,11.73465],[37.42914,11.72169],[37.42413,11.71227],[37.41177,11.69549],[37.40912,11.69049],[37.40853,11.66871],[37.40618,11.66194],[37.40176,11.65281],[37.38675,11.63191],[37.36997,11.62426],[37.35054,11.62573],[37.3267,11.63221],[37.31551,11.6484],[37.30286,11.65634],[37.29373,11.664],[37.29255,11.68019],[37.29903,11.69755],[37.30786,11.69755],[37.31905,11.69226],[37.33347,11.69373],[37.34407,11.70462],[37.33671,11.71227],[37.31287,11.72169],[37.30521,11.73111],[37.30197,11.74024]]]]}},{"type":"Feature","properties":{"name":"Päijänne","rank":3},"geometry":{"type":"MultiPolygon","coordinates":[[[[26.13675,61],[26.12968,60.99177],[26.12055,60.97705],[26.10171,60.94615],[26.08788,60.93054],[26.08081,60.9435],[26.0708,60.97794],[26.0605,60.98559],[26.04725,60.97676],[26.04078,60.95733],[26.03283,60.94261],[26.01576,60.94791],[26.00899,60.9644],[26.02312,60.97794],[26.0817,60.99854],[26.08437,61],[25.62934,61],[25.62926,60.99943],[25.62366,60.99295],[25.61483,60.99089],[25.59187,60.99177],[25.58393,60.99501],[25.57862,61],[26.13675,61]]]]}},{"type":"Feature","properties":{"name":"Pihkva","rank":3},"geometry":{"type":"MultiPolygon","coordinates":[[[[27.50671,58.23711],[27.52879,58.22799],[27.57442,58.23476],[27.59237,58.22681],[27.60032,58.21091],[27.60209,58.19208],[27.59679,58.17589],[27.58266,58.16853],[27.60356,58.16588],[27.60621,58.15528],[27.60356,58.14292],[27.60974,58.13497],[27.62299,58.13762],[27.65831,58.15734],[27.69422,58.16588],[27.71277,58.17324],[27.7322,58.17736],[27.75309,58.17206],[27.76575,58.17206],[27.79872,58.18736],[27.81521,58.18943],[27.81491,58.18678],[27.81815,58.18001],[27.82315,58.17265],[27.82845,58.16853],[27.83875,58.16558],[27.84994,58.16441],[27.86083,58.1647],[27.90881,58.17765],[27.92854,58.17971],[27.94561,58.17589],[27.95326,58.16911],[27.96975,58.1491],[27.97976,58.14115],[28.03156,58.11672],[28.04481,58.11319],[28.04628,58.107],[28.05894,58.07845],[28.06542,58.06903],[28.1396,58.02429],[28.15108,58.01457],[28.15726,58.00398],[28.15431,57.99132],[28.14548,57.98219],[28.14018,57.97307],[28.14784,57.96012],[28.1655,57.93804],[28.16962,57.91714],[28.16226,57.89594],[28.1443,57.87416],[28.13253,57.86298],[28.12664,57.85915],[27.96062,57.85503],[27.94031,57.8618],[27.93207,57.88741],[27.92029,57.9033],[27.89351,57.91155],[27.84199,57.92126],[27.88791,57.93156],[27.89704,57.93568],[27.89881,57.94687],[27.89027,57.9557],[27.87614,57.96129],[27.84994,57.96483],[27.81491,57.97425],[27.80461,57.98043],[27.80078,57.98367],[27.78783,57.99014],[27.77782,58.01104],[27.7737,58.01752],[27.74986,58.02929],[27.71071,58.03901],[27.67391,58.04048],[27.65743,58.02811],[27.65802,58.01781],[27.65743,58.01457],[27.63977,58.00074],[27.63358,57.99338],[27.61592,57.96365],[27.60209,57.98484],[27.59414,58.00898],[27.59031,58.03371],[27.58943,58.05549],[27.59296,58.07933],[27.58972,58.08934],[27.55823,58.09729],[27.54851,58.1073],[27.53409,58.13497],[27.48228,58.1909],[27.46903,58.21003],[27.46697,58.22092],[27.50671,58.23711]]]]}},{"type":"Feature","properties":{"name":"Peipus","rank":4},"geometry":{"type":"MultiPolygon","coordinates":[[[[27.46697,58.22092],[27.46521,58.25154],[27.46226,58.25772],[27.45108,58.26213],[27.41046,58.29186],[27.41782,58.30335],[27.41516,58.31247],[27.40839,58.3213],[27.40427,58.33278],[27.40427,58.35397],[27.4081,58.36075],[27.41516,58.36575],[27.4184,58.37075],[27.41104,58.37752],[27.39633,58.38371],[27.32686,58.40402],[27.283,58.40461],[27.26033,58.40843],[27.23708,58.42403],[27.22972,58.44552],[27.23237,58.49439],[27.22972,58.52088],[27.19734,58.60948],[27.16113,58.66306],[27.09813,58.72752],[27.07459,58.7443],[26.98068,58.77815],[26.95537,58.79582],[26.94654,58.81966],[26.95184,58.84851],[26.96479,58.87618],[26.97921,58.89531],[27.011,58.92298],[27.04456,58.94418],[27.08136,58.95978],[27.28712,59.00158],[27.53703,59.01629],[27.73396,58.99363],[27.73749,58.98185],[27.73014,58.96625],[27.71895,58.95036],[27.72719,58.91503],[27.79401,58.86264],[27.80137,58.81995],[27.79754,58.81112],[27.78489,58.79434],[27.78047,58.78522],[27.77959,58.77551],[27.78106,58.7546],[27.78047,58.7443],[27.76575,58.69456],[27.76193,58.66747],[27.77046,58.6557],[27.78342,58.64687],[27.82992,58.57298],[27.83493,58.55179],[27.83552,58.48938],[27.83316,58.47201],[27.8258,58.45553],[27.81138,58.43964],[27.78577,58.42256],[27.78283,58.43169],[27.78842,58.45229],[27.78783,58.46995],[27.70953,58.41991],[27.69334,58.39371],[27.66067,58.36398],[27.65331,58.36104],[27.63358,58.36016],[27.62976,58.35692],[27.63211,58.34691],[27.63771,58.34249],[27.64447,58.33955],[27.65007,58.33278],[27.65654,58.32071],[27.65861,58.31335],[27.65124,58.30864],[27.62976,58.30541],[27.60915,58.30747],[27.57589,58.32307],[27.55852,58.3266],[27.54321,58.32248],[27.53586,58.31188],[27.53409,58.29716],[27.53409,58.28156],[27.53085,58.27038],[27.5232,58.2586],[27.50671,58.23711],[27.46697,58.22092]],[[27.46962,58.38783],[27.4658,58.38135],[27.49641,58.37193],[27.51142,58.37075],[27.52791,58.3737],[27.51996,58.38164],[27.51113,58.38694],[27.49111,58.39342],[27.48787,58.39401],[27.4811,58.3943],[27.47463,58.39195],[27.46962,58.38783]]]]}},{"type":"Feature","properties":{"name":"","rank":4},"geometry":{"type":"MultiPolygon","coordinates":[[[[27.56529,60.97146],[27.54734,60.96911],[27.54321,60.96292],[27.54822,60.94085],[27.5441,60.93025],[27.53497,60.93084],[27.52555,60.93879],[27.52025,60.95086],[27.50259,60.93967],[27.49405,60.94467],[27.48876,60.95586],[27.47993,60.96469],[27.45961,60.96528],[27.4396,60.96057],[27.42017,60.9588],[27.40074,60.96793],[27.39191,60.98118],[27.38897,60.99324],[27.38469,61],[27.35207,61],[27.34982,60.99913],[27.33686,60.98589],[27.32391,60.97588],[27.30802,60.97823],[27.31155,60.98147],[27.31331,60.98471],[27.31508,60.99177],[27.31941,61],[27.41404,61],[27.41046,60.98912],[27.43342,60.97676],[27.46727,60.97205],[27.55793,60.97558],[27.61592,60.98559],[27.63455,61],[27.65326,61],[27.6589,60.98265],[27.66302,60.97941],[27.66861,60.97823],[27.6745,60.97823],[27.68333,60.98118],[27.68333,60.98765],[27.67803,60.99943],[27.67808,61],[27.87151,61],[27.87673,60.99943],[27.85877,60.98324],[27.82904,60.97499],[27.77046,60.97146],[27.76104,60.9694],[27.73102,60.9588],[27.71012,60.94909],[27.62917,60.93996],[27.6171,60.94055],[27.60297,60.94467],[27.59208,60.95203],[27.58472,60.96086],[27.57707,60.96822],[27.56529,60.97146]]]]}},{"type":"Feature","properties":{"name":"Geneva","rank":4},"geometry":{"type":"MultiPolygon","coordinates":[[[[6.8712,46.45872],[6.91653,46.44194],[6.93537,46.4231],[6.91388,46.40426],[6.86767,46.4025],[6.69723,46.4231],[6.49942,46.40927],[6.49471,46.40632],[6.48411,46.3922],[6.47911,46.38896],[6.46468,46.38572],[6.43289,46.37159],[6.41758,46.36835],[6.40816,46.36541],[6.39374,46.35128],[6.38373,46.34804],[6.37608,46.35069],[6.35547,46.37159],[6.29483,46.37394],[6.23714,46.31242],[6.18297,46.23883],[6.13323,46.20468],[6.13617,46.21322],[6.14029,46.22029],[6.14588,46.22647],[6.15325,46.23118],[6.16001,46.26886],[6.1765,46.30006],[6.31838,46.45107],[6.33457,46.46137],[6.35282,46.46726],[6.41906,46.47315],[6.43583,46.47962],[6.495,46.51318],[6.5109,46.51759],[6.59773,46.5223],[6.62011,46.51936],[6.78436,46.47844],[6.8712,46.45872]]]]}},{"type":"Feature","properties":{"name":"Neagh","rank":4},"geometry":{"type":"MultiPolygon","coordinates":[[[[-6.52252,54.71593],[-6.52001,54.72888],[-6.51045,54.73948],[-6.49735,54.74654],[-6.4841,54.74772],[-6.47086,54.74066],[-6.47277,54.73065],[-6.47674,54.71917],[-6.46938,54.70857],[-6.46158,54.70622],[-6.44436,54.7068],[-6.43583,54.70415],[-6.42729,54.70003],[-6.41964,54.69797],[-6.41154,54.69709],[-6.40197,54.6968],[-6.38417,54.69974],[-6.34928,54.71063],[-6.31411,54.71299],[-6.27819,54.72417],[-6.25965,54.7227],[-6.24655,54.71593],[-6.23934,54.70651],[-6.23846,54.69562],[-6.24478,54.68384],[-6.25465,54.6756],[-6.2935,54.65411],[-6.29865,54.64764],[-6.31367,54.62056],[-6.31631,54.61202],[-6.30719,54.60701],[-6.29012,54.60966],[-6.2729,54.60996],[-6.26333,54.59759],[-6.26701,54.58317],[-6.27967,54.57522],[-6.30851,54.5661],[-6.31072,54.56374],[-6.31308,54.55815],[-6.31573,54.55609],[-6.33574,54.5555],[-6.33972,54.55462],[-6.3406,54.5505],[-6.33648,54.54667],[-6.3328,54.54196],[-6.33471,54.5346],[-6.34148,54.53107],[-6.35149,54.52901],[-6.35973,54.52606],[-6.35973,54.52135],[-6.33604,54.50134],[-6.3852,54.48485],[-6.39977,54.48338],[-6.41301,54.4878],[-6.43038,54.50193],[-6.44274,54.50781],[-6.47718,54.51105],[-6.54312,54.50605],[-6.5758,54.51488],[-6.60302,54.52665],[-6.6123,54.53637],[-6.6098,54.54991],[-6.60361,54.55373],[-6.58522,54.55609],[-6.57771,54.55844],[-6.57271,54.56345],[-6.56593,54.57434],[-6.56049,54.57876],[-6.53341,54.59436],[-6.51648,54.61349],[-6.51089,54.63704],[-6.51854,54.66648],[-6.52472,54.67943],[-6.52884,54.69091],[-6.52884,54.70268],[-6.52252,54.71593]]]]}},{"type":"Feature","properties":{"name":"Vättern","rank":4},"geometry":{"type":"MultiPolygon","coordinates":[[[[14.92206,58.81407],[14.91323,58.79905],[14.91205,58.78404],[14.92471,58.77168],[14.92912,58.78227],[14.93766,58.78934],[14.94796,58.79111],[14.95885,58.78522],[14.96032,58.77815],[14.95797,58.76697],[14.95267,58.75107],[14.94502,58.73547],[14.92618,58.70986],[14.91853,58.69662],[14.91529,58.67778],[14.91941,58.6401],[14.91853,58.62832],[14.90646,58.61861],[14.84287,58.58682],[14.85288,58.5824],[14.8626,58.58034],[14.88379,58.57975],[14.88997,58.57769],[14.90234,58.56768],[14.91146,58.56562],[14.94649,58.56827],[14.9615,58.56503],[14.97328,58.55208],[14.95885,58.54413],[14.95473,58.53383],[14.9615,58.52559],[14.97946,58.52471],[14.97151,58.51588],[14.96003,58.51117],[14.93913,58.50469],[14.92853,58.49556],[14.91823,58.48408],[14.90705,58.47408],[14.88173,58.46642],[14.87113,58.46054],[14.85995,58.45847],[14.83286,58.47467],[14.81726,58.47702],[14.80166,58.47525],[14.78842,58.46995],[14.77223,58.45818],[14.72336,58.41167],[14.71424,58.40519],[14.70276,58.3999],[14.69039,58.39636],[14.67862,58.39489],[14.67038,58.39106],[14.62033,58.33396],[14.6168,58.3266],[14.62004,58.3163],[14.63417,58.30511],[14.63741,58.2954],[14.6327,58.28627],[14.59973,58.26125],[14.59561,58.25183],[14.60267,58.22887],[14.60326,58.2168],[14.59443,58.20297],[14.54498,58.15881],[14.54027,58.15145],[14.52349,58.11201],[14.51407,58.10406],[14.49346,58.09317],[14.45902,58.06079],[14.4443,58.04077],[14.43812,58.02134],[14.42753,58.00604],[14.35629,57.9766],[14.33863,57.96129],[14.28564,57.88829],[14.27652,57.86651],[14.27063,57.85709],[14.26592,57.84649],[14.26474,57.83266],[14.26592,57.82147],[14.26739,57.81882],[14.25267,57.80469],[14.22942,57.7938],[14.20204,57.78732],[14.17555,57.78468],[14.15553,57.79233],[14.14641,57.81029],[14.13728,57.85385],[14.1258,57.87122],[14.11226,57.88417],[14.10137,57.898],[14.09666,57.91832],[14.09401,57.92155],[14.08901,57.93245],[14.08665,57.94393],[14.12345,57.9766],[14.15524,58.01811],[14.15406,58.02399],[14.152,58.02841],[14.15465,58.03489],[14.16731,58.05372],[14.1835,58.09317],[14.20734,58.1279],[14.21058,58.14615],[14.21264,58.18207],[14.22294,58.20061],[14.23589,58.21386],[14.24414,58.22681],[14.23943,58.24477],[14.25797,58.25742],[14.27858,58.30305],[14.29771,58.31306],[14.31626,58.31954],[14.33215,58.33572],[14.38043,58.40932],[14.39809,58.42815],[14.41457,58.4364],[14.43871,58.44199],[14.44107,58.45612],[14.44136,58.47378],[14.45932,58.49115],[14.46403,58.49144],[14.47874,58.48938],[14.48669,58.49115],[14.49199,58.49527],[14.49523,58.50057],[14.50023,58.51087],[14.51171,58.52794],[14.51642,58.5406],[14.51054,58.54649],[14.51054,58.5562],[14.52113,58.6139],[14.55381,58.64245],[14.74956,58.73076],[14.76781,58.7443],[14.77664,58.74931],[14.78577,58.75196],[14.79224,58.75696],[14.79784,58.77992],[14.8049,58.78551],[14.82256,58.79228],[14.85229,58.81024],[14.85995,58.81642],[14.86701,58.81907],[14.88703,58.81701],[14.89762,58.81995],[14.90793,58.83585],[14.90793,58.87147],[14.91853,58.88148],[14.92912,58.86381],[14.97681,58.85057],[14.99359,58.8332],[14.97828,58.83644],[14.97269,58.83997],[14.96621,58.84733],[14.94943,58.83585],[14.93177,58.82643],[14.92206,58.81407]]]]}},{"type":"Feature","properties":{"name":"Constance","rank":5},"geometry":{"type":"MultiPolygon","coordinates":[[[[9.71858,47.54669],[9.73212,47.53845],[9.74449,47.5199],[9.70239,47.52167],[9.68974,47.5199],[9.68709,47.51637],[9.68149,47.50312],[9.67619,47.4993],[9.66972,47.49842],[9.64882,47.4993],[9.64293,47.50165],[9.64117,47.51048],[9.63469,47.51225],[9.62704,47.51048],[9.61497,47.50195],[9.6079,47.4993],[9.59289,47.4993],[9.57876,47.50165],[9.56551,47.50636],[9.55286,47.51225],[9.51783,47.49282],[9.49457,47.48811],[9.40214,47.54345],[9.39802,47.54404],[9.38242,47.56965],[9.38065,47.57436],[9.37123,47.58113],[9.20668,47.64736],[9.18284,47.67062],[9.20639,47.67238],[9.20551,47.68151],[9.18284,47.70417],[9.17489,47.71889],[9.16901,47.73332],[9.16165,47.74686],[9.14869,47.75952],[9.13103,47.76776],[9.091,47.77924],[9.07304,47.78748],[9.04007,47.81103],[9.03213,47.82074],[9.07187,47.81662],[9.17607,47.7657],[9.20345,47.76246],[9.21081,47.75952],[9.21581,47.75098],[9.22228,47.7292],[9.2267,47.72478],[9.32237,47.6818],[9.34121,47.67798],[9.38448,47.67739],[9.40302,47.67503],[9.4566,47.65649],[9.4881,47.65384],[9.4981,47.65001],[9.50723,47.64207],[9.51135,47.63294],[9.51488,47.62322],[9.52165,47.61263],[9.53755,47.59909],[9.55286,47.59349],[9.59436,47.5882],[9.63469,47.57436],[9.67619,47.55405],[9.71858,47.54669]]]]}},{"type":"Feature","properties":{"name":"Hjälmaren","rank":5},"geometry":{"type":"MultiPolygon","coordinates":[[[[16.36797,59.29417],[16.40359,59.30418],[16.42626,59.31978],[16.41242,59.29624],[16.3771,59.28122],[16.12836,59.24472],[16.05536,59.22176],[16.02092,59.21676],[15.95557,59.21617],[15.94232,59.21322],[15.92819,59.20439],[15.90906,59.1988],[15.88846,59.19615],[15.87079,59.19674],[15.8808,59.18644],[15.90994,59.17967],[15.91171,59.16877],[15.902,59.1623],[15.86667,59.15671],[15.82575,59.14228],[15.70006,59.14228],[15.66798,59.14699],[15.61058,59.17025],[15.57937,59.17584],[15.57496,59.17967],[15.58614,59.1885],[15.61793,59.20469],[15.64678,59.20734],[15.65856,59.20999],[15.63736,59.22971],[15.55877,59.23118],[15.53492,59.25208],[15.54464,59.25238],[15.56966,59.25826],[15.54523,59.26798],[15.45221,59.25385],[15.41129,59.25208],[15.34153,59.26915],[15.26617,59.27063],[15.23909,59.27445],[15.22702,59.28564],[15.25646,59.29947],[15.4319,59.27887],[15.44603,59.28299],[15.49136,59.30183],[15.51873,59.31802],[15.53787,59.32273],[15.57584,59.32655],[15.60704,59.31184],[15.6459,59.30624],[15.72332,59.30683],[15.75158,59.29918],[15.78396,59.26857],[15.81604,59.26503],[15.81545,59.28122],[15.82605,59.28858],[15.8337,59.29594],[15.82311,59.30683],[15.83841,59.32361],[15.85019,59.31684],[15.85608,59.30153],[15.85401,59.293],[16.02239,59.28976],[16.05683,59.2718],[16.08273,59.26621],[16.10864,59.2668],[16.14632,59.28181],[16.22697,59.28564],[16.26583,59.30153],[16.28938,59.30742],[16.30616,59.303],[16.33147,59.2927],[16.36797,59.29417]]]]}},{"type":"Feature","properties":{"name":"Beloe","rank":5},"geometry":{"type":"MultiPolygon","coordinates":[[[[37.25105,60.13517],[37.23986,60.14489],[37.22014,60.17315],[37.22161,60.19375],[37.24693,60.22054],[37.27842,60.24497],[37.36438,60.29325],[37.43149,60.31915],[37.50273,60.33564],[37.81564,60.34005],[37.88511,60.31856],[38.00815,60.22584],[38.01875,60.21112],[38.02316,60.18639],[38.01492,60.1705],[37.99991,60.15578],[37.9846,60.13517],[37.97813,60.10897],[37.98873,60.09396],[38.03258,60.07395],[38.01286,60.07306],[37.95664,60.06011],[37.67714,60.07056],[37.39764,60.08101],[37.31287,60.1075],[37.25105,60.13517]]]]}},{"type":"Feature","properties":{"name":"Balaton","rank":5},"geometry":{"type":"MultiPolygon","coordinates":[[[[17.86982,46.86377],[17.84568,46.84817],[17.56309,46.76456],[17.54661,46.75544],[17.5316,46.74337],[17.49038,46.72247],[17.47449,46.71717],[17.43122,46.71393],[17.35321,46.72424],[17.30994,46.72483],[17.2752,46.71658],[17.25843,46.71806],[17.24783,46.7316],[17.26284,46.7678],[17.30317,46.76839],[17.34526,46.75809],[17.36469,46.76221],[17.37087,46.77546],[17.38618,46.78753],[17.40502,46.79695],[17.42298,46.80048],[17.46065,46.79842],[17.4789,46.7943],[17.49568,46.78635],[17.5469,46.81284],[17.57546,46.82314],[17.62785,46.82844],[17.63963,46.83315],[17.65905,46.85435],[17.67171,46.86553],[17.6826,46.86995],[17.69556,46.87142],[17.82125,46.90615],[17.83773,46.91999],[17.84421,46.91734],[17.87806,46.89703],[17.89278,46.89556],[17.90191,46.90704],[17.89543,46.92028],[17.88071,46.93147],[17.86511,46.93706],[17.86511,46.94383],[17.96431,46.98239],[17.99551,46.99917],[18.00905,47.01006],[18.02289,47.02449],[18.03349,47.04068],[18.03731,47.05687],[18.04673,47.0604],[18.06822,47.05775],[18.11208,47.04686],[18.13004,47.0395],[18.15211,47.02743],[18.1686,47.0136],[18.16948,47.00212],[18.15506,46.98534],[18.13593,46.9559],[18.11885,46.94383],[18.07823,46.92735],[17.93899,46.89408],[17.93222,46.8935],[17.91957,46.89556],[17.91427,46.89114],[17.89955,46.87554],[17.86982,46.86377]]]]}},{"type":"Feature","properties":{"name":"Sea of Galilee","rank":5},"geometry":{"type":"MultiPolygon","coordinates":[[[[35.6397,32.84997],[35.63734,32.84055],[35.63705,32.83231],[35.64088,32.82083],[35.63499,32.79404],[35.63558,32.78198],[35.64088,32.77226],[35.63499,32.76961],[35.63381,32.76549],[35.6344,32.7599],[35.63411,32.75224],[35.59937,32.7178],[35.577,32.72016],[35.56964,32.73753],[35.5664,32.75695],[35.55522,32.76608],[35.54933,32.76961],[35.53785,32.79346],[35.52107,32.81465],[35.51724,32.82083],[35.52372,32.85203],[35.55492,32.88059],[35.59172,32.89795],[35.6135,32.89589],[35.63028,32.88265],[35.63764,32.87499],[35.64088,32.86498],[35.6397,32.84997]]]]}},{"type":"Feature","properties":{"name":"Ozero Tenis","rank":5},"geometry":{"type":"MultiPolygon","coordinates":[[[[71.97424,56.21748],[72,56.21104],[72,56.15201],[71.99102,56.14359],[71.9766,56.12211],[71.96629,56.09856],[71.95187,56.07972],[71.92626,56.07177],[71.88387,56.08884],[71.84031,56.12093],[71.80204,56.13683],[71.77496,56.1065],[71.77437,56.09679],[71.77702,56.07324],[71.77496,56.0647],[71.7623,56.05764],[71.73051,56.05941],[71.69312,56.04587],[71.67958,56.06088],[71.66575,56.1065],[71.66516,56.11122],[71.66663,56.1227],[71.66575,56.12682],[71.66163,56.12888],[71.64838,56.13153],[71.64455,56.133],[71.62542,56.14978],[71.61512,56.16037],[71.611,56.17126],[71.61953,56.19217],[71.64073,56.201],[71.79586,56.20129],[71.82264,56.19452],[71.83295,56.18834],[71.84089,56.18186],[71.8512,56.17656],[71.86768,56.1748],[71.88093,56.17774],[71.87946,56.18392],[71.86945,56.19099],[71.85679,56.19452],[71.88093,56.21042],[71.92597,56.21807],[71.97424,56.21748]]]]}},{"type":"Feature","properties":{"name":"Ozero Chernoye","rank":5},"geometry":{"type":"MultiPolygon","coordinates":[[[[67.66357,55.82215],[67.67888,55.81067],[67.69831,55.79036],[67.66622,55.79095],[67.61206,55.79801],[67.58086,55.79036],[67.59086,55.78594],[67.62236,55.77682],[67.59116,55.76122],[67.58233,55.75062],[67.58851,55.73649],[67.56879,55.72972],[67.5314,55.74296],[67.5161,55.73973],[67.49402,55.71088],[67.48018,55.69793],[67.46841,55.69793],[67.45193,55.70823],[67.43456,55.71206],[67.39658,55.71529],[67.37686,55.71971],[67.28237,55.7515],[67.2703,55.76681],[67.27913,55.78683],[67.30386,55.81479],[67.36862,55.83834],[67.34065,55.85453],[67.3333,55.86572],[67.35508,55.87366],[67.39099,55.87514],[67.40924,55.87219],[67.41689,55.86277],[67.41748,55.85041],[67.42013,55.83834],[67.42514,55.82892],[67.45634,55.81479],[67.47812,55.79418],[67.5002,55.77947],[67.52316,55.78683],[67.52846,55.78977],[67.53876,55.79095],[67.54377,55.79389],[67.54671,55.80007],[67.54906,55.81244],[67.55407,55.81832],[67.56996,55.82598],[67.58468,55.82715],[67.5997,55.82568],[67.64503,55.82627],[67.66357,55.82215]]]]}},{"type":"Feature","properties":{"name":"Võrtsjärv","rank":5},"geometry":{"type":"MultiPolygon","coordinates":[[[[26.12202,58.38812],[26.1491,58.36457],[26.15352,58.33896],[26.14233,58.27479],[26.14175,58.24359],[26.13821,58.23034],[26.12968,58.2168],[26.11584,58.2065],[26.09818,58.1962],[26.08228,58.18413],[26.07434,58.16853],[26.07787,58.14998],[26.08788,58.13732],[26.09347,58.12584],[26.08464,58.10995],[26.07169,58.102],[26.06492,58.10877],[26.05962,58.12319],[26.04402,58.1491],[26.04078,58.17736],[26.03313,58.18943],[26.01281,58.20238],[25.99633,58.20974],[25.98838,58.22063],[25.99221,58.24477],[25.93893,58.28362],[25.9301,58.2954],[25.92715,58.30335],[25.92038,58.30953],[25.91332,58.31688],[25.91038,58.32984],[25.9142,58.33808],[25.94099,58.35692],[25.95453,58.37782],[25.96336,58.39578],[25.9772,58.40873],[26.00575,58.41491],[26.03489,58.41461],[26.06668,58.41108],[26.09553,58.40255],[26.11584,58.38812],[26.12202,58.38812]]]]}},{"type":"Feature","properties":{"name":"Sevan","rank":5},"geometry":{"type":"MultiPolygon","coordinates":[[[[45.03875,40.49638],[45.01843,40.49608],[44.99371,40.49873],[44.97192,40.50697],[44.96044,40.51963],[44.96663,40.537],[44.98282,40.54553],[45.00136,40.55054],[45.01255,40.55819],[45.00489,40.57438],[44.99577,40.58056],[44.98576,40.58469],[44.97752,40.59057],[44.97399,40.60205],[44.97487,40.6153],[44.97811,40.62383],[44.98635,40.62737],[45.00136,40.62531],[45.0779,40.60205],[45.09085,40.60205],[45.09997,40.59028],[45.22184,40.53346],[45.24716,40.51021],[45.2763,40.4896],[45.28866,40.48313],[45.29308,40.48195],[45.2969,40.4793],[45.29514,40.46606],[45.29631,40.46135],[45.30309,40.45752],[45.31015,40.45546],[45.33046,40.45399],[45.33576,40.45251],[45.34636,40.44751],[45.35077,40.44781],[45.3543,40.45045],[45.35842,40.45516],[45.3596,40.45929],[45.35489,40.46135],[45.35048,40.46753],[45.35166,40.4796],[45.35784,40.48872],[45.36873,40.48519],[45.37726,40.4793],[45.40611,40.46812],[45.43967,40.44162],[45.49089,40.38569],[45.52916,40.36509],[45.57007,40.3539],[45.58361,40.34537],[45.64926,40.27501],[45.66133,40.25264],[45.66633,40.22468],[45.66162,40.20113],[45.64867,40.18258],[45.63012,40.17081],[45.60805,40.16669],[45.56301,40.17169],[45.55653,40.16963],[45.50855,40.14608],[45.49118,40.15491],[45.46822,40.16345],[45.44409,40.1661],[45.42348,40.15668],[45.40435,40.14461],[45.3805,40.13931],[45.33046,40.13931],[45.28601,40.14755],[45.25422,40.16786],[45.23332,40.19966],[45.22066,40.24175],[45.22802,40.32388],[45.22655,40.37186],[45.20712,40.39982],[45.19829,40.39923],[45.1768,40.38864],[45.16591,40.38628],[45.15796,40.38864],[45.1406,40.39776],[45.12853,40.39982],[45.12499,40.40483],[45.12441,40.41601],[45.12499,40.4375],[45.12146,40.44957],[45.11292,40.45251],[45.10174,40.45193],[45.09085,40.45399],[45.08143,40.45987],[45.0567,40.48195],[45.03875,40.49638]]]]}},{"type":"Feature","properties":{"name":"Skadar","rank":6},"geometry":{"type":"MultiPolygon","coordinates":[[[[19.48058,42.11302],[19.47499,42.07211],[19.48235,42.06534],[19.42377,42.07181],[19.37196,42.088],[19.24774,42.14393],[19.22537,42.15836],[19.20829,42.17661],[19.19181,42.22341],[19.16767,42.23401],[19.10585,42.23577],[19.1194,42.24343],[19.1088,42.25491],[19.10674,42.26492],[19.10791,42.27463],[19.10585,42.28434],[19.09467,42.29406],[19.08231,42.30053],[19.07789,42.30583],[19.09143,42.31084],[19.10409,42.29759],[19.14589,42.2708],[19.15501,42.27698],[19.1659,42.27757],[19.17533,42.27286],[19.18092,42.26374],[19.20152,42.27139],[19.22743,42.27051],[19.32074,42.25432],[19.33723,42.2552],[19.34488,42.2708],[19.34017,42.26845],[19.32486,42.26374],[19.3175,42.28434],[19.34812,42.27846],[19.36519,42.28022],[19.37961,42.31025],[19.39669,42.32438],[19.41729,42.33497],[19.43466,42.3388],[19.41052,42.30465],[19.37844,42.26815],[19.36578,42.23106],[19.39934,42.19486],[19.41111,42.19015],[19.42642,42.1872],[19.43466,42.18132],[19.44055,42.1719],[19.4432,42.16307],[19.44908,42.15659],[19.46498,42.15394],[19.47852,42.14128],[19.48058,42.11302]]]]}},{"type":"Feature","properties":{"name":"","rank":6},"geometry":{"type":"MultiPolygon","coordinates":[[[[9.06598,47.72301],[9.10366,47.70064],[9.1275,47.67062],[9.01594,47.67916],[8.99739,47.67415],[8.9812,47.66238],[8.9447,47.65443],[8.90555,47.65207],[8.88112,47.65649],[8.91467,47.65649],[8.93528,47.66826],[8.9862,47.68651],[9.00475,47.70417],[8.95736,47.72831],[8.94617,47.73214],[8.94293,47.73391],[8.94323,47.73832],[8.94617,47.74333],[8.94941,47.74627],[8.95618,47.74745],[8.96148,47.7445],[8.96648,47.74097],[8.97119,47.73891],[8.9815,47.73832],[8.98915,47.73714],[9.00475,47.73214],[9.00475,47.73891],[8.98356,47.74627],[8.98356,47.75245],[9.06598,47.72301]]]]}},{"type":"Feature","properties":{"name":"","rank":6},"geometry":{"type":"MultiPolygon","coordinates":[[[[38.94776,60.80279],[38.95718,60.80691],[38.9669,60.80014],[38.98279,60.77276],[38.99516,60.76658],[39.00928,60.76217],[39.02018,60.75128],[39.02783,60.73744],[39.03283,60.73126],[39.06816,60.71419],[39.12114,60.70271],[39.16971,60.68593],[39.19061,60.65296],[39.19738,60.59085],[39.19385,60.5726],[39.17854,60.53727],[39.17707,60.51902],[39.18296,60.49959],[39.18914,60.48753],[39.18944,60.47575],[39.17707,60.4575],[39.1232,60.41953],[39.11496,60.40952],[39.10966,60.38862],[39.09612,60.39156],[39.07934,60.40069],[39.06374,60.39922],[39.04373,60.39215],[38.99692,60.40746],[38.97072,60.40952],[38.9928,60.42247],[39.02754,60.42512],[39.06021,60.43513],[39.07463,60.47134],[39.07287,60.49959],[39.06669,60.5202],[39.05403,60.53875],[39.01017,60.57966],[38.97955,60.60115],[38.946,60.61381],[38.91627,60.60822],[38.90979,60.59821],[38.90743,60.57113],[38.90273,60.55994],[38.88918,60.55052],[38.87829,60.55199],[38.87123,60.56141],[38.86829,60.57731],[38.87918,60.60321],[38.92157,60.6353],[38.92304,60.65679],[38.91303,60.66709],[38.89802,60.67415],[38.86829,60.68416],[38.85533,60.69211],[38.84385,60.70123],[38.82384,60.72155],[38.82236,60.73185],[38.83031,60.74333],[38.85121,60.76276],[38.86946,60.77394],[38.88712,60.77424],[38.90508,60.77129],[38.92304,60.77276],[38.93363,60.78071],[38.94776,60.80279]]]]}},{"type":"Feature","properties":{"name":"Loch Ness","rank":6},"geometry":{"type":"MultiPolygon","coordinates":[[[[-4.3401,57.38993],[-4.33804,57.38522],[-4.33745,57.37992],[-4.33775,57.37404],[-4.39662,57.34166],[-4.41561,57.31958],[-4.5176,57.23539],[-4.55366,57.22391],[-4.60459,57.18152],[-4.67082,57.14267],[-4.677,57.14855],[-4.67906,57.1568],[-4.66052,57.16445],[-4.49538,57.27101],[-4.46123,57.30575],[-4.45005,57.32282],[-4.44269,57.32959],[-4.43018,57.33224],[-4.41075,57.34018],[-4.34393,57.39435],[-4.3401,57.38993]]]]}},{"type":"Feature","properties":{"name":"","rank":7},"geometry":{"type":"MultiPolygon","coordinates":[[[[58.60864,51.87885],[58.60452,51.88444],[58.60422,51.89828],[58.6104,51.90181],[58.62836,51.89828],[58.64014,51.89209],[58.65456,51.87738],[58.66339,51.85942],[58.65897,51.84352],[58.71726,51.81762],[58.74699,51.81291],[58.762,51.82998],[58.75935,51.84176],[58.74257,51.85677],[58.7411,51.87031],[58.74699,51.88267],[58.7567,51.89209],[58.77907,51.90858],[58.78231,51.92006],[58.77584,51.93419],[58.76671,51.9492],[58.762,51.96333],[58.76347,51.96951],[58.76789,51.98305],[58.76877,51.991],[58.76671,51.99777],[58.762,52.00336],[58.75759,52.00778],[58.75523,52.01131],[58.75258,52.03839],[58.75523,52.04781],[58.77407,52.0693],[58.78113,52.08225],[58.78261,52.09697],[58.77584,52.11169],[58.80468,52.17174],[58.825,52.20029],[58.84413,52.19352],[58.8406,52.17027],[58.82882,52.15378],[58.81469,52.13818],[58.80321,52.11787],[58.80203,52.10816],[58.80439,52.08667],[58.80321,52.07695],[58.79733,52.06636],[58.7723,52.03898],[58.77407,52.02632],[58.80321,51.98776],[58.81057,51.9704],[58.80939,51.96156],[58.80439,51.94037],[58.80321,51.92918],[58.80645,51.9177],[58.8141,51.91211],[58.82294,51.9074],[58.8297,51.89828],[58.79556,51.89268],[58.7829,51.8706],[58.78702,51.84176],[58.81263,51.79908],[58.81675,51.79584],[58.82558,51.79819],[58.83854,51.81262],[58.84707,51.81615],[58.86797,51.81409],[58.89682,51.80467],[59.03694,51.79436],[59.05636,51.79908],[59.07726,51.78377],[59.12436,51.7923],[59.20031,51.81615],[59.19089,51.80673],[59.185,51.79731],[59.18677,51.78877],[59.20031,51.782],[59.20031,51.77523],[59.18147,51.7767],[59.15939,51.7823],[59.13849,51.78495],[59.12171,51.77876],[59.10435,51.76964],[59.08345,51.76934],[59.04283,51.77523],[59.02546,51.77317],[58.99367,51.76375],[58.95746,51.76022],[58.95039,51.75521],[58.94598,51.74638],[58.93332,51.73373],[58.92655,51.75404],[58.92066,51.76228],[58.91242,51.76846],[58.8977,51.77199],[58.88711,51.76934],[58.87622,51.76434],[58.8612,51.76169],[58.80792,51.76287],[58.78202,51.75934],[58.75523,51.74727],[58.74375,51.73284],[58.76494,51.72872],[58.79526,51.72607],[58.81057,51.71695],[58.7985,51.70105],[58.77024,51.69899],[58.71431,51.70635],[58.63601,51.69487],[58.62512,51.70341],[58.63395,51.71842],[58.65485,51.73432],[58.69312,51.75463],[58.71843,51.76081],[58.73021,51.76611],[58.73492,51.77523],[58.72874,51.78436],[58.71579,51.79083],[58.67664,51.79819],[58.6681,51.80408],[58.65574,51.81997],[58.64808,51.82645],[58.63072,51.83764],[58.62512,51.84352],[58.62188,51.85],[58.62188,51.85442],[58.62512,51.85883],[58.63189,51.86413],[58.60864,51.87885]]]]}},{"type":"Feature","properties":{"name":"Débo","rank":7},"geometry":{"type":"MultiPolygon","coordinates":[[[[-3.9954,15.31941],[-3.98892,15.30764],[-3.97951,15.28114],[-3.98996,15.28203],[-4.01041,15.28674],[-4.0213,15.28615],[-4.02381,15.28527],[-4.02837,15.28232],[-4.03117,15.28114],[-4.03381,15.28173],[-4.03867,15.28409],[-4.04117,15.28379],[-4.04412,15.28114],[-4.04633,15.27643],[-4.04883,15.2679],[-4.05839,15.26554],[-4.07105,15.27143],[-4.08253,15.28203],[-4.08857,15.29233],[-4.09475,15.2938],[-4.11285,15.30146],[-4.12168,15.30322],[-4.13302,15.3041],[-4.14391,15.30263],[-4.15141,15.29733],[-4.15289,15.29321],[-4.15156,15.29056],[-4.14891,15.28791],[-4.14685,15.2835],[-4.14685,15.27908],[-4.14803,15.27614],[-4.15289,15.27114],[-4.15539,15.26878],[-4.15833,15.26702],[-4.16054,15.26495],[-4.16157,15.26142],[-4.16098,15.25818],[-4.15715,15.25288],[-4.15627,15.24994],[-4.15877,15.24141],[-4.1654,15.23846],[-4.1729,15.2364],[-4.17864,15.23169],[-4.17894,15.22463],[-4.17717,15.2155],[-4.17791,15.20755],[-4.18512,15.20314],[-4.1913,15.2049],[-4.20484,15.21638],[-4.21087,15.2208],[-4.21485,15.22168],[-4.21868,15.22168],[-4.22221,15.22257],[-4.22515,15.22551],[-4.22633,15.22904],[-4.22589,15.23287],[-4.21662,15.26172],[-4.21632,15.26996],[-4.24531,15.26407],[-4.25621,15.26466],[-4.25238,15.27496],[-4.24281,15.28409],[-4.23133,15.29115],[-4.18482,15.31382],[-4.17481,15.32029],[-4.17364,15.32765],[-4.17717,15.3303],[-4.1888,15.33501],[-4.19365,15.33737],[-4.19733,15.3409],[-4.21117,15.35797],[-4.21647,15.36239],[-4.2228,15.36445],[-4.23104,15.36445],[-4.23899,15.3618],[-4.25282,15.35385],[-4.26092,15.35209],[-4.27078,15.35326],[-4.27254,15.35739],[-4.26548,15.37063],[-4.26254,15.37828],[-4.2615,15.38564],[-4.26195,15.3933],[-4.26504,15.4089],[-4.26666,15.43745],[-4.27093,15.4507],[-4.2802,15.47042],[-4.29698,15.49426],[-4.30389,15.50692],[-4.29035,15.50368],[-4.27873,15.49809],[-4.2462,15.47248],[-4.24164,15.46748],[-4.23855,15.46129],[-4.23766,15.45453],[-4.23869,15.44069],[-4.23722,15.43392],[-4.23251,15.42803],[-4.22706,15.42685],[-4.22074,15.42685],[-4.21397,15.42391],[-4.20955,15.41861],[-4.20293,15.40596],[-4.19763,15.40036],[-4.16569,15.38417],[-4.15259,15.37534],[-4.14538,15.3724],[-4.13728,15.37092],[-4.13199,15.37269],[-4.1286,15.3777],[-4.12477,15.39359],[-4.12124,15.3986],[-4.1158,15.3986],[-4.10814,15.393],[-4.09092,15.36798],[-4.08121,15.3568],[-4.06355,15.34944],[-4.0531,15.34061],[-4.00615,15.32883],[-3.9954,15.31941]]]]}},{"type":"Feature","properties":{"name":"","rank":7},"geometry":{"type":"MultiPolygon","coordinates":[[[[61.95144,46.25944],[61.96792,46.26385],[61.9691,46.25473],[61.9691,46.25031],[61.96792,46.2459],[61.96498,46.24266],[61.95821,46.23913],[61.95526,46.23677],[61.95379,46.23412],[61.94702,46.2141],[61.94496,46.21087],[61.94084,46.20674],[61.93583,46.20321],[61.93024,46.20027],[61.92465,46.1985],[61.91317,46.19585],[61.91052,46.19291],[61.91317,46.18673],[61.91494,46.18437],[61.9167,46.18172],[61.91729,46.17907],[61.91641,46.17584],[61.91435,46.17348],[61.9114,46.17142],[61.90846,46.16995],[61.90522,46.16877],[61.89933,46.16907],[61.88167,46.17584],[61.87814,46.17584],[61.87107,46.17466],[61.86754,46.17466],[61.8646,46.17584],[61.85577,46.18025],[61.84988,46.18202],[61.8437,46.18231],[61.8384,46.18055],[61.83487,46.17584],[61.83281,46.16995],[61.83016,46.16612],[61.82633,46.16318],[61.82074,46.16053],[61.81809,46.15847],[61.81662,46.15611],[61.81573,46.15052],[61.81426,46.14758],[61.80808,46.14051],[61.80514,46.1414],[61.80161,46.14728],[61.7966,46.15729],[61.79425,46.16112],[61.7913,46.16289],[61.78748,46.16347],[61.78306,46.16289],[61.76599,46.15788],[61.71447,46.1517],[61.68827,46.1517],[61.66237,46.15523],[61.65825,46.15523],[61.65207,46.15258],[61.6453,46.14728],[61.64029,46.1411],[61.6397,46.13492],[61.64824,46.12992],[61.66178,46.12933],[61.68651,46.13256],[61.69446,46.13198],[61.7024,46.12962],[61.70476,46.12609],[61.69711,46.12197],[61.6609,46.11167],[61.65442,46.10872],[61.65295,46.10666],[61.65413,46.10372],[61.65943,46.10136],[61.66649,46.10107],[61.74273,46.11903],[61.75009,46.11726],[61.75421,46.1099],[61.75333,46.10077],[61.74097,46.07458],[61.7601,46.07811],[61.776,46.07811],[61.78718,46.07634],[61.79513,46.07163],[61.79513,46.0628],[61.78247,46.04161],[61.77894,46.0263],[61.77658,46.02188],[61.77394,46.01982],[61.77099,46.01953],[61.75127,46.02277],[61.74479,46.02247],[61.73861,46.02071],[61.73066,46.01629],[61.72595,46.01011],[61.7183,45.99569],[61.69122,45.95948],[61.68592,45.95418],[61.68239,45.95242],[61.68062,45.9533],[61.67944,45.95624],[61.67856,45.98244],[61.67738,45.9895],[61.6712,45.99951],[61.66119,46.00393],[61.63794,46.00805],[61.62764,46.01246],[61.61792,46.01894],[61.60085,46.03425],[61.59349,46.04367],[61.57848,46.08017],[61.57583,46.08429],[61.56317,46.09813],[61.56111,46.10166],[61.56023,46.10519],[61.56376,46.11225],[61.57171,46.11696],[61.58849,46.12403],[61.5929,46.12786],[61.61675,46.1517],[61.63735,46.16759],[61.64088,46.17172],[61.64265,46.17613],[61.64235,46.18025],[61.63735,46.19173],[61.64147,46.1988],[61.65295,46.19968],[61.67621,46.19703],[61.68268,46.19762],[61.68886,46.19939],[61.69446,46.20174],[61.70859,46.21146],[61.7133,46.21322],[61.7186,46.21322],[61.72772,46.20881],[61.73979,46.20115],[61.75127,46.19585],[61.75922,46.19762],[61.76157,46.20292],[61.7654,46.22058],[61.76864,46.22588],[61.77276,46.22912],[61.77806,46.23088],[61.78424,46.23147],[61.80867,46.22853],[61.81691,46.22853],[61.82486,46.23],[61.83222,46.23265],[61.83928,46.23618],[61.86342,46.25326],[61.87049,46.2562],[61.87814,46.25767],[61.88579,46.25796],[61.90169,46.25679],[61.93495,46.25679],[61.95144,46.25944]]]]}},{"type":"Feature","properties":{"name":"","rank":7},"geometry":{"type":"MultiPolygon","coordinates":[[[[18.89038,49.94841],[18.91658,49.94605],[18.9413,49.93869],[18.93218,49.92456],[18.92306,49.92133],[18.89597,49.92486],[18.89097,49.92191],[18.88273,49.91514],[18.87184,49.90808],[18.85829,49.90455],[18.85829,49.91132],[18.86536,49.91132],[18.86536,49.91809],[18.84534,49.92515],[18.8056,49.91603],[18.78971,49.91809],[18.80737,49.92368],[18.82385,49.93133],[18.82032,49.93398],[18.81767,49.93869],[18.82709,49.93869],[18.83327,49.94046],[18.83828,49.94282],[18.84446,49.94488],[18.89038,49.94841]]]]}},{"type":"Feature","properties":{"name":"","rank":7},"geometry":{"type":"MultiPolygon","coordinates":[[[[-5.22157,39.81698],[-5.21127,39.80962],[-5.22628,39.79814],[-5.25278,39.78755],[-5.27677,39.78284],[-5.30297,39.78519],[-5.32784,39.79108],[-5.34933,39.79962],[-5.36625,39.81021],[-5.37759,39.80138],[-5.39054,39.79549],[-5.40334,39.79373],[-5.41394,39.79667],[-5.40025,39.80933],[-5.40673,39.81581],[-5.42027,39.81522],[-5.42763,39.80698],[-5.43513,39.79579],[-5.45147,39.79844],[-5.47487,39.81021],[-5.50284,39.81757],[-5.53345,39.82022],[-5.56068,39.81433],[-5.57849,39.79667],[-5.59144,39.79814],[-5.62147,39.78637],[-5.63663,39.78284],[-5.7529,39.79667],[-5.76262,39.79343],[-5.78499,39.7793],[-5.80074,39.77607],[-5.82355,39.77724],[-5.83459,39.77901],[-5.84533,39.78284],[-5.85372,39.79844],[-5.85902,39.80344],[-5.86653,39.80491],[-5.88286,39.80374],[-5.89008,39.80698],[-5.90038,39.81345],[-5.98457,39.84465],[-5.99561,39.85172],[-5.98854,39.85702],[-5.98221,39.8579],[-5.97574,39.85584],[-5.96823,39.85172],[-5.95719,39.85201],[-5.9488,39.85083],[-5.93467,39.84495],[-5.92819,39.84083],[-5.91215,39.82729],[-5.91053,39.82464],[-5.89081,39.82199],[-5.83915,39.80344],[-5.82134,39.8002],[-5.76644,39.80344],[-5.68093,39.79667],[-5.64222,39.79814],[-5.48091,39.85554],[-5.46487,39.85819],[-5.42954,39.85672],[-5.41335,39.86055],[-5.40025,39.87174],[-5.39937,39.87762],[-5.40334,39.88145],[-5.41394,39.88528],[-5.41394,39.89293],[-5.4029,39.8944],[-5.39908,39.89411],[-5.39289,39.89293],[-5.39054,39.89705],[-5.38789,39.8997],[-5.37921,39.90647],[-5.36949,39.8997],[-5.36199,39.89116],[-5.35625,39.88174],[-5.35198,39.87174],[-5.37509,39.86055],[-5.3636,39.84407],[-5.29811,39.80285],[-5.28633,39.79785],[-5.26941,39.79667],[-5.25616,39.80079],[-5.23364,39.81522],[-5.22157,39.81698]]]]}},{"type":"Feature","properties":{"name":"","rank":7},"geometry":{"type":"MultiPolygon","coordinates":[[[[11.21984,59.47697],[11.22249,59.47433],[11.22484,59.4705],[11.21366,59.44783],[11.19453,59.4181],[11.17274,59.3922],[11.15273,59.38131],[11.12711,59.3763],[11.0968,59.36482],[11.06765,59.34922],[11.04617,59.33391],[11.07148,59.33215],[11.07354,59.31802],[11.05676,59.30654],[11.02615,59.31301],[11.01143,59.3295],[11.01849,59.3451],[11.03881,59.35687],[11.0862,59.36747],[11.11711,59.38248],[11.14419,59.39926],[11.15596,59.41221],[11.16273,59.43076],[11.17951,59.45401],[11.19982,59.47462],[11.21807,59.48492],[11.21807,59.47992],[11.21984,59.47697]]]]}},{"type":"Feature","properties":{"name":"Øyeren","rank":7},"geometry":{"type":"MultiPolygon","coordinates":[[[[11.23191,59.74485],[11.22985,59.73719],[11.24722,59.67008],[11.24545,59.643],[11.21601,59.65183],[11.20542,59.67685],[11.19953,59.74985],[11.18834,59.76104],[11.1907,59.77987],[11.19099,59.79577],[11.18628,59.80961],[11.17451,59.82256],[11.12388,59.84552],[11.11299,59.8567],[11.10975,59.87407],[11.11092,59.88702],[11.10798,59.89821],[11.09267,59.91204],[11.05941,59.93294],[11.05087,59.94766],[11.05853,59.9665],[11.06353,59.96267],[11.07354,59.95738],[11.07884,59.95355],[11.0968,59.94649],[11.11122,59.93559],[11.13683,59.90851],[11.14596,59.90233],[11.16685,59.89556],[11.17834,59.88791],[11.18923,59.87289],[11.1957,59.86642],[11.20571,59.86347],[11.21072,59.85582],[11.22632,59.81873],[11.23191,59.79489],[11.24133,59.77899],[11.24339,59.77104],[11.24133,59.76074],[11.23191,59.74485]]]]}},{"type":"Feature","properties":{"name":"","rank":7},"geometry":{"type":"MultiPolygon","coordinates":[[[[16.40242,60.15578],[16.42685,60.15784],[16.43391,60.15637],[16.43303,60.1496],[16.41772,60.1443],[16.38152,60.1443],[16.36827,60.13871],[16.35826,60.13135],[16.3459,60.12634],[16.33177,60.1231],[16.31705,60.12163],[16.32176,60.13871],[16.32941,60.1493],[16.34207,60.15431],[16.40242,60.15578]]]]}},{"type":"Feature","properties":{"name":"","rank":7},"geometry":{"type":"MultiPolygon","coordinates":[[[[17.29875,60.38479],[17.26166,60.37567],[17.24577,60.36772],[17.23105,60.35801],[17.22487,60.35124],[17.21545,60.33681],[17.21015,60.33063],[17.19985,60.32769],[17.17159,60.33357],[17.15864,60.33387],[17.1554,60.33063],[17.14981,60.32357],[17.14274,60.3165],[17.13509,60.31356],[17.11684,60.31827],[17.10683,60.33004],[17.10859,60.34388],[17.12449,60.35506],[17.0821,60.35124],[17.05944,60.34564],[17.04943,60.33769],[17.04531,60.32445],[17.0247,60.28942],[17.01528,60.27882],[16.99791,60.27058],[16.98084,60.27146],[16.96288,60.27588],[16.94375,60.27882],[16.85809,60.27264],[16.86633,60.26057],[16.87104,60.25586],[16.8787,60.25145],[16.86898,60.24497],[16.83719,60.23231],[16.84896,60.22172],[16.84926,60.20876],[16.84043,60.19875],[16.82394,60.19669],[16.83042,60.19051],[16.82748,60.18227],[16.83336,60.17609],[16.84455,60.17197],[16.85809,60.1702],[16.85809,60.16255],[16.81629,60.16726],[16.80628,60.16166],[16.81658,60.14224],[16.80658,60.14459],[16.79775,60.14813],[16.79156,60.1546],[16.78921,60.16638],[16.78097,60.17167],[16.66204,60.18463],[16.63055,60.1805],[16.60376,60.16255],[16.58315,60.17108],[16.56461,60.16785],[16.54695,60.16049],[16.5287,60.15578],[16.50839,60.15754],[16.49573,60.1652],[16.48749,60.17668],[16.48072,60.19051],[16.50574,60.17992],[16.51604,60.17727],[16.53164,60.17638],[16.5443,60.17815],[16.55313,60.18256],[16.56049,60.18757],[16.56961,60.19051],[16.57962,60.18934],[16.58934,60.18551],[16.59846,60.18315],[16.62142,60.19346],[16.64556,60.19905],[16.68618,60.20435],[16.74653,60.19199],[16.7689,60.19669],[16.76448,60.207],[16.76154,60.21112],[16.77214,60.2223],[16.79922,60.22731],[16.80982,60.2382],[16.81217,60.25145],[16.80687,60.26057],[16.79804,60.26852],[16.78921,60.27882],[16.83866,60.27706],[16.88576,60.28324],[16.92903,60.29796],[17.04207,60.36801],[17.06679,60.37449],[17.12184,60.38008],[17.14568,60.38862],[17.14009,60.39186],[17.13744,60.3948],[17.13538,60.39804],[17.13185,60.40216],[17.20691,60.40952],[17.22487,60.41364],[17.23429,60.42336],[17.24253,60.43454],[17.25548,60.44367],[17.27314,60.44631],[17.31318,60.44337],[17.34791,60.4525],[17.38412,60.4575],[17.39943,60.46486],[17.385,60.47575],[17.36999,60.48282],[17.33732,60.49224],[17.35233,60.50813],[17.38029,60.51726],[17.40767,60.51726],[17.42003,60.50578],[17.41856,60.50195],[17.41827,60.49842],[17.41679,60.49518],[17.41238,60.49224],[17.42386,60.46339],[17.39236,60.43631],[17.34556,60.41658],[17.30994,60.40952],[17.31141,60.39333],[17.29875,60.38479]]]]}},{"type":"Feature","properties":{"name":"","rank":7},"geometry":{"type":"MultiPolygon","coordinates":[[[[30.02853,60.67327],[29.99615,60.65414],[29.84544,60.66444],[29.79922,60.65973],[29.76772,60.64913],[29.72328,60.65119],[29.67853,60.66091],[29.64468,60.67327],[29.63143,60.68151],[29.60347,60.71124],[29.5964,60.71684],[29.5964,60.71713],[29.59699,60.71772],[29.59729,60.71801],[29.63938,60.72214],[29.65881,60.72007],[29.67912,60.71124],[29.69502,60.69888],[29.7062,60.68828],[29.71886,60.68033],[29.74123,60.67651],[29.83013,60.68416],[29.87782,60.67621],[29.90225,60.67592],[29.9255,60.68416],[29.9049,60.70006],[29.88135,60.70918],[29.78627,60.72567],[29.77538,60.73126],[29.76625,60.74303],[29.76772,60.74981],[29.77332,60.75628],[29.77538,60.76658],[29.77508,60.78837],[29.77184,60.79661],[29.76154,60.80014],[29.74888,60.80191],[29.73711,60.80721],[29.73005,60.81604],[29.73063,60.82781],[29.73181,60.8337],[29.72887,60.84076],[29.73063,60.8443],[29.73652,60.84724],[29.74977,60.84606],[29.75477,60.84783],[29.76007,60.85136],[29.77155,60.85725],[29.77479,60.86019],[29.79569,60.84106],[29.78627,60.8337],[29.78303,60.82634],[29.78509,60.81839],[29.79245,60.80985],[29.79745,60.80102],[29.79775,60.79102],[29.79598,60.78101],[29.79569,60.77276],[29.8057,60.74863],[29.82159,60.7398],[29.87104,60.73126],[29.90519,60.7136],[29.92962,60.7083],[29.95023,60.69417],[29.95965,60.69005],[29.98791,60.6924],[30.04472,60.71036],[30.07651,60.71124],[30.26814,60.67945],[30.40355,60.64089],[30.42592,60.62882],[30.46478,60.58879],[30.48038,60.58025],[30.47773,60.57407],[30.45977,60.5779],[30.44211,60.58525],[30.42651,60.59497],[30.41532,60.60498],[30.37794,60.62735],[30.28374,60.64619],[30.24459,60.6662],[30.20162,60.67945],[30.12832,60.68681],[30.05944,60.68593],[30.02853,60.67327]]]]}},{"type":"Feature","properties":{"name":"","rank":7},"geometry":{"type":"MultiPolygon","coordinates":[[[[28.46104,59.32037],[28.47988,59.31625],[28.49313,59.30654],[28.48694,59.30153],[28.47046,59.29947],[28.3324,59.29947],[28.30473,59.29653],[28.29119,59.28446],[28.3012,59.25826],[28.27353,59.26209],[28.2594,59.2668],[28.25351,59.27504],[28.25587,59.28593],[28.2594,59.29417],[28.25822,59.30065],[28.24645,59.30683],[28.22526,59.3033],[28.18669,59.26739],[28.16403,59.25826],[28.15726,59.24943],[28.15078,59.22883],[28.1443,59.18644],[28.134,59.16936],[28.11104,59.15641],[28.08573,59.14905],[28.06924,59.14846],[28.08013,59.15376],[28.09102,59.16318],[28.09986,59.17437],[28.10339,59.18644],[28.10339,59.21676],[28.10633,59.22323],[28.11487,59.23501],[28.11693,59.24119],[28.1028,59.27416],[28.06983,59.26827],[28.03333,59.24796],[28.00713,59.23795],[27.9983,59.24354],[27.97593,59.2668],[27.96621,59.27504],[27.94649,59.27857],[27.93619,59.26709],[27.92795,59.25208],[27.91441,59.24472],[27.89792,59.23118],[27.88644,59.20174],[27.87084,59.1729],[27.84199,59.16142],[27.8729,59.23677],[27.89027,59.25826],[27.88173,59.27592],[27.90322,59.29064],[27.95915,59.30683],[28.07601,59.30565],[28.09632,59.31978],[28.07248,59.3192],[28.00007,59.33391],[28.03186,59.34216],[28.1131,59.34569],[28.15696,59.36423],[28.17698,59.35835],[28.22437,59.33215],[28.27471,59.31419],[28.32004,59.31095],[28.32917,59.31301],[28.33447,59.31714],[28.34388,59.33009],[28.34889,59.33391],[28.36302,59.33745],[28.3795,59.33951],[28.39569,59.33774],[28.42483,59.3189],[28.4425,59.31831],[28.46104,59.32037]]]]}},{"type":"Feature","properties":{"name":"","rank":7},"geometry":{"type":"MultiPolygon","coordinates":[[[[30.48038,46.15611],[30.48038,46.15611],[30.48038,46.15611],[30.48038,46.15611],[30.49127,46.14934],[30.49775,46.1464],[30.50099,46.14316],[30.50157,46.1358],[30.49804,46.12491],[30.49068,46.11667],[30.48362,46.11019],[30.48038,46.1046],[30.47537,46.0996],[30.45153,46.0837],[30.44299,46.08046],[30.43122,46.0837],[30.42298,46.09135],[30.36676,46.17525],[30.34115,46.20174],[30.30288,46.22382],[30.23223,46.24325],[30.21015,46.2456],[30.1922,46.25237],[30.12538,46.30506],[30.11419,46.32008],[30.11066,46.32743],[30.10889,46.33833],[30.11154,46.3448],[30.11537,46.35039],[30.11743,46.35775],[30.12861,46.37394],[30.20691,46.39632],[30.2181,46.39632],[30.22781,46.39337],[30.23547,46.38837],[30.24077,46.38219],[30.234,46.36276],[30.24312,46.34186],[30.2599,46.3242],[30.27491,46.3133],[30.29463,46.31036],[30.30141,46.32596],[30.30376,46.35039],[30.30935,46.37483],[30.32054,46.36129],[30.32701,46.34304],[30.32966,46.32272],[30.33025,46.30271],[30.33938,46.28976],[30.39855,46.26591],[30.40767,46.25914],[30.41268,46.25443],[30.41532,46.24825],[30.41856,46.23824],[30.41915,46.22941],[30.4168,46.22235],[30.41385,46.21528],[30.41238,46.20763],[30.42121,46.19468],[30.48038,46.15611]]]]}},{"type":"Feature","properties":{"name":"Siljan","rank":7},"geometry":{"type":"MultiPolygon","coordinates":[[[[15.06718,60.89228],[15.08278,60.88845],[15.09661,60.88197],[15.08543,60.86785],[15.05511,60.85077],[15.04893,60.83782],[15.03715,60.83488],[15.01095,60.83723],[14.98505,60.83488],[14.97328,60.81692],[14.96592,60.78218],[14.96415,60.76364],[14.97769,60.73155],[14.96798,60.72537],[14.95297,60.7292],[14.94531,60.74156],[14.93059,60.7501],[14.8782,60.75334],[14.88379,60.76658],[14.8938,60.76864],[14.92117,60.76452],[14.93177,60.76658],[14.93884,60.77453],[14.93825,60.78071],[14.93472,60.7866],[14.93177,60.79278],[14.92441,60.81339],[14.91234,60.82251],[14.89439,60.82369],[14.79666,60.81368],[14.77458,60.80691],[14.80137,60.77954],[14.77635,60.78071],[14.74338,60.79455],[14.72689,60.79278],[14.7263,60.78984],[14.73101,60.78042],[14.73013,60.7763],[14.72248,60.77188],[14.71571,60.77365],[14.70953,60.77748],[14.70276,60.77954],[14.69334,60.78395],[14.69157,60.79396],[14.69451,60.80515],[14.69952,60.81309],[14.65713,60.84518],[14.507,60.90258],[14.48404,60.92054],[14.47963,60.92289],[14.47786,60.93408],[14.47963,60.94467],[14.48552,60.94879],[14.4967,60.94085],[14.51319,60.93702],[14.53055,60.95027],[14.56176,60.98559],[14.55381,60.98647],[14.54144,60.9903],[14.53438,60.99177],[14.55815,61],[14.57526,61],[14.59561,60.99531],[14.62122,60.97617],[14.63741,60.95086],[14.65271,60.93879],[14.66832,60.93525],[14.70276,60.93731],[14.71806,60.93408],[14.74397,60.91995],[14.78253,60.91229],[14.86024,60.88698],[14.87702,60.87197],[14.89115,60.85607],[14.92265,60.86078],[14.97328,60.88197],[14.9771,60.88551],[14.97975,60.89022],[14.98387,60.89404],[14.99359,60.89581],[15.06718,60.89228]]]]}},{"type":"Feature","properties":{"name":"","rank":7},"geometry":{"type":"MultiPolygon","coordinates":[[[[31.42705,49.77061],[31.43088,49.79622],[31.44324,49.84361],[31.44059,49.86981],[31.42558,49.92574],[31.42794,49.9487],[31.44059,49.97961],[31.44059,50.01434],[31.46738,50.00404],[31.4821,50.0008],[31.48858,50.00375],[31.49417,50.01464],[31.50771,50.02141],[31.52331,50.0217],[31.53626,50.01434],[31.52655,49.99815],[31.54156,49.98344],[31.56393,49.96695],[31.57659,49.94488],[31.58101,49.8548],[31.59072,49.8289],[31.57983,49.82389],[31.57012,49.82625],[31.56011,49.83007],[31.54922,49.8289],[31.54215,49.82036],[31.52655,49.79357],[31.5186,49.78769],[31.47268,49.7609],[31.44118,49.75265],[31.42705,49.77061]]]]}},{"type":"Feature","properties":{"name":"","rank":7},"geometry":{"type":"MultiPolygon","coordinates":[[[[20.81876,41.11248],[20.80728,41.09394],[20.80581,41.07156],[20.8114,41.02005],[20.80551,40.99944],[20.79374,40.97678],[20.78608,40.95588],[20.79138,40.94116],[20.79138,40.93439],[20.7802,40.92909],[20.75135,40.92409],[20.72868,40.90937],[20.71367,40.90613],[20.67835,40.90642],[20.65951,40.91025],[20.65068,40.92055],[20.64832,40.93586],[20.64773,40.9547],[20.64479,40.97295],[20.63331,41.01622],[20.63566,41.03388],[20.65068,41.0539],[20.65451,41.06774],[20.65127,41.07097],[20.64391,41.07097],[20.63655,41.07274],[20.63331,41.08157],[20.65009,41.16517],[20.65451,41.17459],[20.66922,41.17959],[20.7225,41.17459],[20.749,41.16311],[20.75959,41.1534],[20.76371,41.13662],[20.77019,41.12867],[20.78608,41.12043],[20.80434,41.11425],[20.81876,41.11248]]]]}},{"type":"Feature","properties":{"name":"Como","rank":7},"geometry":{"type":"MultiPolygon","coordinates":[[[[8.84609,46.16907],[8.84785,46.1673],[8.84903,46.16495],[8.84167,46.15435],[8.78015,46.11755],[8.75336,46.0996],[8.74777,46.0943],[8.746,46.09253],[8.74483,46.09018],[8.74188,46.08341],[8.74188,46.06398],[8.74394,46.05338],[8.75277,46.02895],[8.75307,46.02718],[8.75336,46.01747],[8.75307,46.016],[8.75277,46.0157],[8.75219,46.01423],[8.75042,46.0107],[8.746,46.00393],[8.73806,45.99451],[8.73246,45.9898],[8.7201,45.98156],[8.64857,45.94506],[8.61884,45.92268],[8.61678,45.92033],[8.60795,45.90855],[8.60795,45.90826],[8.60795,45.90826],[8.60795,45.90767],[8.60736,45.90708],[8.60647,45.9059],[8.60618,45.90532],[8.60441,45.88265],[8.62149,45.84703],[8.62149,45.82702],[8.61825,45.81966],[8.61325,45.81406],[8.60736,45.80994],[8.58028,45.79846],[8.57498,45.79434],[8.57498,45.79434],[8.57498,45.79405],[8.57498,45.79405],[8.57292,45.7911],[8.57115,45.78786],[8.57027,45.78374],[8.57027,45.77903],[8.57056,45.77844],[8.57203,45.77638],[8.57203,45.7755],[8.57262,45.77432],[8.57674,45.76814],[8.57704,45.76755],[8.57763,45.76667],[8.6206,45.72546],[8.61854,45.72399],[8.61648,45.7234],[8.61442,45.7231],[8.61207,45.72222],[8.59411,45.72987],[8.5788,45.74194],[8.56615,45.75696],[8.55584,45.77344],[8.54878,45.7911],[8.55202,45.80052],[8.55997,45.80759],[8.56703,45.81848],[8.57439,45.85204],[8.56644,45.86999],[8.52111,45.89766],[8.51375,45.90502],[8.4955,45.92975],[8.49285,45.9377],[8.49432,45.93976],[8.49638,45.94123],[8.49874,45.94241],[8.50139,45.9427],[8.50374,45.943],[8.51463,45.94123],[8.54054,45.93299],[8.56026,45.9321],[8.59146,45.943],[8.6156,45.95506],[8.62708,45.9636],[8.6783,46.0104],[8.68772,46.01482],[8.69655,46.02041],[8.71362,46.03866],[8.71392,46.05191],[8.70685,46.06457],[8.70038,46.08105],[8.70008,46.0887],[8.70038,46.09165],[8.70038,46.09194],[8.71068,46.11049],[8.73335,46.1305],[8.76337,46.14934],[8.79516,46.16436],[8.83137,46.17172],[8.84108,46.17142],[8.84373,46.17024],[8.84609,46.16907]]]]}},{"type":"Feature","properties":{"name":"Garda","rank":7},"geometry":{"type":"MultiPolygon","coordinates":[[[[10.85512,45.8956],[10.86778,45.87971],[10.86984,45.86028],[10.86278,45.83761],[10.84806,45.81347],[10.78448,45.74342],[10.77623,45.73164],[10.7624,45.72104],[10.72001,45.67041],[10.71088,45.65216],[10.69205,45.59741],[10.68969,45.57592],[10.71088,45.58093],[10.71294,45.56533],[10.72531,45.52853],[10.73119,45.51823],[10.71824,45.48231],[10.71236,45.47407],[10.70559,45.45877],[10.70411,45.45376],[10.70088,45.44935],[10.69322,45.45111],[10.67998,45.45729],[10.65584,45.45936],[10.63052,45.46701],[10.61198,45.48143],[10.60845,45.50439],[10.60256,45.48114],[10.58313,45.47201],[10.55929,45.47437],[10.53898,45.48408],[10.54663,45.49085],[10.53839,45.49468],[10.53044,45.49703],[10.52131,45.49821],[10.5116,45.49821],[10.5116,45.50439],[10.51631,45.50469],[10.51925,45.50645],[10.52161,45.5091],[10.56753,45.5406],[10.57371,45.54914],[10.56753,45.5615],[10.55752,45.57239],[10.55546,45.58122],[10.57371,45.58711],[10.56782,45.59859],[10.55693,45.60565],[10.54221,45.6086],[10.52543,45.60801],[10.59108,45.63538],[10.60285,45.64216],[10.62817,45.66276],[10.71442,45.71722],[10.72943,45.73017],[10.76358,45.78698],[10.783,45.79993],[10.78771,45.80641],[10.82392,45.84379],[10.83157,45.85675],[10.83569,45.87088],[10.84188,45.88471],[10.85512,45.8956]]]]}},{"type":"Feature","properties":{"name":"","rank":8},"geometry":{"type":"MultiPolygon","coordinates":[[[[15.78454,58.51323],[15.76158,58.51087],[15.61146,58.48055],[15.60027,58.44729],[15.57466,58.452],[15.51491,58.48879],[15.52609,58.49998],[15.55582,58.51852],[15.55995,58.52471],[15.56083,58.53118],[15.56407,58.53677],[15.62441,58.54649],[15.95322,58.51852],[15.95322,58.51087],[15.85725,58.51087],[15.78454,58.51323]]]]}},{"type":"Feature","properties":{"name":"","rank":8},"geometry":{"type":"MultiPolygon","coordinates":[[[[15.10662,58.55208],[15.06394,58.54855],[15.04893,58.55208],[15.07513,58.57386],[15.09838,58.58152],[15.25557,58.56857],[15.28177,58.55944],[15.275,58.55208],[15.26146,58.55032],[15.23938,58.54119],[15.22672,58.53884],[15.1914,58.54031],[15.13076,58.55149],[15.10662,58.55208]]]]}},{"type":"Feature","properties":{"name":"","rank":8},"geometry":{"type":"MultiPolygon","coordinates":[[[[12.51592,60.95439],[12.49767,60.9747],[12.48345,61],[12.58594,61],[12.58804,60.99943],[12.56508,60.99265],[12.55714,60.99177],[12.54801,60.98912],[12.54801,60.98265],[12.5536,60.97146],[12.55419,60.95998],[12.55831,60.95115],[12.55684,60.94556],[12.54065,60.94467],[12.51592,60.95439]]]]}},{"type":"Feature","properties":{"name":"Lake Abbe","rank":8},"geometry":{"type":"MultiPolygon","coordinates":[[[[41.59439,11.40084],[41.61176,11.39259],[41.61765,11.37935],[41.60705,11.37287],[41.57379,11.36669],[41.56672,11.38465],[41.57643,11.3973],[41.59439,11.40084]]]]}},{"type":"Feature","properties":{"name":"Koka","rank":8},"geometry":{"type":"MultiPolygon","coordinates":[[[[39.11025,8.47633],[39.12821,8.47662],[39.13998,8.46926],[39.13998,8.45808],[39.11908,8.39744],[39.08847,8.33356],[39.07993,8.32149],[39.06669,8.30942],[39.04755,8.3212],[39.0031,8.33032],[38.98662,8.34092],[38.98368,8.35064],[38.98897,8.35741],[38.99722,8.36241],[39.00222,8.36741],[39.00193,8.37477],[38.99633,8.3836],[38.99839,8.3892],[39.01046,8.40038],[39.02312,8.40391],[39.03519,8.4048],[39.0449,8.40804],[39.05462,8.4201],[39.06875,8.45248],[39.07934,8.46485],[39.092,8.47133],[39.11025,8.47633]]]]}},{"type":"Feature","properties":{"name":"Gummare","rank":8},"geometry":{"type":"MultiPolygon","coordinates":[[[[41.70301,11.52329],[41.69035,11.49915],[41.66592,11.51005],[41.64384,11.52947],[41.62736,11.55391],[41.62,11.57952],[41.62236,11.59659],[41.6306,11.60748],[41.64237,11.61072],[41.65474,11.6066],[41.67446,11.58658],[41.69418,11.55567],[41.70301,11.52329]]]]}},{"type":"Feature","properties":{"name":"","rank":8},"geometry":{"type":"MultiPolygon","coordinates":[[[[27.64506,49.47595],[27.66655,49.48125],[27.68657,49.4786],[27.69805,49.46565],[27.66302,49.46565],[27.65743,49.46212],[27.65419,49.46271],[27.6433,49.44505],[27.63152,49.41384],[27.62299,49.39706],[27.61298,49.39],[27.54439,49.39883],[27.47257,49.41737],[27.6065,49.41737],[27.61916,49.42297],[27.62328,49.43651],[27.62475,49.4524],[27.62976,49.46565],[27.64506,49.47595]]]]}},{"type":"Feature","properties":{"name":"Derg","rank":8},"geometry":{"type":"MultiPolygon","coordinates":[[[[-8.16816,53.07514],[-8.16492,53.07397],[-8.16168,53.07014],[-8.18155,53.06249],[-8.22085,53.05248],[-8.23748,53.04276],[-8.26898,53.00509],[-8.28473,52.99508],[-8.27369,52.97712],[-8.26677,52.96034],[-8.27089,52.94886],[-8.29209,52.94651],[-8.29209,52.94033],[-8.28738,52.93856],[-8.27855,52.93355],[-8.28723,52.92619],[-8.2968,52.92178],[-8.30754,52.91942],[-8.31946,52.91913],[-8.30666,52.90971],[-8.30077,52.90706],[-8.29209,52.90559],[-8.29209,52.89941],[-8.36141,52.90029],[-8.36656,52.89941],[-8.37421,52.89529],[-8.37642,52.89205],[-8.37716,52.88881],[-8.39717,52.86879],[-8.42955,52.82758],[-8.44913,52.81669],[-8.45222,52.82611],[-8.46223,52.83789],[-8.46341,52.84407],[-8.45708,52.8529],[-8.43426,52.86762],[-8.42941,52.87498],[-8.43603,52.89293],[-8.45296,52.8997],[-8.49755,52.89941],[-8.47562,52.91413],[-8.44633,52.92207],[-8.35376,52.93179],[-8.33389,52.94297],[-8.33153,52.96064],[-8.35052,52.98477],[-8.35243,52.99449],[-8.34257,53.00361],[-8.32888,53.01127],[-8.30121,53.02245],[-8.29341,53.02716],[-8.29179,53.0354],[-8.29209,53.05336],[-8.27796,53.0722],[-8.2444,53.07926],[-8.17537,53.07691],[-8.17154,53.07573],[-8.16816,53.07514]]]]}},{"type":"Feature","properties":{"name":"","rank":8},"geometry":{"type":"MultiPolygon","coordinates":[[[[-7.9752,53.85374],[-7.99772,53.86787],[-8.00611,53.87994],[-7.97682,53.87935],[-7.97211,53.87611],[-7.96799,53.87405],[-7.96475,53.8711],[-7.96255,53.86522],[-7.95578,53.86522],[-7.94842,53.86993],[-7.94209,53.86757],[-7.93752,53.86051],[-7.93591,53.85138],[-7.94003,53.83961],[-7.94915,53.83725],[-7.95843,53.84137],[-7.96255,53.84814],[-7.9752,53.85374]]]]}},{"type":"Feature","properties":{"name":"Ree","rank":8},"geometry":{"type":"MultiPolygon","coordinates":[[[[-7.86658,53.56084],[-7.85393,53.5579],[-7.83965,53.54966],[-7.88557,53.5373],[-7.90367,53.52699],[-7.90117,53.5164],[-7.90588,53.50815],[-7.91206,53.50197],[-7.91972,53.49785],[-7.92899,53.4952],[-7.92899,53.48843],[-7.90853,53.48843],[-7.90853,53.48137],[-7.91383,53.47813],[-7.91677,53.47518],[-7.91898,53.47165],[-7.92222,53.46782],[-7.90161,53.46724],[-7.89484,53.46782],[-7.89484,53.46106],[-7.95784,53.45458],[-7.97756,53.46135],[-7.97682,53.48843],[-7.983,53.48843],[-7.99228,53.47577],[-7.99861,53.49167],[-8.0042,53.52935],[-7.983,53.53612],[-7.99095,53.54142],[-7.99655,53.55643],[-8.0042,53.56291],[-8.01244,53.56173],[-8.01833,53.55496],[-8.02569,53.55201],[-8.0382,53.56291],[-8.03143,53.57026],[-8.04114,53.57026],[-8.04776,53.57174],[-8.05924,53.57703],[-8.05924,53.58469],[-8.05395,53.58763],[-8.04511,53.59499],[-8.0382,53.59823],[-8.04526,53.60706],[-8.05424,53.62502],[-8.05924,53.63179],[-8.05924,53.63914],[-8.04732,53.64827],[-8.03305,53.66299],[-8.01803,53.6727],[-8.0042,53.66652],[-8.01141,53.64209],[-8.01112,53.63296],[-8.0042,53.61825],[-7.98036,53.59322],[-7.97211,53.58086],[-7.97682,53.57026],[-7.97682,53.56291],[-7.95872,53.5529],[-7.95165,53.55054],[-7.939,53.54966],[-7.9256,53.55407],[-7.91133,53.56084],[-7.8997,53.56232],[-7.89484,53.54966],[-7.87939,53.55819],[-7.86658,53.56084]]]]}},{"type":"Feature","properties":{"name":"Allen","rank":8},"geometry":{"type":"MultiPolygon","coordinates":[[[[-8.04997,54.06185],[-8.05924,54.05685],[-8.06852,54.06391],[-8.0722,54.07892],[-8.07249,54.10836],[-8.07926,54.1222],[-8.09251,54.13927],[-8.09987,54.1534],[-8.08971,54.15929],[-8.05689,54.15487],[-8.04364,54.15664],[-8.03143,54.16694],[-8.01774,54.1531],[-8.02524,54.12249],[-8.02686,54.10659],[-8.02392,54.09776],[-8.0326,54.08776],[-8.04997,54.06185]]]]}},{"type":"Feature","properties":{"name":"Loch Lochy","rank":8},"geometry":{"type":"MultiPolygon","coordinates":[[[[-4.95812,56.93161],[-4.96916,56.9269],[-4.9749,56.93367],[-4.97416,56.94368],[-4.96518,56.94868],[-4.93369,56.96252],[-4.89924,56.99077],[-4.86466,57.01315],[-4.83581,57.0102],[-4.83905,57.00903],[-4.84184,57.00667],[-4.84479,57.00402],[-4.85494,56.99784],[-4.86436,56.99048],[-4.88247,56.97311],[-4.89159,56.96664],[-4.91441,56.9584],[-4.93133,56.94633],[-4.94943,56.93808],[-4.95812,56.93161]]]]}},{"type":"Feature","properties":{"name":"","rank":8},"geometry":{"type":"MultiPolygon","coordinates":[[[[-5.09559,6.31893],[-5.0794,6.31452],[-5.07071,6.29745],[-5.07822,6.21473],[-5.09514,6.20001],[-5.13326,6.22886],[-5.19493,6.30039],[-5.19008,6.3157],[-5.19994,6.32571],[-5.20892,6.33718],[-5.20112,6.35573],[-5.2045,6.35867],[-5.21024,6.36486],[-5.2148,6.36898],[-5.20597,6.36927],[-5.20126,6.36662],[-5.15976,6.27949],[-5.13959,6.25888],[-5.12944,6.26683],[-5.12399,6.25888],[-5.11958,6.24623],[-5.11236,6.23916],[-5.0975,6.24358],[-5.09176,6.25712],[-5.09456,6.27331],[-5.1056,6.28685],[-5.10044,6.28891],[-5.09647,6.29244],[-5.09191,6.29421],[-5.10471,6.31158],[-5.09559,6.31893]]]]}},{"type":"Feature","properties":{"name":"","rank":8},"geometry":{"type":"MultiPolygon","coordinates":[[[[2.5467,6.43845],[2.55494,6.42461],[2.55759,6.41048],[2.54552,6.4043],[2.51932,6.40077],[2.48017,6.38575],[2.45014,6.38252],[2.4366,6.38458],[2.41688,6.39459],[2.40216,6.39665],[2.37773,6.39547],[2.37685,6.40106],[2.3792,6.43315],[2.38156,6.4461],[2.38833,6.45493],[2.40216,6.45817],[2.41717,6.46347],[2.43189,6.47406],[2.44602,6.48172],[2.46015,6.47877],[2.46692,6.47583],[2.47987,6.47024],[2.49489,6.46847],[2.50843,6.472],[2.51726,6.46729],[2.52638,6.46052],[2.53492,6.45258],[2.5467,6.43845]]]]}},{"type":"Feature","properties":{"name":"Bolmen","rank":8},"geometry":{"type":"MultiPolygon","coordinates":[[[[13.80318,57.05377],[13.82114,57.0467],[13.8285,57.0311],[13.82408,57.01491],[13.82172,57.0102],[13.81437,57.00402],[13.79818,56.99843],[13.76638,56.97517],[13.76256,56.96458],[13.77404,56.94868],[13.76844,56.93779],[13.76874,56.91483],[13.76638,56.9004],[13.76108,56.88657],[13.75284,56.87215],[13.73577,56.84978],[13.69632,56.82299],[13.69456,56.81828],[13.68514,56.81357],[13.67307,56.80209],[13.66247,56.78855],[13.65659,56.77736],[13.66777,56.7703],[13.66336,56.76529],[13.65099,56.76294],[13.63686,56.76382],[13.64363,56.78354],[13.64216,56.79826],[13.63098,56.80444],[13.60949,56.79797],[13.61538,56.80827],[13.61685,56.81828],[13.61302,56.82652],[13.60272,56.83211],[13.60978,56.84212],[13.6195,56.84654],[13.63127,56.84919],[13.64363,56.85301],[13.63569,56.8536],[13.61685,56.86008],[13.63157,56.87421],[13.63834,56.88363],[13.64363,56.89422],[13.59565,56.88922],[13.58241,56.89422],[13.61685,56.91454],[13.61155,56.91954],[13.60272,56.93514],[13.63068,56.94986],[13.65835,57.00961],[13.68484,57.01756],[13.67778,57.0102],[13.69485,57.01815],[13.7028,57.02845],[13.69986,57.03993],[13.68484,57.05171],[13.73842,57.07555],[13.76108,57.07349],[13.76638,57.04494],[13.78257,57.05289],[13.80318,57.05377]]]]}},{"type":"Feature","properties":{"name":"Åsnen","rank":8},"geometry":{"type":"MultiPolygon","coordinates":[[[[14.83993,56.64313],[14.85524,56.62223],[14.86318,56.61281],[14.85641,56.59839],[14.84876,56.58956],[14.83934,56.58808],[14.8258,56.59603],[14.81756,56.60221],[14.81197,56.60486],[14.80637,56.6028],[14.79813,56.59603],[14.79165,56.5928],[14.78783,56.59692],[14.7843,56.6031],[14.77753,56.60604],[14.75662,56.5978],[14.76781,56.57808],[14.78959,56.55541],[14.80137,56.53775],[14.77753,56.54334],[14.76605,56.54805],[14.76104,56.55512],[14.7581,56.56306],[14.75162,56.56954],[14.73366,56.57867],[14.71424,56.55718],[14.70452,56.54923],[14.69216,56.54452],[14.68038,56.56866],[14.67656,56.5872],[14.66979,56.59014],[14.66096,56.59014],[14.65095,56.59309],[14.63829,56.6028],[14.62975,56.61311],[14.62504,56.62606],[14.62387,56.64372],[14.61562,56.67374],[14.59973,56.70318],[14.58913,56.73291],[14.5959,56.76382],[14.60149,56.76088],[14.60532,56.75764],[14.60768,56.75411],[14.61003,56.74999],[14.62711,56.71025],[14.63741,56.67492],[14.64064,56.67139],[14.65507,56.64637],[14.65448,56.64019],[14.66802,56.64195],[14.67685,56.64725],[14.67862,56.65579],[14.67155,56.66756],[14.68716,56.67463],[14.6954,56.6758],[14.7057,56.67492],[14.70128,56.70083],[14.70099,56.71554],[14.7057,56.72967],[14.7316,56.7126],[14.76516,56.67345],[14.78842,56.66138],[14.80519,56.66197],[14.81668,56.6605],[14.82933,56.65402],[14.83993,56.64313]]]]}},{"type":"Feature","properties":{"name":"Lake Foxen","rank":8},"geometry":{"type":"MultiPolygon","coordinates":[[[[12.21126,59.04603],[12.18477,59.0422],[12.18035,59.02807],[12.19742,58.99127],[12.18094,58.99804],[12.16769,59.00894],[12.15739,59.02277],[12.14915,59.03867],[12.16328,59.04338],[12.17034,59.05515],[12.17211,59.07075],[12.17005,59.08694],[12.16681,59.10107],[12.1621,59.11137],[12.15474,59.11932],[12.04318,59.18585],[12.01256,59.1938],[11.9896,59.21234],[11.95987,59.21999],[11.88981,59.24972],[11.87245,59.2774],[11.8486,59.33391],[11.83683,59.32626],[11.828,59.31625],[11.81387,59.293],[11.82387,59.26886],[11.8277,59.24914],[11.82741,59.20027],[11.83182,59.18703],[11.84183,59.18408],[11.8542,59.18408],[11.86538,59.17937],[11.86862,59.17348],[11.86773,59.16112],[11.86921,59.15523],[11.8854,59.13492],[11.89599,59.1152],[11.89658,59.1099],[11.88275,59.08694],[11.87627,59.07134],[11.87451,59.06163],[11.87598,59.03543],[11.88451,59.01512],[11.90159,58.9951],[11.91248,58.97567],[11.90335,58.95654],[11.92749,58.92622],[11.93102,58.91915],[11.92631,58.90561],[11.91542,58.91179],[11.90394,58.92563],[11.87362,58.98009],[11.85684,58.99274],[11.82741,58.99834],[11.83859,59.01247],[11.84006,59.02601],[11.83182,59.03749],[11.81387,59.04603],[11.83094,59.05868],[11.83123,59.07576],[11.82093,59.09165],[11.8071,59.10137],[11.84095,59.10254],[11.84948,59.11697],[11.84124,59.13787],[11.82446,59.15818],[11.81534,59.16407],[11.80533,59.16877],[11.79679,59.17525],[11.79356,59.18644],[11.79532,59.21735],[11.79356,59.2303],[11.77972,59.26503],[11.77766,59.27592],[11.77678,59.28534],[11.77501,59.29417],[11.76942,59.303],[11.7182,59.3501],[11.70407,59.36806],[11.75911,59.33215],[11.79002,59.31714],[11.81387,59.31978],[11.82652,59.34274],[11.82211,59.36835],[11.80857,59.3919],[11.79356,59.40839],[11.80916,59.41633],[11.8171,59.42252],[11.82005,59.43194],[11.82123,59.45019],[11.81916,59.45666],[11.81504,59.46196],[11.81416,59.46814],[11.82123,59.47727],[11.83329,59.48374],[11.84713,59.4858],[11.85626,59.48198],[11.85537,59.4705],[11.84183,59.45696],[11.8489,59.44312],[11.85125,59.42723],[11.85655,59.41398],[11.88716,59.40338],[11.9007,59.39396],[11.91101,59.39043],[11.91689,59.40221],[11.90895,59.43105],[11.91071,59.44253],[11.94398,59.42222],[11.9634,59.41575],[12.0052,59.40839],[12.0052,59.40221],[11.9534,59.40839],[11.9375,59.40221],[11.94309,59.38484],[11.93014,59.37277],[11.91218,59.36276],[11.90335,59.35069],[11.89982,59.34333],[11.88599,59.32891],[11.88628,59.32302],[11.89482,59.31655],[11.90011,59.31419],[11.90247,59.30919],[11.90453,59.28328],[11.90806,59.27857],[11.91454,59.27651],[11.93102,59.26709],[11.94456,59.26209],[11.95104,59.25826],[11.95663,59.25179],[11.96429,59.23707],[11.97135,59.2303],[11.98018,59.22588],[12.04847,59.20469],[12.06378,59.19703],[12.12678,59.15317],[12.15415,59.14434],[12.17181,59.13463],[12.18771,59.12315],[12.19742,59.11432],[12.20478,59.09577],[12.2039,59.06163],[12.21126,59.04603]]]]}},{"type":"Feature","properties":{"name":"Müritz","rank":8},"geometry":{"type":"MultiPolygon","coordinates":[[[[12.76702,53.43692],[12.78026,53.42397],[12.78703,53.4063],[12.78409,53.38894],[12.77261,53.38364],[12.7573,53.38217],[12.74259,53.3751],[12.70667,53.34772],[12.69784,53.33772],[12.71757,53.34449],[12.71374,53.33507],[12.70726,53.33006],[12.69961,53.33036],[12.69166,53.33772],[12.69048,53.3439],[12.69608,53.36009],[12.69784,53.36833],[12.69372,53.38864],[12.68342,53.39983],[12.66811,53.40306],[12.65693,53.40277],[12.65781,53.40719],[12.65693,53.41278],[12.64633,53.40012],[12.63485,53.39718],[12.62926,53.40218],[12.63632,53.41278],[12.62867,53.42514],[12.61571,53.43132],[12.59894,53.43162],[12.58157,53.42691],[12.58157,53.43368],[12.60571,53.44693],[12.63809,53.48784],[12.65693,53.50197],[12.65369,53.51021],[12.66576,53.51492],[12.68371,53.51463],[12.69784,53.50874],[12.66988,53.49785],[12.66458,53.49049],[12.72345,53.45105],[12.73552,53.44751],[12.75083,53.44487],[12.76702,53.43692]]]]}},{"type":"Feature","properties":{"name":"Schweriner","rank":8},"geometry":{"type":"MultiPolygon","coordinates":[[[[11.45268,53.75689],[11.49566,53.78103],[11.53393,53.79015],[11.52598,53.78309],[11.49183,53.76955],[11.49772,53.75365],[11.4989,53.73658],[11.49478,53.72186],[11.48477,53.71421],[11.48477,53.70803],[11.48771,53.6989],[11.48153,53.69478],[11.47005,53.69537],[11.45769,53.70067],[11.46387,53.68624],[11.47329,53.67623],[11.48153,53.66417],[11.48477,53.64268],[11.48889,53.63767],[11.50655,53.62619],[11.51214,53.61825],[11.51097,53.61265],[11.50567,53.60824],[11.4989,53.60706],[11.49183,53.61118],[11.47594,53.60618],[11.45739,53.60971],[11.43885,53.61736],[11.42413,53.6256],[11.42825,53.63414],[11.43679,53.64297],[11.4465,53.65004],[11.45445,53.65269],[11.45533,53.67918],[11.45769,53.68713],[11.43767,53.68713],[11.44326,53.70067],[11.42766,53.72716],[11.45268,53.75689]]]]}},{"type":"Feature","properties":{"name":"Upper Erne","rank":8},"geometry":{"type":"MultiPolygon","coordinates":[[[[-7.45845,54.19373],[-7.44859,54.17901],[-7.4349,54.16694],[-7.44432,54.16105],[-7.46051,54.15428],[-7.47773,54.15046],[-7.49009,54.1531],[-7.49303,54.16429],[-7.4898,54.17783],[-7.49259,54.18931],[-7.51379,54.19402],[-7.52453,54.19932],[-7.54013,54.22287],[-7.5547,54.22817],[-7.56986,54.23052],[-7.61313,54.24877],[-7.61313,54.25554],[-7.59562,54.2576],[-7.56883,54.27497],[-7.55103,54.27674],[-7.54661,54.26879],[-7.54234,54.26673],[-7.53763,54.26644],[-7.53174,54.2629],[-7.52836,54.2579],[-7.52527,54.25054],[-7.52365,54.24436],[-7.52438,54.24259],[-7.51438,54.23847],[-7.48935,54.23288],[-7.47655,54.22817],[-7.47846,54.22375],[-7.48141,54.21227],[-7.48347,54.20786],[-7.4686,54.20521],[-7.45845,54.19373]]]]}},{"type":"Feature","properties":{"name":"Bracciano","rank":9},"geometry":{"type":"MultiPolygon","coordinates":[[[[11.97694,42.63994],[11.98813,42.6314],[11.99961,42.62021],[11.99961,42.61285],[11.99313,42.60049],[11.9949,42.56105],[11.98519,42.54427],[11.9637,42.53573],[11.94103,42.5375],[11.91984,42.54603],[11.87039,42.5793],[11.85949,42.59284],[11.86155,42.61285],[11.87539,42.63199],[11.89393,42.64258],[11.94486,42.65348],[11.9634,42.647],[11.97694,42.63994]]]]}},{"type":"Feature","properties":{"name":"","rank":9},"geometry":{"type":"MultiPolygon","coordinates":[[[[21.03011,40.84225],[21.03041,40.8449],[21.03041,40.8449],[21.03011,40.84196],[21.03011,40.84225]]]]}},{"type":"Feature","properties":{"name":"","rank":9},"geometry":{"type":"MultiPolygon","coordinates":[[[[21.03041,40.84019],[21.031,40.8399],[21.03129,40.8396],[21.031,40.8396],[21.03041,40.84019]]]]}},{"type":"Feature","properties":{"name":"","rank":9},"geometry":{"type":"MultiPolygon","coordinates":[[[[21.03217,40.8396],[21.03453,40.8399],[21.036,40.8396],[21.03747,40.83872],[21.036,40.83931],[21.03453,40.8396],[21.03217,40.8396]]]]}},{"type":"Feature","properties":{"name":"","rank":9},"geometry":{"type":"MultiPolygon","coordinates":[[[[21.02423,40.8449],[21.00892,40.81664],[20.94504,40.78544],[20.92061,40.76248],[20.90766,40.77602],[20.91413,40.79015],[20.92326,40.79986],[20.93297,40.80811],[20.94121,40.81694],[20.9421,40.824],[20.94092,40.83313],[20.94063,40.84137],[20.94475,40.8449],[20.95181,40.84667],[20.96918,40.85844],[20.95387,40.8661],[20.93533,40.87758],[20.92679,40.89171],[20.94121,40.90642],[20.95063,40.88494],[20.97006,40.89259],[20.98449,40.91055],[20.97889,40.92055],[20.968,40.9232],[20.94121,40.94116],[20.92797,40.93998],[20.91737,40.94322],[20.90766,40.9547],[20.90648,40.96912],[20.91531,40.98178],[20.94475,41.00592],[20.96476,41.01593],[20.98596,41.01475],[21.03041,41.00268],[21.0307,41.00739],[21.02923,41.00857],[21.02658,41.00827],[21.02423,41.00945],[21.03158,41.01063],[21.03747,41.01004],[21.04218,41.00739],[21.04454,41.00268],[21.05837,40.9859],[21.06073,40.97707],[21.06632,40.97442],[21.07338,40.97324],[21.07898,40.96854],[21.09311,40.92468],[21.10282,40.91025],[21.11989,40.86198],[21.11548,40.84696],[21.10518,40.83548],[21.07898,40.81694],[21.07191,40.8293],[21.06249,40.83872],[21.04925,40.84431],[21.03041,40.8449],[21.02423,40.8449]]]]}},{"type":"Feature","properties":{"name":"","rank":9},"geometry":{"type":"MultiPolygon","coordinates":[[[[21.11636,40.79869],[21.12902,40.76837],[21.1302,40.76248],[21.12343,40.75748],[21.10341,40.73334],[21.09929,40.7251],[21.08575,40.71538],[21.01952,40.68653],[20.99626,40.68035],[20.99626,40.68801],[21.02011,40.69566],[21.0519,40.71126],[21.0778,40.73246],[21.08516,40.75542],[21.08045,40.76013],[21.05455,40.77308],[21.05072,40.77955],[21.05425,40.78397],[21.06514,40.79044],[21.07427,40.80045],[21.08487,40.80752],[21.09752,40.81105],[21.11312,40.81076],[21.11636,40.79869]]]]}},{"type":"Feature","properties":{"name":"","rank":9},"geometry":{"type":"MultiPolygon","coordinates":[[[[14.38749,51.6463],[14.39927,51.6672],[14.41752,51.6516],[14.40839,51.64512],[14.40074,51.63747],[14.39044,51.62393],[14.39426,51.61451],[14.39338,51.60627],[14.38749,51.60008],[14.37719,51.59655],[14.38749,51.6463]]]]}},{"type":"Feature","properties":{"name":"Lauwersmeer","rank":9},"geometry":{"type":"MultiPolygon","coordinates":[[[[6.21889,53.36362],[6.24715,53.36097],[6.26304,53.35185],[6.25127,53.34154],[6.21859,53.34007],[6.15325,53.34449],[6.14677,53.35479],[6.1503,53.36333],[6.15707,53.37157],[6.16767,53.4013],[6.18474,53.40689],[6.20682,53.40277],[6.2289,53.39276],[6.22065,53.38658],[6.21182,53.38452],[6.20329,53.38658],[6.19475,53.39276],[6.19563,53.37069],[6.21889,53.36362]]]]}},{"type":"Feature","properties":{"name":"","rank":9},"geometry":{"type":"MultiPolygon","coordinates":[[[[13.1912,52.51526],[13.19797,52.51526],[13.21916,52.50761],[13.2068,52.50025],[13.19797,52.487],[13.19296,52.4717],[13.1912,52.45698],[13.18914,52.4505],[13.18384,52.44079],[13.17736,52.43196],[13.17059,52.42636],[13.16323,52.43843],[13.14469,52.43873],[13.10259,52.43255],[13.11407,52.44197],[13.17677,52.46699],[13.18472,52.48229],[13.1912,52.51526]]]]}},{"type":"Feature","properties":{"name":"","rank":9},"geometry":{"type":"MultiPolygon","coordinates":[[[[12.84355,53.22115],[12.84915,53.21762],[12.8565,53.21467],[12.84208,53.21026],[12.81471,53.21438],[12.79999,53.20731],[12.79498,53.21614],[12.79351,53.22439],[12.79704,53.23116],[12.80764,53.23528],[12.80764,53.21467],[12.815,53.21673],[12.82972,53.22409],[12.83531,53.22821],[12.84355,53.22115]]]]}},{"type":"Feature","properties":{"name":"","rank":9},"geometry":{"type":"MultiPolygon","coordinates":[[[[12.48973,52.41488],[12.49296,52.41224],[12.49591,52.39163],[12.4909,52.37956],[12.47825,52.37161],[12.45823,52.36425],[12.43085,52.37102],[12.43085,52.37809],[12.43762,52.38044],[12.44322,52.38339],[12.44057,52.38869],[12.40907,52.39811],[12.38994,52.39899],[12.40407,52.40488],[12.45146,52.40576],[12.48973,52.41488]]]]}},{"type":"Feature","properties":{"name":"","rank":9},"geometry":{"type":"MultiPolygon","coordinates":[[[[12.94069,52.37397],[12.93127,52.39899],[12.92362,52.4087],[12.9139,52.41694],[12.89006,52.43255],[12.89801,52.43314],[12.9036,52.43166],[12.91126,52.42636],[12.94334,52.41312],[12.95158,52.40576],[12.94835,52.39457],[12.9507,52.38251],[12.95747,52.37191],[12.96571,52.36425],[12.94894,52.36543],[12.94069,52.37397]]]]}},{"type":"Feature","properties":{"name":"","rank":9},"geometry":{"type":"MultiPolygon","coordinates":[[[[12.98073,52.35307],[12.98544,52.35189],[12.99279,52.35071],[12.97366,52.34394],[12.93127,52.31657],[12.93687,52.33246],[12.94687,52.34895],[12.95924,52.35984],[12.97189,52.35807],[12.9766,52.35483],[12.98073,52.35307]]]]}},{"type":"Feature","properties":{"name":"","rank":9},"geometry":{"type":"MultiPolygon","coordinates":[[[[13.68102,52.44579],[13.68367,52.44579],[13.68543,52.44432],[13.68484,52.43932],[13.65129,52.43225],[13.63363,52.43166],[13.62332,52.43932],[13.62803,52.45021],[13.6454,52.45403],[13.66542,52.45256],[13.67778,52.44697],[13.68102,52.44579]]]]}},{"type":"Feature","properties":{"name":"","rank":9},"geometry":{"type":"MultiPolygon","coordinates":[[[[14.2147,52.08873],[14.2303,52.08637],[14.24649,52.08991],[14.24649,52.08373],[14.23766,52.08225],[14.23148,52.0799],[14.22618,52.07578],[14.21912,52.06959],[14.22618,52.06047],[14.22736,52.0484],[14.22294,52.03692],[14.21264,52.02839],[14.20852,52.03133],[14.20499,52.0328],[14.19233,52.03545],[14.19645,52.02956],[14.19881,52.02279],[14.19704,52.0172],[14.1888,52.01484],[14.18291,52.01985],[14.18497,52.03074],[14.18968,52.04045],[14.19233,52.04281],[14.19763,52.07401],[14.19616,52.08843],[14.18497,52.09727],[14.18497,52.10433],[14.21264,52.11169],[14.20675,52.09727],[14.2147,52.08873]]]]}},{"type":"Feature","properties":{"name":"Dąbie","rank":9},"geometry":{"type":"MultiPolygon","coordinates":[[[[14.70423,53.46753],[14.71159,53.46017],[14.71482,53.45134],[14.7057,53.43986],[14.66508,53.43427],[14.65271,53.4275],[14.67155,53.41278],[14.66302,53.40836],[14.65271,53.4063],[14.64182,53.40748],[14.63064,53.41278],[14.63417,53.41719],[14.63535,53.42073],[14.63594,53.42573],[14.63741,53.43368],[14.63064,53.42691],[14.60768,53.4431],[14.60974,53.45664],[14.62387,53.46164],[14.63741,53.4537],[14.64683,53.46635],[14.64859,53.48195],[14.64771,53.49903],[14.65213,53.52464],[14.65124,53.53082],[14.65271,53.53465],[14.66155,53.53612],[14.67685,53.53612],[14.68156,53.53406],[14.68568,53.52935],[14.68686,53.51963],[14.69069,53.51168],[14.69716,53.50609],[14.7057,53.50197],[14.69981,53.48107],[14.69952,53.4746],[14.70423,53.46753]]]]}},{"type":"Feature","properties":{"name":"Ebeyty Lake","rank":9},"geometry":{"type":"MultiPolygon","coordinates":[[[[71.7882,54.67972],[71.80321,54.65823],[71.80881,54.63969],[71.79586,54.61791],[71.76701,54.60849],[71.73374,54.6076],[71.70666,54.61172],[71.68635,54.62114],[71.66634,54.63704],[71.65279,54.65735],[71.65191,54.68002],[71.6684,54.69827],[71.69666,54.71034],[71.72668,54.71416],[71.74817,54.70798],[71.76819,54.69856],[71.7882,54.67972]]]]}},{"type":"Feature","properties":{"name":"Ik","rank":9},"geometry":{"type":"MultiPolygon","coordinates":[[[[71.62454,56.08207],[71.63013,56.07883],[71.63896,56.07177],[71.63248,56.05175],[71.62777,56.04174],[71.6213,56.03762],[71.611,56.03674],[71.58244,56.03174],[71.55153,56.0182],[71.52151,56.01496],[71.49207,56.0179],[71.47029,56.02762],[71.46617,56.03586],[71.46705,56.04646],[71.47029,56.05676],[71.48,56.07707],[71.48442,56.08178],[71.50797,56.08472],[71.60099,56.0909],[71.62454,56.08207]]]]}},{"type":"Feature","properties":{"name":"Ozero Bolshoy Uvat","rank":9},"geometry":{"type":"MultiPolygon","coordinates":[[[[70.64283,57.53653],[70.61693,57.53152],[70.56836,57.53447],[70.55452,57.53152],[70.54422,57.52387],[70.53097,57.50415],[70.52126,57.49738],[70.49388,57.49178],[70.3414,57.48766],[70.31373,57.49296],[70.29166,57.50738],[70.28312,57.52416],[70.28312,57.54359],[70.29224,57.55949],[70.31226,57.56626],[70.57572,57.57921],[70.62605,57.59157],[70.65284,57.59393],[70.66432,57.58274],[70.66314,57.56596],[70.65726,57.54918],[70.64283,57.53653]]]]}},{"type":"Feature","properties":{"name":"Ozero Bolshoy Shishkarym","rank":9},"geometry":{"type":"MultiPolygon","coordinates":[[[[68.59582,57.86033],[68.58699,57.84266],[68.58199,57.82353],[68.58228,57.80381],[68.58876,57.78468],[68.57345,57.77908],[68.55638,57.77702],[68.5399,57.78085],[68.52694,57.79233],[68.53312,57.79468],[68.54166,57.80175],[68.54725,57.80528],[68.50575,57.82],[68.4875,57.83295],[68.48573,57.85385],[68.50074,57.86857],[68.52547,57.87652],[68.57551,57.88034],[68.58228,57.87534],[68.58758,57.87033],[68.59582,57.86033]]]]}},{"type":"Feature","properties":{"name":"Ozero Andreyevskoye","rank":9},"geometry":{"type":"MultiPolygon","coordinates":[[[[66.95975,58.91768],[66.98624,58.90944],[66.99949,58.90208],[66.97564,58.89384],[66.79314,58.88825],[66.77607,58.9062],[66.76871,58.92063],[66.77724,58.93122],[66.80697,58.93623],[66.8735,58.93711],[66.90235,58.94329],[66.92648,58.96007],[66.93502,58.96802],[66.94356,58.97332],[66.95386,58.97626],[66.96828,58.97714],[66.98212,58.97302],[66.99066,58.9639],[66.99154,58.95477],[66.98153,58.95036],[66.97241,58.94741],[66.95975,58.94005],[66.94944,58.93152],[66.94738,58.92563],[66.95975,58.91768]]]]}},{"type":"Feature","properties":{"name":"Ozero Tuman","rank":9},"geometry":{"type":"MultiPolygon","coordinates":[[[[66.34453,59.6112],[66.36866,59.60355],[66.37691,59.59707],[66.36808,59.58736],[66.35719,59.58736],[66.34364,59.59266],[66.32922,59.59619],[66.30302,59.58501],[66.28389,59.58648],[66.26505,59.59237],[66.2521,59.6009],[66.24356,59.61091],[66.22384,59.62445],[66.21795,59.63564],[66.28624,59.63564],[66.27977,59.648],[66.26946,59.6583],[66.2574,59.66566],[66.24444,59.66978],[66.25004,59.68244],[66.25681,59.68568],[66.28418,59.68097],[66.30597,59.67184],[66.32039,59.66978],[66.36572,59.67037],[66.36778,59.66272],[66.35424,59.64182],[66.33893,59.62857],[66.33687,59.62151],[66.34453,59.6112]]]]}},{"type":"Feature","properties":{"name":"Yakhtur","rank":9},"geometry":{"type":"MultiPolygon","coordinates":[[[[67.26059,59.81579],[67.28796,59.80136],[67.30739,59.78046],[67.3071,59.75868],[67.29385,59.75574],[67.27325,59.75897],[67.25352,59.75927],[67.24499,59.74838],[67.24204,59.73248],[67.23351,59.72395],[67.22026,59.72336],[67.20407,59.7313],[67.19024,59.73543],[67.17669,59.73749],[67.16521,59.74131],[67.15697,59.75191],[67.15609,59.76398],[67.16109,59.77487],[67.16728,59.78341],[67.17081,59.78959],[67.1764,59.81844],[67.192,59.82109],[67.21378,59.81432],[67.23822,59.81667],[67.26059,59.81579]]]]}},{"type":"Feature","properties":{"name":"Leushinsky Tuman","rank":9},"geometry":{"type":"MultiPolygon","coordinates":[[[[65.72312,59.71482],[65.75256,59.7107],[65.76551,59.69333],[65.76345,59.67332],[65.75639,59.64888],[65.74167,59.63358],[65.71694,59.64182],[65.6931,59.65271],[65.6407,59.66625],[65.59125,59.69363],[65.55534,59.70069],[65.16678,59.72012],[65.1553,59.72395],[65.14705,59.73042],[65.13911,59.73955],[65.12998,59.74808],[65.11762,59.75191],[65.06198,59.75014],[65.04874,59.75515],[65.01135,59.77899],[65.02018,59.79636],[65.04962,59.80284],[65.08376,59.80166],[65.12086,59.794],[65.16089,59.79224],[65.16943,59.78959],[65.1653,59.77781],[65.15824,59.77045],[65.15677,59.76339],[65.16943,59.75191],[65.17796,59.74985],[65.19857,59.7522],[65.20681,59.74838],[65.21299,59.7419],[65.21829,59.73896],[65.22535,59.73808],[65.36606,59.73955],[65.38402,59.7369],[65.39874,59.72748],[65.41492,59.721],[65.43759,59.72277],[65.47792,59.7313],[65.4579,59.7419],[65.44995,59.74485],[65.53856,59.74779],[65.56682,59.74485],[65.64394,59.71453],[65.66955,59.71011],[65.72312,59.71482]]]]}},{"type":"Feature","properties":{"name":"Ozero Tursuntskiy Tuman","rank":9},"geometry":{"type":"MultiPolygon","coordinates":[[[[64.07145,60.49783],[64.04113,60.50695],[63.98343,60.53934],[63.96371,60.54375],[63.95871,60.53875],[63.95753,60.52874],[63.94987,60.51902],[63.93545,60.51314],[63.91838,60.51108],[63.9016,60.51255],[63.88717,60.51902],[63.87334,60.54552],[63.86745,60.55317],[63.85803,60.55788],[63.84508,60.56318],[63.83272,60.56995],[63.82624,60.58025],[63.83625,60.59791],[63.87893,60.61675],[63.87363,60.63559],[63.89012,60.6406],[63.91072,60.63942],[63.92809,60.63206],[63.93545,60.61822],[63.94428,60.60704],[63.98608,60.59144],[64.0008,60.58408],[64.00963,60.57113],[64.02111,60.54404],[64.03171,60.53315],[64.04966,60.52609],[64.0897,60.51755],[64.10707,60.50578],[64.07145,60.49783]]]]}},{"type":"Feature","properties":{"name":"Ozero Syrkovoye","rank":9},"geometry":{"type":"MultiPolygon","coordinates":[[[[65.05698,60.60998],[65.03166,60.59497],[65.00605,60.59026],[64.99016,60.60144],[64.98604,60.61263],[64.97927,60.6197],[64.96337,60.62882],[64.96013,60.63294],[64.96072,60.63647],[64.95925,60.63942],[64.95042,60.64295],[64.94306,60.64295],[64.92481,60.63706],[64.91568,60.63559],[64.89625,60.6403],[64.86976,60.65266],[64.84592,60.66827],[64.83385,60.68416],[64.9042,60.72066],[64.92981,60.72508],[64.94806,60.72537],[64.95631,60.72331],[64.96337,60.71801],[64.96631,60.71154],[64.96455,60.70624],[64.96249,60.70182],[64.96337,60.6977],[64.96749,60.69299],[64.96808,60.69064],[64.96985,60.68858],[64.97721,60.68416],[64.98427,60.68239],[65.01135,60.68416],[65.03696,60.67739],[65.05992,60.66532],[65.07376,60.64884],[65.07317,60.62882],[65.05698,60.60998]]]]}},{"type":"Feature","properties":{"name":"","rank":9},"geometry":{"type":"MultiPolygon","coordinates":[[[[69.56104,60.61116],[69.57429,60.62058],[69.60255,60.62146],[69.60019,60.60616],[69.60019,60.58584],[69.59548,60.56759],[69.56546,60.55258],[69.56458,60.5361],[69.56163,60.51961],[69.54103,60.51196],[69.49775,60.50342],[69.41798,60.46604],[69.37736,60.4575],[69.26756,60.44808],[69.24372,60.43955],[69.23253,60.4369],[69.1872,60.43955],[69.17131,60.4369],[69.13687,60.42336],[69.12274,60.421],[69.06651,60.42306],[69.05562,60.4213],[69.0462,60.41717],[69.03384,60.40952],[69.02707,60.40069],[69.02618,60.39186],[69.02383,60.38656],[69.01294,60.38862],[69.00263,60.39981],[68.99969,60.416],[69.00499,60.43071],[69.02,60.4369],[69.14717,60.45309],[69.302,60.49224],[69.37559,60.49989],[69.39443,60.50901],[69.41092,60.51961],[69.44742,60.53345],[69.4798,60.55258],[69.52219,60.56082],[69.54103,60.57407],[69.56104,60.61116]]]]}},{"type":"Feature","properties":{"name":"Ozero Enetor","rank":9},"geometry":{"type":"MultiPolygon","coordinates":[[[[68.3568,60.17432],[68.33973,60.17815],[68.32736,60.18374],[68.34738,60.23643],[68.35857,60.24527],[68.38712,60.24379],[68.40979,60.2382],[68.42833,60.22613],[68.44482,60.20435],[68.43039,60.19434],[68.40007,60.18875],[68.38624,60.17992],[68.37387,60.17432],[68.3568,60.17432]]]]}},{"type":"Feature","properties":{"name":"Ozero Ergipskiy Sor","rank":9},"geometry":{"type":"MultiPolygon","coordinates":[[[[69.12568,60.67592],[69.08918,60.67651],[68.98998,60.66267],[68.95819,60.66297],[68.92993,60.67268],[68.92728,60.6874],[68.93935,60.70477],[68.95524,60.72155],[68.96349,60.72861],[68.97614,60.73597],[68.98792,60.73774],[69.00087,60.71566],[69.01794,60.72007],[69.04826,60.73862],[69.08859,60.75128],[69.11567,60.75451],[69.13392,60.74863],[69.13687,60.74039],[69.13687,60.72243],[69.1404,60.71478],[69.15158,60.7083],[69.16807,60.70447],[69.18514,60.70388],[69.19898,60.70771],[69.20869,60.71389],[69.22253,60.72537],[69.23253,60.73126],[69.24225,60.73479],[69.25255,60.73715],[69.27433,60.73862],[69.3385,60.72802],[69.36294,60.73126],[69.41975,60.75569],[69.44153,60.75923],[69.4536,60.75952],[69.46302,60.75864],[69.46537,60.75363],[69.45507,60.74156],[69.4486,60.73715],[69.42887,60.72684],[69.42122,60.72508],[69.40091,60.72331],[69.34675,60.71213],[69.32879,60.70388],[69.31819,60.68652],[69.32261,60.66915],[69.34233,60.63559],[69.33291,60.63471],[69.32526,60.63647],[69.31878,60.6403],[69.31172,60.64619],[69.30318,60.64854],[69.24578,60.63942],[69.23106,60.6297],[69.22782,60.61616],[69.24048,60.60144],[69.23459,60.59526],[69.22988,60.59468],[69.22488,60.59732],[69.21899,60.60144],[69.20839,60.60704],[69.19279,60.62352],[69.18543,60.62882],[69.1716,60.63118],[69.161,60.62882],[69.15099,60.62205],[69.1404,60.61175],[69.12892,60.60674],[69.12274,60.61499],[69.12185,60.62853],[69.12686,60.63942],[69.13893,60.6456],[69.18543,60.64913],[69.27993,60.67415],[69.29464,60.68711],[69.292,60.70006],[69.28464,60.70977],[69.27374,60.71595],[69.2605,60.71801],[69.2549,60.71713],[69.24843,60.71448],[69.24284,60.71095],[69.24048,60.70771],[69.23695,60.69711],[69.22841,60.69505],[69.21222,60.6977],[69.15865,60.68416],[69.1404,60.67798],[69.12568,60.67592]]]]}},{"type":"Feature","properties":{"name":"Qiyakty Lake","rank":9},"geometry":{"type":"MultiPolygon","coordinates":[[[[69.29023,50.04702],[69.30289,50.04496],[69.30818,50.03083],[69.30818,50.02406],[69.30583,50.01641],[69.29906,50.01022],[69.28434,50.00758],[69.27374,50.00375],[69.26285,49.98609],[69.25373,49.97961],[69.2393,49.97814],[69.19868,49.98226],[69.18543,49.98638],[69.17072,50.00257],[69.15659,50.02818],[69.15512,50.04996],[69.17808,50.05467],[69.21458,50.03819],[69.22253,50.0376],[69.23312,50.04525],[69.24136,50.04555],[69.2502,50.0429],[69.26403,50.04113],[69.29023,50.04702]]]]}},{"type":"Feature","properties":{"name":"Kere","rank":9},"geometry":{"type":"MultiPolygon","coordinates":[[[[68.73947,50.17889],[68.75331,50.16447],[68.7592,50.1418],[68.75478,50.12473],[68.74242,50.11237],[68.72534,50.10324],[68.69885,50.09736],[68.6809,50.10324],[68.66382,50.11266],[68.64027,50.11737],[68.63026,50.12473],[68.63409,50.14092],[68.64763,50.15711],[68.66735,50.16447],[68.71622,50.17713],[68.73947,50.17889]]]]}},{"type":"Feature","properties":{"name":"Kozha-Kul' Lake","rank":9},"geometry":{"type":"MultiPolygon","coordinates":[[[[69.16601,50.91274],[69.16424,50.91804],[69.15247,50.91951],[69.13539,50.90833],[69.1195,50.90509],[69.10861,50.91039],[69.10036,50.92305],[69.09919,50.93659],[69.10919,50.94601],[69.10448,50.95101],[69.09595,50.96661],[69.10301,50.97015],[69.10949,50.97132],[69.11597,50.97015],[69.12274,50.96661],[69.13775,50.96396],[69.17808,50.94601],[69.19957,50.94424],[69.21016,50.94925],[69.21782,50.95631],[69.22929,50.95955],[69.24048,50.95543],[69.2811,50.93188],[69.28169,50.91863],[69.27345,50.90803],[69.25961,50.90097],[69.24372,50.89832],[69.2184,50.91157],[69.20457,50.91598],[69.19839,50.90833],[69.19544,50.90274],[69.18867,50.89685],[69.18072,50.89243],[69.17454,50.89096],[69.16601,50.89449],[69.16483,50.90333],[69.16601,50.91274]]]]}},{"type":"Feature","properties":{"name":"Aike","rank":9},"geometry":{"type":"MultiPolygon","coordinates":[[[[61.5408,51.00046],[61.63294,51.00076],[61.63323,50.96985],[61.62911,50.95101],[61.61351,50.94189],[61.52844,50.93188],[61.51696,50.93188],[61.49988,50.93953],[61.49782,50.94807],[61.50754,50.95572],[61.52431,50.95955],[61.504,50.9778],[61.49841,50.98663],[61.49635,51.00076],[61.49046,51.01283],[61.49076,51.01872],[61.49988,51.02107],[61.5149,51.02078],[61.52137,51.01813],[61.52431,51.01165],[61.5408,51.00046]]]]}},{"type":"Feature","properties":{"name":"Saryqopa Lake","rank":9},"geometry":{"type":"MultiPolygon","coordinates":[[[[64.23188,50.35021],[64.24453,50.36375],[64.25984,50.3508],[64.25454,50.33962],[64.22422,50.32225],[64.21215,50.31342],[64.20362,50.30371],[64.17565,50.26043],[64.15358,50.23423],[64.12738,50.21628],[64.1,50.21981],[64.1103,50.23129],[64.13562,50.24895],[64.14769,50.26073],[64.15358,50.27132],[64.16888,50.31548],[64.15063,50.30812],[64.13003,50.28928],[64.09676,50.25013],[64.08499,50.2413],[64.0794,50.24395],[64.07822,50.25249],[64.07969,50.26073],[64.08705,50.26985],[64.09588,50.27456],[64.1,50.28133],[64.09323,50.29487],[64.09912,50.29899],[64.09794,50.30371],[64.09323,50.3093],[64.09794,50.32431],[64.0841,50.33785],[64.07498,50.35051],[64.09323,50.36375],[64.09323,50.37053],[64.07351,50.36994],[64.06026,50.36641],[64.0529,50.36847],[64.05173,50.38377],[64.0532,50.38995],[64.05673,50.3929],[64.06114,50.39466],[64.06585,50.39731],[64.06644,50.40026],[64.06526,50.40879],[64.06585,50.41144],[64.07263,50.41439],[64.07822,50.4135],[64.08293,50.41144],[64.08646,50.41144],[64.1106,50.43323],[64.12561,50.44088],[64.14151,50.43823],[64.1524,50.42587],[64.15122,50.41203],[64.13474,50.38377],[64.15505,50.3823],[64.16888,50.39643],[64.17241,50.41762],[64.16152,50.43823],[64.18389,50.44883],[64.20126,50.44353],[64.21274,50.42616],[64.21686,50.40114],[64.21569,50.38936],[64.21039,50.36582],[64.21009,50.3564],[64.20479,50.34256],[64.20597,50.33667],[64.21716,50.33932],[64.22452,50.34403],[64.23188,50.35021]]]]}},{"type":"Feature","properties":{"name":"","rank":9},"geometry":{"type":"MultiPolygon","coordinates":[[[[64.18272,50.21245],[64.17418,50.20362],[64.16976,50.1945],[64.17212,50.18596],[64.18272,50.17889],[64.17389,50.16653],[64.1521,50.14681],[64.14769,50.13386],[64.14239,50.12473],[64.1159,50.10825],[64.10707,50.09618],[64.15681,50.11531],[64.17506,50.11737],[64.17212,50.10471],[64.16417,50.08617],[64.16152,50.07528],[64.1577,50.0429],[64.15534,50.03436],[64.13621,50.01493],[64.10824,50.00345],[64.08852,50.00522],[64.09323,50.0273],[64.06585,50.01611],[64.05202,50.01464],[64.03848,50.02112],[64.05997,50.04143],[64.14151,50.08264],[64.14151,50.08941],[64.11796,50.0847],[64.09235,50.08411],[64.07056,50.09147],[64.05908,50.11001],[64.05349,50.12149],[64.05437,50.12738],[64.10707,50.17212],[64.14092,50.19891],[64.16123,50.20862],[64.18272,50.21245]]]]}},{"type":"Feature","properties":{"name":"Shaghalalytengiz Lake","rank":9},"geometry":{"type":"MultiPolygon","coordinates":[[[[70.06176,54.11837],[70.06912,54.1013],[70.07059,54.0857],[70.06558,54.07098],[70.04881,54.04772],[70.04616,54.04125],[70.03997,54.03742],[70.02378,54.03654],[70.01907,54.04125],[70.02202,54.05243],[70.02849,54.06421],[70.03438,54.07127],[69.9814,54.10453],[69.83421,54.01152],[69.76769,54.00857],[69.74178,54.07098],[69.77799,54.14104],[69.84687,54.19137],[69.9184,54.19402],[69.93665,54.18843],[69.97227,54.16782],[69.99288,54.15929],[70.03438,54.14722],[70.04822,54.1375],[70.06176,54.11837]]]]}},{"type":"Feature","properties":{"name":"","rank":9},"geometry":{"type":"MultiPolygon","coordinates":[[[[64.58982,54.1325],[64.59954,54.12632],[64.59983,54.11219],[64.59512,54.09688],[64.58217,54.07628],[64.57687,54.0645],[64.56922,54.05508],[64.55273,54.05008],[64.53949,54.05243],[64.52359,54.0592],[64.50828,54.06833],[64.4812,54.09276],[64.48503,54.09659],[64.50416,54.09776],[64.52212,54.10189],[64.5177,54.11189],[64.50769,54.12455],[64.50769,54.13603],[64.51682,54.16311],[64.51535,54.19432],[64.523,54.21787],[64.55862,54.22199],[64.57628,54.21551],[64.57893,54.20315],[64.57128,54.18961],[64.55862,54.18048],[64.56539,54.16871],[64.57157,54.15281],[64.57893,54.13868],[64.58982,54.1325]]]]}},{"type":"Feature","properties":{"name":"Zharman Lake","rank":9},"geometry":{"type":"MultiPolygon","coordinates":[[[[64.50416,51.60156],[64.52124,51.6095],[64.54508,51.61068],[64.53507,51.58272],[64.51682,51.56417],[64.49239,51.55475],[64.46325,51.55564],[64.45795,51.55828],[64.44912,51.56712],[64.44588,51.56918],[64.43616,51.56829],[64.42056,51.56388],[64.41203,51.563],[64.39319,51.56653],[64.38642,51.57595],[64.38642,51.58919],[64.39584,51.63158],[64.43587,51.70017],[64.45412,51.72166],[64.48061,51.73373],[64.51034,51.73432],[64.53831,51.71989],[64.54066,51.66956],[64.53831,51.65925],[64.52536,51.66131],[64.50446,51.67103],[64.48532,51.6775],[64.47679,51.66867],[64.47679,51.64483],[64.47944,51.63865],[64.48415,51.63452],[64.48856,51.62952],[64.49062,51.6204],[64.49386,51.60067],[64.50416,51.60156]]]]}},{"type":"Feature","properties":{"name":"Iken Aqsuat Lake","rank":9},"geometry":{"type":"MultiPolygon","coordinates":[[[[64.5283,51.41081],[64.54125,51.39992],[64.54508,51.39109],[64.54184,51.38226],[64.52447,51.35135],[64.51829,51.34311],[64.49828,51.33692],[64.48002,51.34046],[64.46354,51.35046],[64.45618,51.35017],[64.43322,51.37195],[64.41703,51.38078],[64.40496,51.38432],[64.39378,51.39373],[64.38877,51.41493],[64.38848,51.43612],[64.39172,51.44554],[64.40319,51.45114],[64.43675,51.47498],[64.46177,51.48293],[64.47119,51.48911],[64.4968,51.51266],[64.50416,51.51295],[64.51152,51.5103],[64.52153,51.50824],[64.53389,51.5003],[64.53684,51.48146],[64.53213,51.44554],[64.52977,51.4376],[64.52683,51.43259],[64.52477,51.42729],[64.52477,51.41905],[64.5283,51.41081]]]]}},{"type":"Feature","properties":{"name":"Kajbagar","rank":9},"geometry":{"type":"MultiPolygon","coordinates":[[[[65.64953,52.623],[65.66572,52.61741],[65.67043,52.61446],[65.66837,52.6071],[65.66307,52.59916],[65.65895,52.59445],[65.65572,52.58885],[65.65071,52.57414],[65.64865,52.57031],[65.63128,52.56148],[65.6148,52.56001],[65.59802,52.56383],[65.58036,52.57031],[65.56181,52.57796],[65.54327,52.59592],[65.5415,52.62006],[65.55946,52.64537],[65.58683,52.66127],[65.59684,52.67128],[65.60096,52.69011],[65.60626,52.70513],[65.61951,52.70954],[65.65218,52.70689],[65.66661,52.69983],[65.66749,52.68335],[65.66131,52.6648],[65.65542,52.65244],[65.65071,52.6489],[65.64276,52.64596],[65.63629,52.64096],[65.63511,52.63183],[65.63982,52.628],[65.64953,52.623]]]]}},{"type":"Feature","properties":{"name":"Imantau","rank":9},"geometry":{"type":"MultiPolygon","coordinates":[[[[68.32501,52.97535],[68.30146,52.99508],[68.30205,52.99449],[68.25819,53.01333],[68.23435,53.0198],[68.20874,53.02216],[68.19902,53.02804],[68.19755,53.04159],[68.20079,53.05571],[68.2052,53.06396],[68.22021,53.07014],[68.23493,53.06955],[68.28645,53.05778],[68.31471,53.04276],[68.34032,53.02451],[68.35562,53.00862],[68.35974,52.98507],[68.3465,52.97329],[68.32501,52.97535]]]]}},{"type":"Feature","properties":{"name":"Qalybek Lake","rank":9},"geometry":{"type":"MultiPolygon","coordinates":[[[[70.69994,53.95382],[70.71789,53.94999],[70.73408,53.94087],[70.71701,53.93469],[70.70377,53.93557],[70.69552,53.93145],[70.68905,53.87287],[70.68375,53.85491],[70.67521,53.84137],[70.65314,53.8243],[70.62635,53.81429],[70.59927,53.81547],[70.57631,53.83284],[70.56983,53.84402],[70.57218,53.85285],[70.58072,53.86993],[70.58514,53.88258],[70.60309,53.90613],[70.60574,53.91437],[70.60751,53.92762],[70.60986,53.9341],[70.61869,53.94734],[70.62841,53.95323],[70.66138,53.95382],[70.69994,53.95382]]]]}},{"type":"Feature","properties":{"name":"Kishi Qaraoy Lake","rank":9},"geometry":{"type":"MultiPolygon","coordinates":[[[[71.41495,54.07834],[71.4226,54.06803],[71.42555,54.06038],[71.42201,54.04684],[71.41407,54.04007],[71.40494,54.03418],[71.39817,54.0227],[71.41907,54.0227],[71.41907,54.01593],[71.40347,54.00592],[71.38522,54.00003],[71.36491,53.9968],[71.31899,53.9968],[71.29455,54.00092],[71.27424,54.00887],[71.261,54.0227],[71.25952,54.03477],[71.26306,54.04861],[71.26924,54.06185],[71.27513,54.07127],[71.28602,54.08128],[71.2972,54.08511],[71.32635,54.08481],[71.33341,54.08157],[71.35519,54.06715],[71.36756,54.06391],[71.37786,54.06803],[71.38581,54.08687],[71.39493,54.09099],[71.40494,54.08717],[71.41495,54.07834]]]]}},{"type":"Feature","properties":{"name":"Pyhäjärvi","rank":9},"geometry":{"type":"MultiPolygon","coordinates":[[[[22.38919,60.9379],[22.39832,60.93054],[22.39832,60.92525],[22.39125,60.90228],[22.38801,60.89581],[22.37654,60.8911],[22.33768,60.88256],[22.3259,60.88197],[22.30913,60.89139],[22.1711,61],[22.3465,61],[22.35328,60.98883],[22.35946,60.9747],[22.38919,60.9379]]]]}},{"type":"Feature","properties":{"name":"","rank":9},"geometry":{"type":"MultiPolygon","coordinates":[[[[23.98435,60.2173],[23.95727,60.2067],[23.95462,60.19846],[23.96375,60.18374],[23.92312,60.18345],[23.90723,60.18727],[23.90929,60.19669],[23.89692,60.20258],[23.88427,60.20494],[23.8719,60.20317],[23.86072,60.19669],[23.88574,60.1758],[23.88545,60.15843],[23.86778,60.15166],[23.84041,60.16255],[23.85012,60.1652],[23.85807,60.16961],[23.86396,60.1758],[23.86778,60.18374],[23.84364,60.18963],[23.82657,60.18639],[23.79272,60.1702],[23.773,60.16696],[23.75975,60.17108],[23.73061,60.19051],[23.74032,60.1861],[23.74562,60.18551],[23.75769,60.19051],[23.75239,60.19316],[23.74238,60.20111],[23.73738,60.20435],[23.74238,60.20935],[23.74562,60.21465],[23.74798,60.21995],[23.75092,60.22466],[23.73061,60.22466],[23.74091,60.2382],[23.77888,60.25763],[23.79596,60.26911],[23.81568,60.27823],[23.89516,60.28618],[23.87573,60.27529],[23.8563,60.26764],[23.81303,60.25881],[23.81715,60.25292],[23.81627,60.2488],[23.81421,60.24468],[23.81303,60.2382],[23.86072,60.25262],[23.95962,60.26764],[24.00496,60.28618],[24.0182,60.27647],[24.02821,60.26646],[24.03881,60.26293],[24.05323,60.27264],[24.03233,60.30149],[24.02527,60.30649],[24.01084,60.30443],[23.99583,60.29648],[23.98111,60.29119],[23.96728,60.29648],[23.97758,60.3062],[24.00496,60.31945],[24.03528,60.32386],[24.05323,60.30649],[24.07296,60.27264],[24.06736,60.26057],[24.05824,60.25439],[24.03263,60.24527],[23.98435,60.2173]]]]}},{"type":"Feature","properties":{"name":"","rank":9},"geometry":{"type":"MultiPolygon","coordinates":[[[[29.32912,60.59409],[29.37651,60.55199],[29.39476,60.52903],[29.37681,60.51902],[29.36739,60.52373],[29.33648,60.5461],[29.32235,60.55317],[29.26024,60.56524],[29.24052,60.57407],[29.2626,60.59497],[29.28055,60.60822],[29.29851,60.60939],[29.32235,60.59409],[29.32912,60.59409]]]]}},{"type":"Feature","properties":{"name":"","rank":9},"geometry":{"type":"MultiPolygon","coordinates":[[[[30.07083,61],[30.08416,60.98235],[30.08681,60.9747],[30.06886,60.96469],[30.04943,60.9591],[30.03766,60.95174],[30.04237,60.93731],[29.9935,60.93525],[29.93374,60.9535],[29.88017,60.98618],[29.86998,61],[30.07083,61]]]]}},{"type":"Feature","properties":{"name":"","rank":9},"geometry":{"type":"MultiPolygon","coordinates":[[[[37.42914,60.84135],[37.45033,60.84636],[37.45681,60.84106],[37.45269,60.82634],[37.43061,60.82163],[37.405,60.8231],[37.38881,60.82752],[37.37233,60.83929],[37.36438,60.84665],[37.35466,60.84959],[37.24545,60.84106],[37.22102,60.84518],[37.21661,60.85018],[37.22779,60.85548],[37.25105,60.86166],[37.2955,60.86608],[37.31875,60.87108],[37.33347,60.88197],[37.33671,60.89699],[37.33229,60.9117],[37.31905,60.93731],[37.30727,60.94821],[37.30315,60.95468],[37.30933,60.95763],[37.34289,60.96057],[37.35525,60.95763],[37.38881,60.95086],[37.3788,60.94585],[37.37439,60.94467],[37.39794,60.9173],[37.41265,60.9067],[37.44915,60.89728],[37.4365,60.8858],[37.40176,60.86843],[37.41913,60.8443],[37.42914,60.84135]]]]}},{"type":"Feature","properties":{"name":"","rank":9},"geometry":{"type":"MultiPolygon","coordinates":[[[[16.90607,60.60822],[16.89812,60.59585],[16.89341,60.58349],[16.89518,60.57319],[16.90607,60.5673],[16.88664,60.55288],[16.86368,60.55405],[16.81658,60.5673],[16.7898,60.56377],[16.75771,60.53904],[16.73446,60.53315],[16.71886,60.5358],[16.69825,60.54257],[16.68029,60.55229],[16.67264,60.56347],[16.66469,60.57849],[16.64585,60.57849],[16.60376,60.5673],[16.60376,60.57407],[16.62172,60.58378],[16.63231,60.59438],[16.64379,60.60174],[16.66528,60.60144],[16.71503,60.58908],[16.74182,60.58525],[16.7689,60.5879],[16.78303,60.59261],[16.78479,60.59644],[16.78362,60.60115],[16.78921,60.60822],[16.80334,60.61999],[16.81305,60.62558],[16.82394,60.62882],[16.84426,60.62823],[16.87163,60.6247],[16.89606,60.61793],[16.90607,60.60822]]]]}},{"type":"Feature","properties":{"name":"Tyrifjorden","rank":9},"geometry":{"type":"MultiPolygon","coordinates":[[[[10.33086,60.11722],[10.33292,60.11251],[10.3338,60.1075],[10.33351,60.10132],[10.32409,60.08366],[10.31379,60.06982],[10.30142,60.05776],[10.28553,60.04657],[10.26728,60.03892],[10.25815,60.03391],[10.25168,60.02537],[10.24962,60.01242],[10.25521,60.00536],[10.26227,59.99888],[10.26581,59.98799],[10.27346,59.97651],[10.30672,59.94796],[10.31379,59.93],[10.3079,59.91263],[10.29642,59.90027],[10.28494,59.90027],[10.26934,59.95473],[10.24255,59.97769],[10.11509,60.02008],[10.08595,60.02008],[10.06299,60.0083],[10.04827,59.99623],[10.02943,59.98593],[10.00971,59.97916],[9.99146,59.97769],[10.00323,59.99888],[10.02767,60.02655],[10.05504,60.0501],[10.09066,60.06659],[10.11391,60.09484],[10.12481,60.10132],[10.13334,60.10426],[10.14659,60.11839],[10.15571,60.12163],[10.16837,60.12045],[10.17102,60.11692],[10.16955,60.11045],[10.17073,60.06217],[10.17573,60.05275],[10.19516,60.04362],[10.21076,60.04951],[10.22342,60.0604],[10.23431,60.06659],[10.26433,60.0607],[10.27935,60.06305],[10.28553,60.07748],[10.28965,60.09308],[10.29966,60.10456],[10.32674,60.12163],[10.33086,60.11722]]]]}},{"type":"Feature","properties":{"name":"","rank":9},"geometry":{"type":"MultiPolygon","coordinates":[[[[14.22795,58.97126],[14.20116,58.97655],[14.15141,58.97714],[14.10961,58.97067],[14.0999,58.97243],[14.11668,58.98391],[14.13728,58.99068],[14.2303,58.99274],[14.24767,58.99863],[14.25444,59.01011],[14.24296,59.02895],[14.2253,59.03778],[14.18291,59.03896],[14.16436,59.04603],[14.19351,59.05574],[14.22442,59.0528],[14.28064,59.03249],[14.27357,59.04603],[14.29182,59.05309],[14.34275,59.08076],[14.34304,59.06457],[14.34275,59.05957],[14.34805,59.03278],[14.34981,59.00835],[14.35658,58.98745],[14.37719,58.97096],[14.36335,58.96154],[14.34275,58.9377],[14.32832,58.92857],[14.26474,58.91003],[14.24296,58.90826],[14.23854,58.91121],[14.24031,58.91798],[14.24649,58.92857],[14.24679,58.93358],[14.24914,58.93711],[14.25208,58.94035],[14.25326,58.943],[14.25032,58.94771],[14.24149,58.95507],[14.23943,58.96007],[14.22795,58.97126]]]]}},{"type":"Feature","properties":{"name":"","rank":9},"geometry":{"type":"MultiPolygon","coordinates":[[[[14.46785,58.56415],[14.47286,58.54914],[14.47698,58.53089],[14.47462,58.52206],[14.46256,58.51852],[14.44843,58.51646],[14.4287,58.5094],[14.41752,58.51087],[14.4393,58.53589],[14.44548,58.54649],[14.43606,58.54855],[14.43076,58.55208],[14.42134,58.56238],[14.40986,58.56886],[14.39044,58.56857],[14.37719,58.57298],[14.32832,58.6245],[14.3142,58.64422],[14.28447,58.64216],[14.25591,58.62185],[14.24649,58.58682],[14.2041,58.58741],[14.18703,58.59329],[14.17938,58.6139],[14.19174,58.61243],[14.20234,58.61419],[14.20999,58.62038],[14.21617,58.64392],[14.22471,58.64687],[14.2356,58.64628],[14.24649,58.64805],[14.27063,58.67248],[14.27917,58.67719],[14.29153,58.68013],[14.31508,58.68278],[14.33333,58.67542],[14.34834,58.66159],[14.35894,58.64569],[14.36836,58.61302],[14.3819,58.59859],[14.39956,58.5877],[14.41752,58.57975],[14.45461,58.57122],[14.46785,58.56415]]]]}},{"type":"Feature","properties":{"name":"","rank":9},"geometry":{"type":"MultiPolygon","coordinates":[[[[16.02151,58.63774],[16.03093,58.6295],[16.0898,58.60713],[16.0898,58.60036],[15.96411,58.58976],[15.90347,58.59329],[15.85401,58.61743],[15.84489,58.63745],[15.86726,58.64451],[15.89964,58.64657],[15.92172,58.65187],[15.93114,58.67071],[15.92113,58.68278],[15.90376,58.69426],[15.89169,58.71016],[15.90553,58.70427],[15.93143,58.68808],[15.94586,58.68278],[15.9644,58.67365],[15.98942,58.6663],[16.01179,58.65599],[16.02151,58.63774]]]]}},{"type":"Feature","properties":{"name":"","rank":9},"geometry":{"type":"MultiPolygon","coordinates":[[[[15.91141,58.02929],[15.93909,58.03106],[16.0009,58.01134],[16.0009,58.00398],[15.98883,58.00339],[15.9594,58.01134],[15.86667,58.01192],[15.84312,58.00839],[15.82311,57.9978],[15.84724,57.98013],[15.86049,57.97277],[15.89287,57.96689],[15.90965,57.95894],[15.92378,57.94805],[15.93202,57.93568],[15.87256,57.93745],[15.85755,57.93568],[15.85195,57.92214],[15.84518,57.91773],[15.83311,57.92509],[15.82899,57.93303],[15.83047,57.9401],[15.83635,57.94569],[15.84401,57.94922],[15.77836,57.98573],[15.75805,58.00074],[15.76217,58.0134],[15.78867,58.02635],[15.82105,58.03606],[15.84401,58.03871],[15.83665,58.03106],[15.86285,58.0187],[15.88698,58.02164],[15.91141,58.02929]]]]}},{"type":"Feature","properties":{"name":"","rank":9},"geometry":{"type":"MultiPolygon","coordinates":[[[[15.36861,57.95894],[15.36949,57.95629],[15.37037,57.94922],[15.35919,57.95806],[15.35389,57.96865],[15.35006,57.97954],[15.34241,57.99014],[15.3324,57.99573],[15.30738,58.0025],[15.29531,58.01134],[15.28854,57.99367],[15.29678,57.98249],[15.31091,57.97395],[15.32269,57.96365],[15.32151,57.95482],[15.32975,57.94393],[15.34329,57.93421],[15.35683,57.92891],[15.34653,57.91891],[15.34506,57.9089],[15.34918,57.8983],[15.35683,57.8877],[15.33505,57.88829],[15.32122,57.89683],[15.26087,57.9766],[15.24733,57.9869],[15.24498,57.9925],[15.23938,57.9975],[15.22702,57.9978],[15.22172,57.99456],[15.21554,57.98808],[15.20671,57.9766],[15.1967,57.95923],[15.19464,57.9451],[15.19847,57.93127],[15.20671,57.91508],[15.18757,57.91655],[15.16726,57.92567],[15.15107,57.93892],[15.1446,57.95305],[15.13253,57.96718],[15.10662,57.98013],[15.06865,57.99397],[15.05099,58.02223],[15.0189,58.04725],[15.00477,58.0655],[15.04157,58.07227],[15.02509,58.08964],[15.01684,58.10936],[15.0192,58.12908],[15.0348,58.14792],[15.03392,58.13821],[15.03539,58.13085],[15.03833,58.12525],[15.04598,58.11436],[15.05923,58.09935],[15.06247,58.09317],[15.06188,58.08522],[15.05629,58.0705],[15.05511,58.06609],[15.05452,58.05932],[15.05246,58.05549],[15.05158,58.05196],[15.05511,58.04548],[15.06394,58.04018],[15.07719,58.03753],[15.09073,58.03783],[15.10868,58.04578],[15.11751,58.04165],[15.12605,58.03459],[15.13429,58.03106],[15.14254,58.03341],[15.1549,58.04313],[15.16196,58.04548],[15.17933,58.04843],[15.18522,58.05608],[15.18198,58.06697],[15.17227,58.07963],[15.18787,58.07845],[15.2017,58.07374],[15.21495,58.06697],[15.22702,58.05843],[15.2126,58.05225],[15.21966,58.04136],[15.22702,58.03282],[15.23673,58.02694],[15.25086,58.02488],[15.2591,58.02605],[15.27323,58.03076],[15.28177,58.03106],[15.28942,58.02841],[15.30149,58.01958],[15.30885,58.01752],[15.32563,58.02076],[15.33535,58.02546],[15.34476,58.02546],[15.36007,58.01457],[15.36537,58.00398],[15.36684,57.98808],[15.36596,57.97307],[15.3636,57.96365],[15.36861,57.95894]]]]}},{"type":"Feature","properties":{"name":"","rank":9},"geometry":{"type":"MultiPolygon","coordinates":[[[[16.40242,60.15578],[16.42685,60.15784],[16.43391,60.15637],[16.43303,60.1496],[16.41772,60.1443],[16.38152,60.1443],[16.36827,60.13871],[16.35826,60.13135],[16.3459,60.12634],[16.33177,60.1231],[16.31705,60.12163],[16.32176,60.13871],[16.32941,60.1493],[16.34207,60.15431],[16.40242,60.15578]]]]}},{"type":"Feature","properties":{"name":"","rank":9},"geometry":{"type":"MultiPolygon","coordinates":[[[[10.43183,54.15958],[10.44242,54.1584],[10.45008,54.1531],[10.43536,54.10836],[10.42918,54.09776],[10.41122,54.08923],[10.40357,54.10277],[10.39945,54.12249],[10.39179,54.1325],[10.35294,54.1275],[10.33645,54.13162],[10.34381,54.14928],[10.36,54.15605],[10.38267,54.15546],[10.40445,54.14957],[10.41564,54.13956],[10.41446,54.1431],[10.41387,54.14633],[10.4124,54.14987],[10.40945,54.1531],[10.42035,54.15723],[10.43183,54.15958]]]]}},{"type":"Feature","properties":{"name":"","rank":9},"geometry":{"type":"MultiPolygon","coordinates":[[[[21.58146,54.0904],[21.57557,54.09718],[21.57851,54.09776],[21.58587,54.10453],[21.59235,54.10718],[21.59883,54.10895],[21.60648,54.11219],[21.63709,54.1325],[21.6733,54.12573],[21.69155,54.12485],[21.70951,54.1325],[21.67359,54.14987],[21.66109,54.15304],[21.66093,54.1637],[21.65711,54.1902],[21.64916,54.19755],[21.64857,54.20432],[21.64921,54.21163],[21.65619,54.21269],[21.65799,54.20786],[21.67565,54.20168],[21.67189,54.19331],[21.68148,54.19035],[21.69893,54.19814],[21.71804,54.20079],[21.72275,54.1846],[21.72904,54.16635],[21.74043,54.17121],[21.7332,54.18001],[21.75211,54.19204],[21.77356,54.18345],[21.78852,54.18692],[21.81136,54.17966],[21.79991,54.17221],[21.78033,54.17351],[21.75373,54.16938],[21.74542,54.15803],[21.73913,54.15351],[21.72776,54.15958],[21.71922,54.15752],[21.71628,54.1531],[21.72157,54.14486],[21.73629,54.14575],[21.75304,54.14325],[21.77447,54.11524],[21.76544,54.10836],[21.75425,54.10571],[21.73953,54.10748],[21.72246,54.10483],[21.71274,54.09688],[21.71333,54.08952],[21.72923,54.07745],[21.72923,54.07127],[21.7201,54.06067],[21.73611,54.04258],[21.73188,54.03536],[21.72599,54.03036],[21.69967,54.03346],[21.68814,54.05192],[21.67872,54.05901],[21.68713,54.06686],[21.69243,54.07363],[21.68448,54.0854],[21.67477,54.10218],[21.64822,54.11464],[21.65119,54.09891],[21.65446,54.08923],[21.64857,54.08305],[21.63021,54.08079],[21.63461,54.07443],[21.6053,54.07127],[21.59617,54.0698],[21.59205,54.07422],[21.59635,54.08199],[21.59321,54.09413],[21.58146,54.0904]]]]}},{"type":"Feature","properties":{"name":"","rank":9},"geometry":{"type":"MultiPolygon","coordinates":[[[[19.64307,53.74835],[19.65102,53.74629],[19.68104,53.75512],[19.66956,53.74306],[19.65219,53.73099],[19.64042,53.71745],[19.6469,53.70067],[19.6363,53.68565],[19.58479,53.64621],[19.56595,53.61972],[19.55505,53.61206],[19.54328,53.61825],[19.55417,53.63208],[19.59156,53.66976],[19.59538,53.67859],[19.60363,53.68183],[19.61246,53.6833],[19.61923,53.68713],[19.62099,53.69213],[19.62276,53.70155],[19.62217,53.71038],[19.61599,53.71421],[19.60039,53.71921],[19.58567,53.73128],[19.5577,53.76219],[19.54387,53.78309],[19.54976,53.79221],[19.56271,53.78986],[19.57125,53.77632],[19.5786,53.77632],[19.57949,53.79251],[19.58626,53.80075],[19.59568,53.80016],[19.60539,53.79015],[19.61981,53.79545],[19.62658,53.7878],[19.63336,53.76219],[19.64307,53.74835]]]]}},{"type":"Feature","properties":{"name":"","rank":9},"geometry":{"type":"MultiPolygon","coordinates":[[[[21.56935,53.82144],[21.57015,53.80243],[21.56542,53.80176],[21.56045,53.81735],[21.54417,53.82381],[21.52464,53.84726],[21.50963,53.86316],[21.47931,53.88906],[21.4802,53.90554],[21.5011,53.92085],[21.52582,53.93057],[21.5376,53.93027],[21.52847,53.9129],[21.51169,53.90643],[21.50286,53.89907],[21.51788,53.87935],[21.52582,53.87375],[21.54319,53.86522],[21.55202,53.85756],[21.55585,53.8502],[21.55702,53.84314],[21.55909,53.83666],[21.56935,53.82144]]]]}},{"type":"Feature","properties":{"name":"","rank":9},"geometry":{"type":"MultiPolygon","coordinates":[[[[21.82607,53.76984],[21.81577,53.76572],[21.79311,53.73923],[21.7884,53.7354],[21.74512,53.74158],[21.72923,53.74158],[21.74483,53.73099],[21.75042,53.72804],[21.74924,53.71627],[21.77633,53.69743],[21.78545,53.68006],[21.76867,53.67565],[21.75925,53.67623],[21.74365,53.68713],[21.74306,53.68948],[21.74424,53.69802],[21.74365,53.70067],[21.74071,53.70126],[21.73247,53.70008],[21.72923,53.70067],[21.72452,53.70361],[21.67477,53.72068],[21.66182,53.72127],[21.64681,53.71715],[21.62561,53.7042],[21.61325,53.70067],[21.62296,53.7148],[21.63268,53.72451],[21.63798,53.73423],[21.63385,53.74924],[21.62385,53.76072],[21.61501,53.76131],[21.58205,53.73776],[21.57704,53.72951],[21.57233,53.71421],[21.57057,53.68389],[21.56733,53.67417],[21.5582,53.68006],[21.55496,53.69154],[21.55644,53.70597],[21.56556,53.7354],[21.56527,53.73658],[21.56586,53.74158],[21.56819,53.74829],[21.57233,53.75512],[21.57793,53.75954],[21.59971,53.76955],[21.59971,53.77632],[21.58793,53.77838],[21.58057,53.78427],[21.56754,53.79809],[21.56542,53.80176],[21.57015,53.80243],[21.59126,53.7896],[21.61531,53.77779],[21.64062,53.77632],[21.63592,53.77808],[21.6262,53.78309],[21.6262,53.79015],[21.63886,53.79398],[21.65593,53.79516],[21.66411,53.78566],[21.68507,53.78662],[21.69037,53.79045],[21.76043,53.78957],[21.80194,53.79633],[21.82136,53.80163],[21.83373,53.80252],[21.84609,53.79633],[21.86051,53.80428],[21.86581,53.79899],[21.86463,53.78721],[21.86051,53.77632],[21.84903,53.76749],[21.83755,53.76778],[21.82607,53.76984]]]]}},{"type":"Feature","properties":{"name":"","rank":9},"geometry":{"type":"MultiPolygon","coordinates":[[[[21.95,53.67182],[21.96295,53.66799],[21.97031,53.66652],[21.94971,53.66004],[21.90349,53.66475],[21.86817,53.64827],[21.84432,53.64327],[21.81618,53.64014],[21.81121,53.6505],[21.8876,53.66652],[21.87641,53.67211],[21.86463,53.67241],[21.8405,53.66652],[21.84756,53.67859],[21.8561,53.6883],[21.86787,53.68713],[21.86787,53.68006],[21.93381,53.69125],[21.9503,53.68713],[21.94676,53.68301],[21.945,53.67977],[21.94235,53.6727],[21.95,53.67182]]]]}},{"type":"Feature","properties":{"name":"","rank":9},"geometry":{"type":"MultiPolygon","coordinates":[[[[21.74262,54.01904],[21.75519,54.03251],[21.77658,54.03003],[21.79487,54.02653],[21.80673,54.0226],[21.81759,54.01042],[21.81077,54.00062],[21.8193,53.99533],[21.8193,53.98914],[21.69208,53.89986],[21.66799,53.89153],[21.66341,53.9008],[21.68413,53.90906],[21.69323,53.91772],[21.73169,53.9514],[21.76433,53.97069],[21.76458,53.9901],[21.75454,53.99739],[21.73855,54.00858],[21.74262,54.01904]]]]}},{"type":"Feature","properties":{"name":"","rank":9},"geometry":{"type":"MultiPolygon","coordinates":[[[[46.7908,49.16864],[46.80199,49.15304],[46.80405,49.13685],[46.7961,49.13184],[46.75253,49.09564],[46.67364,49.08828],[46.59946,49.10859],[46.57209,49.12684],[46.57062,49.15716],[46.57945,49.16923],[46.59593,49.18542],[46.61448,49.19955],[46.6292,49.20573],[46.66481,49.19896],[46.67364,49.19807],[46.68247,49.20102],[46.69454,49.21044],[46.70544,49.21368],[46.70985,49.21662],[46.71515,49.21897],[46.72192,49.21927],[46.72633,49.21662],[46.7334,49.20749],[46.7387,49.20573],[46.74341,49.20249],[46.75518,49.18777],[46.7593,49.18453],[46.7749,49.18012],[46.7908,49.16864]]]]}},{"type":"Feature","properties":{"name":"","rank":9},"geometry":{"type":"MultiPolygon","coordinates":[[[[46.95741,48.20342],[46.96771,48.18399],[46.9683,48.17104],[46.963,48.15838],[46.9527,48.15161],[46.94004,48.15073],[46.88735,48.17428],[46.87028,48.18664],[46.85851,48.20518],[46.85173,48.24257],[46.85173,48.25699],[46.85438,48.26406],[46.86351,48.26641],[46.88264,48.26641],[46.89972,48.26111],[46.92385,48.24816],[46.94564,48.23138],[46.95476,48.2149],[46.95741,48.20342]]]]}},{"type":"Feature","properties":{"name":"","rank":9},"geometry":{"type":"MultiPolygon","coordinates":[[[[48.49134,49.01262],[48.4834,49.00585],[48.46868,49.00026],[48.47604,48.99555],[48.48133,48.99055],[48.48987,48.97907],[48.43424,48.9773],[48.42423,48.97553],[48.41098,48.96494],[48.39803,48.96111],[48.38361,48.96346],[48.36624,48.9723],[48.34975,48.967],[48.32179,48.96435],[48.23584,48.96553],[48.22171,48.97024],[48.21582,48.9826],[48.21229,48.99879],[48.20228,49.00497],[48.18903,49.00762],[48.17461,49.0138],[48.1643,49.02499],[48.15753,49.04795],[48.15076,49.05825],[48.12839,49.07209],[48.1175,49.08092],[48.11308,49.0921],[48.1175,49.1077],[48.12927,49.11418],[48.16077,49.11565],[48.16872,49.11418],[48.17696,49.11094],[48.18491,49.10947],[48.21935,49.12301],[48.23554,49.12213],[48.24673,49.11948],[48.32002,49.0921],[48.33209,49.08209],[48.32444,49.07473],[48.34063,49.05648],[48.35947,49.04118],[48.34563,49.03382],[48.32149,49.05001],[48.29618,49.06325],[48.27322,49.06531],[48.25644,49.04736],[48.25497,49.01998],[48.27145,49.00114],[48.29942,48.99172],[48.33209,48.99261],[48.34269,48.99732],[48.35388,49.00409],[48.36536,49.00762],[48.37654,49.0032],[48.39126,48.99437],[48.40127,48.99673],[48.42099,49.0138],[48.43365,49.01998],[48.44307,49.02175],[48.4725,49.02057],[48.48899,49.01822],[48.49134,49.01262]]]]}},{"type":"Feature","properties":{"name":"","rank":9},"geometry":{"type":"MultiPolygon","coordinates":[[[[50.2643,48.77419],[50.27754,48.76889],[50.28196,48.76447],[50.28137,48.75829],[50.27813,48.74623],[50.27519,48.73975],[50.2696,48.73062],[50.26224,48.72238],[50.25429,48.71885],[50.24546,48.72209],[50.24193,48.73033],[50.23957,48.74034],[50.23398,48.74976],[50.22603,48.75594],[50.21573,48.76153],[50.20425,48.76565],[50.10829,48.77125],[50.09003,48.77743],[50.06972,48.7892],[50.04676,48.79391],[49.97405,48.79627],[49.9611,48.7995],[49.94903,48.80451],[49.93961,48.8051],[49.89516,48.80098],[49.92166,48.82129],[49.86014,48.84189],[49.84777,48.85278],[49.86367,48.85573],[49.89134,48.85337],[49.93814,48.84248],[49.94844,48.84101],[49.96257,48.84189],[49.99554,48.84837],[50.00732,48.84925],[50.0132,48.85573],[49.99437,48.86986],[49.95286,48.89046],[49.93255,48.89458],[49.909,48.90489],[49.88751,48.91843],[49.87456,48.93138],[49.89899,48.92991],[49.9402,48.9146],[49.96257,48.91077],[50.00408,48.91372],[50.02351,48.9093],[50.03146,48.89341],[50.04176,48.87839],[50.06472,48.8781],[50.10681,48.89046],[50.12771,48.89252],[50.14802,48.88987],[50.15656,48.88222],[50.14125,48.86986],[50.16863,48.86044],[50.23221,48.85779],[50.25753,48.84925],[50.24104,48.84278],[50.22397,48.84189],[50.20984,48.83777],[50.20336,48.82129],[50.1804,48.83159],[50.15686,48.83924],[50.13242,48.83954],[50.10681,48.82835],[50.09298,48.81128],[50.10475,48.80039],[50.1545,48.78802],[50.2381,48.78008],[50.2643,48.77419]]]]}},{"type":"Feature","properties":{"name":"","rank":9},"geometry":{"type":"MultiPolygon","coordinates":[[[[51.75702,50.61014],[51.77968,50.5754],[51.78557,50.56245],[51.78528,50.54449],[51.77792,50.52801],[51.7582,50.50093],[51.75466,50.49269],[51.75319,50.48562],[51.75084,50.47944],[51.74407,50.47355],[51.73524,50.47179],[51.66047,50.47385],[51.63662,50.47767],[51.62102,50.4868],[51.59895,50.51094],[51.58334,50.53478],[51.58217,50.56127],[51.60366,50.59277],[51.66577,50.62397],[51.67518,50.62603],[51.68578,50.63016],[51.69667,50.63192],[51.71375,50.62427],[51.74789,50.6172],[51.75702,50.61014]]]]}},{"type":"Feature","properties":{"name":"","rank":9},"geometry":{"type":"MultiPolygon","coordinates":[[[[52.49528,49.45888],[52.50794,49.44446],[52.51295,49.42768],[52.50912,49.41767],[52.49999,49.41885],[52.49028,49.42385],[52.48469,49.42473],[52.48204,49.41502],[52.4894,49.40354],[52.48469,49.39677],[52.46644,49.39118],[52.44848,49.39648],[52.43258,49.40796],[52.41963,49.42091],[52.4055,49.42974],[52.34722,49.44505],[52.3431,49.44917],[52.34339,49.45329],[52.3431,49.45505],[52.33427,49.45211],[52.33132,49.44652],[52.33309,49.43916],[52.33191,49.43298],[52.32073,49.43091],[52.28864,49.46065],[52.28069,49.47566],[52.29953,49.48626],[52.291,49.49774],[52.29335,49.51128],[52.30336,49.52246],[52.3169,49.52717],[52.32514,49.52482],[52.33309,49.51245],[52.34104,49.50657],[52.35252,49.50362],[52.38902,49.4998],[52.44083,49.47566],[52.46114,49.47242],[52.4785,49.46889],[52.49528,49.45888]]]]}},{"type":"Feature","properties":{"name":"","rank":9},"geometry":{"type":"MultiPolygon","coordinates":[[[[60.44547,55.39679],[60.4596,55.38649],[60.46843,55.37266],[60.45577,55.37324],[60.444,55.37177],[60.42133,55.36588],[60.3866,55.35234],[60.36393,55.32467],[60.35039,55.31349],[60.33126,55.31143],[60.31036,55.3703],[60.29711,55.38649],[60.31301,55.3912],[60.32625,55.4015],[60.33538,55.41534],[60.33862,55.43123],[60.33655,55.43889],[60.32655,55.45478],[60.32449,55.46538],[60.32949,55.46832],[60.34126,55.46921],[60.35392,55.46803],[60.36216,55.46538],[60.36952,55.45773],[60.3866,55.43477],[60.38748,55.43123],[60.3863,55.42652],[60.3863,55.4227],[60.38954,55.42122],[60.41397,55.41387],[60.44547,55.39679]]]]}},{"type":"Feature","properties":{"name":"","rank":9},"geometry":{"type":"MultiPolygon","coordinates":[[[[60.48904,55.56458],[60.54261,55.53456],[60.56115,55.51601],[60.54349,55.50306],[60.4805,55.48569],[60.45018,55.48716],[60.42133,55.50306],[60.40455,55.52219],[60.39808,55.54074],[60.40131,55.55928],[60.42781,55.59608],[60.43693,55.59725],[60.45489,55.59196],[60.4649,55.58636],[60.48904,55.56458]]]]}},{"type":"Feature","properties":{"name":"","rank":9},"geometry":{"type":"MultiPolygon","coordinates":[[[[60.87907,50.8056],[60.94,50.80883],[60.96885,50.7847],[60.94501,50.73377],[60.89232,50.71052],[60.83874,50.71346],[60.81225,50.74231],[60.82402,50.78146],[60.87907,50.8056]]]]}},{"type":"Feature","properties":{"name":"","rank":9},"geometry":{"type":"MultiPolygon","coordinates":[[[[29.10364,54.69385],[29.11777,54.68178],[29.12424,54.66324],[29.11865,54.65647],[29.08274,54.63969],[29.06213,54.61967],[29.05095,54.61555],[29.04182,54.62615],[29.04683,54.6341],[29.0483,54.6444],[29.04653,54.65588],[29.04182,54.66707],[29.05154,54.66795],[29.05889,54.67207],[29.06449,54.67854],[29.0692,54.68767],[29.06125,54.68826],[29.04182,54.69385],[29.06655,54.71004],[29.07803,54.71357],[29.08274,54.70474],[29.10364,54.69385]]]]}},{"type":"Feature","properties":{"name":"","rank":9},"geometry":{"type":"MultiPolygon","coordinates":[[[[30.33761,57.19359],[30.33791,57.19389],[30.3385,57.19389],[30.3382,57.1933],[30.33732,57.19241],[30.33702,57.19212],[30.33702,57.193],[30.33761,57.19359]]]]}},{"type":"Feature","properties":{"name":"","rank":9},"geometry":{"type":"MultiPolygon","coordinates":[[[[30.42474,57.21066],[30.42945,57.19889],[30.43181,57.18682],[30.41856,57.17652],[30.38442,57.16092],[30.3747,57.16003],[30.36617,57.16092],[30.35822,57.16386],[30.35086,57.16857],[30.35115,57.17093],[30.34762,57.17946],[30.34262,57.18888],[30.3385,57.19389],[30.34615,57.20331],[30.36116,57.2142],[30.37794,57.22421],[30.39236,57.2298],[30.41768,57.23215],[30.42474,57.22391],[30.42474,57.21066]]]]}},{"type":"Feature","properties":{"name":"","rank":9},"geometry":{"type":"MultiPolygon","coordinates":[[[[33.18088,57.18859],[33.20354,57.17564],[33.21679,57.16151],[33.19795,57.15474],[33.17646,57.16003],[33.15615,57.17004],[33.13554,57.17564],[33.11288,57.16857],[33.10964,57.15444],[33.08903,57.15385],[33.06313,57.15738],[33.04311,57.15474],[33.03487,57.14149],[33.02781,57.12265],[33.01721,57.11058],[32.99925,57.11706],[32.97335,57.13825],[32.96952,57.14973],[32.98895,57.15474],[33.01662,57.16857],[33.03458,57.17505],[33.04282,57.17946],[33.05077,57.18829],[33.02369,57.20802],[33.01662,57.21626],[33.01279,57.22538],[33.00985,57.24569],[33.00602,57.25364],[32.99454,57.25835],[32.97718,57.26071],[32.96157,57.26483],[32.94686,57.28661],[32.92919,57.29162],[32.89299,57.29132],[32.89946,57.27778],[32.89269,57.27366],[32.87915,57.27601],[32.85384,57.28426],[32.84353,57.28278],[32.83411,57.27984],[32.82499,57.27778],[32.7829,57.27778],[32.77377,57.27542],[32.76229,57.2713],[32.75081,57.26866],[32.74168,57.27101],[32.73933,57.27807],[32.7458,57.28455],[32.75523,57.28956],[32.76258,57.29132],[32.7826,57.29368],[32.8085,57.30339],[32.84442,57.30722],[32.89299,57.31929],[32.91477,57.32046],[32.93126,57.31664],[32.94745,57.31045],[32.96864,57.30575],[33.00779,57.31016],[33.07432,57.3393],[33.10522,57.33989],[33.12141,57.32664],[33.1429,57.31723],[33.18735,57.30575],[33.15527,57.30633],[33.13996,57.30427],[33.12642,57.29809],[33.1376,57.29515],[33.14791,57.29103],[33.15762,57.28543],[33.16734,57.27778],[33.15586,57.27395],[33.12848,57.26866],[33.11906,57.26453],[33.10876,57.25629],[33.10758,57.25247],[33.11199,57.24923],[33.17057,57.19212],[33.18088,57.18859]],[[33.06902,57.2716],[33.09051,57.28072],[33.11288,57.27778],[33.10405,57.28867],[33.08226,57.29338],[33.07873,57.31193],[33.03752,57.30162],[33.01368,57.2922],[33.00279,57.28102],[33.00897,57.26836],[33.0231,57.25188],[33.03929,57.23716],[33.05077,57.2298],[33.054,57.25335],[33.06902,57.2716]]]]}},{"type":"Feature","properties":{"name":"","rank":9},"geometry":{"type":"MultiPolygon","coordinates":[[[[23.12069,54.05243],[23.13334,54.0383],[23.13452,54.01593],[23.11774,54.02152],[23.10479,54.01829],[23.0939,54.01181],[23.08389,54.00857],[23.03709,54.0121],[23.02531,54.00857],[23.02237,54.0124],[23.01943,54.01446],[23.01177,54.01593],[23.01589,54.01593],[23.01943,54.01711],[23.02266,54.01946],[23.02531,54.0227],[23.03503,54.02182],[23.11421,54.03654],[23.11421,54.0439],[23.08566,54.04331],[23.07182,54.04507],[23.05946,54.05008],[23.06417,54.06009],[23.06446,54.07068],[23.07094,54.07804],[23.09449,54.07745],[23.09449,54.07304],[23.09302,54.07186],[23.09007,54.07186],[23.08684,54.07127],[23.12069,54.05243]]]]}},{"type":"Feature","properties":{"name":"","rank":9},"geometry":{"type":"MultiPolygon","coordinates":[[[[26.9589,56.8015],[26.96332,56.79914],[26.99334,56.7912],[26.82997,56.71996],[26.79406,56.71054],[26.77375,56.71584],[26.78228,56.74704],[26.80672,56.77824],[26.83762,56.80238],[26.86618,56.8121],[26.88443,56.81504],[26.91416,56.82564],[26.93153,56.82593],[26.94124,56.82328],[26.95007,56.81857],[26.95625,56.81151],[26.9589,56.8015]]]]}},{"type":"Feature","properties":{"name":"","rank":9},"geometry":{"type":"MultiPolygon","coordinates":[[[[26.82202,54.88372],[26.83762,54.88489],[26.84881,54.8793],[26.84851,54.85693],[26.82909,54.83161],[26.80053,54.81454],[26.77375,54.81778],[26.75991,54.81719],[26.7502,54.81984],[26.71723,54.84133],[26.71899,54.85546],[26.71458,54.86547],[26.70516,54.86664],[26.69544,54.869],[26.69103,54.88283],[26.69397,54.8952],[26.70133,54.9002],[26.71252,54.90285],[26.72547,54.90727],[26.73901,54.89785],[26.75461,54.88931],[26.7711,54.88283],[26.78729,54.8793],[26.80436,54.88018],[26.82202,54.88372]]]]}},{"type":"Feature","properties":{"name":"","rank":9},"geometry":{"type":"MultiPolygon","coordinates":[[[[27.51172,56.33611],[27.51407,56.32169],[27.51407,56.30815],[27.50318,56.29343],[27.47757,56.29078],[27.43106,56.29814],[27.41811,56.31668],[27.39898,56.32375],[27.37719,56.32639],[27.3557,56.33228],[27.3557,56.33905],[27.40104,56.34465],[27.42194,56.35112],[27.42135,56.3629],[27.41634,56.37202],[27.42076,56.37761],[27.43047,56.37732],[27.45226,56.36172],[27.46256,56.36054],[27.47404,56.36142],[27.4864,56.35966],[27.50348,56.34936],[27.51172,56.33611]]]]}},{"type":"Feature","properties":{"name":"","rank":9},"geometry":{"type":"MultiPolygon","coordinates":[[[[25.29368,57.73611],[25.30281,57.71785],[25.32135,57.70284],[25.31605,57.69813],[25.31134,57.69784],[25.30016,57.70284],[25.27867,57.70372],[25.25129,57.70902],[25.22775,57.71727],[25.21774,57.72639],[25.21008,57.74464],[25.19301,57.76613],[25.1727,57.78379],[25.15621,57.79233],[25.17888,57.79615],[25.22922,57.77467],[25.25924,57.77055],[25.25954,57.76584],[25.25806,57.76495],[25.25512,57.76525],[25.25188,57.76436],[25.28103,57.75318],[25.29368,57.73611]]]]}},{"type":"Feature","properties":{"name":"Mälaren","rank":2},"geometry":{"type":"MultiPolygon","coordinates":[[[[18.09501,59.32685],[18.01965,59.32714],[17.98874,59.33715],[17.96961,59.33391],[17.91191,59.30536],[17.89955,59.29624],[17.89749,59.29035],[17.88778,59.28093],[17.88542,59.27504],[17.8866,59.26915],[17.8919,59.26003],[17.89278,59.25532],[17.89131,59.24089],[17.8866,59.22912],[17.87806,59.22441],[17.86511,59.23059],[17.86746,59.25826],[17.8289,59.27004],[17.74148,59.27151],[17.74148,59.26533],[17.78298,59.25826],[17.77209,59.24708],[17.75237,59.24031],[17.73059,59.23913],[17.71351,59.24472],[17.73294,59.25179],[17.74148,59.25208],[17.7297,59.2562],[17.70527,59.2612],[17.6935,59.26533],[17.69615,59.26915],[17.70056,59.27887],[17.63698,59.29182],[17.60548,59.29182],[17.57693,59.27887],[17.59282,59.2721],[17.59989,59.26062],[17.60372,59.23059],[17.59753,59.22441],[17.58958,59.23354],[17.57546,59.25973],[17.56633,59.26533],[17.55191,59.26798],[17.5107,59.2824],[17.47184,59.30536],[17.42975,59.31655],[17.35086,59.32655],[17.36499,59.28299],[17.37764,59.26621],[17.39943,59.25826],[17.39943,59.25208],[17.21398,59.25826],[17.21398,59.26533],[17.24989,59.26768],[17.2702,59.2718],[17.28227,59.27887],[17.27844,59.28652],[17.24165,59.31978],[17.30611,59.3295],[17.31612,59.33715],[17.3067,59.35364],[17.28433,59.36011],[17.23429,59.36158],[17.14392,59.37571],[17.09888,59.37718],[17.04354,59.36158],[17.03942,59.36659],[17.03883,59.37512],[17.03589,59.38131],[16.97171,59.4078],[16.96759,59.41221],[16.96141,59.42458],[16.95582,59.43282],[16.9464,59.439],[16.93315,59.45195],[16.92638,59.45696],[16.91579,59.46167],[16.88488,59.4705],[16.84072,59.49081],[16.82129,59.49346],[16.82394,59.47756],[16.74829,59.47756],[16.73976,59.47933],[16.72445,59.48492],[16.71474,59.48492],[16.7062,59.48227],[16.69737,59.47727],[16.69442,59.47285],[16.72621,59.46579],[16.83984,59.41251],[16.85132,59.40868],[16.8784,59.41015],[16.88488,59.40868],[16.88988,59.40309],[16.89282,59.39661],[16.89194,59.39102],[16.88547,59.38896],[16.81717,59.38896],[16.80834,59.3922],[16.78244,59.41604],[16.71032,59.45048],[16.68971,59.46697],[16.66587,59.47845],[16.64055,59.47109],[16.61524,59.45755],[16.59022,59.45019],[16.57432,59.45254],[16.54606,59.46226],[16.5287,59.46343],[16.52369,59.46108],[16.5128,59.45225],[16.50809,59.45019],[16.49926,59.45107],[16.48395,59.45578],[16.47718,59.45696],[16.16545,59.44401],[16.12542,59.44665],[16.08097,59.45519],[16.04241,59.47197],[16.02151,59.49787],[16.12395,59.47756],[16.23374,59.47756],[16.23374,59.48492],[16.21314,59.48492],[16.21314,59.4911],[16.24846,59.50347],[16.2673,59.50288],[16.27525,59.48816],[16.28231,59.4705],[16.2985,59.46078],[16.31882,59.45872],[16.33677,59.46343],[16.32559,59.47668],[16.3303,59.4811],[16.34266,59.48316],[16.35414,59.48816],[16.37298,59.50435],[16.38358,59.50965],[16.39535,59.51171],[16.44274,59.49994],[16.46865,59.49846],[16.49455,59.51171],[16.44598,59.52584],[16.46982,59.52996],[16.50368,59.53084],[16.53429,59.53585],[16.54901,59.55263],[16.53576,59.56617],[16.51015,59.58471],[16.49808,59.6009],[16.52458,59.60797],[16.53841,59.60973],[16.5493,59.61297],[16.56019,59.61268],[16.58639,59.59649],[16.61701,59.58736],[16.63172,59.58059],[16.64497,59.56793],[16.65851,59.55174],[16.6747,59.53791],[16.69648,59.53202],[16.7268,59.52908],[16.74182,59.52996],[16.74829,59.53585],[16.7533,59.54291],[16.76448,59.55086],[16.77714,59.55734],[16.78597,59.55998],[16.7898,59.56558],[16.79304,59.57735],[16.79775,59.58942],[16.80628,59.59472],[16.87134,59.58736],[16.87899,59.58824],[16.88399,59.58942],[16.88988,59.58972],[16.89871,59.58736],[16.90813,59.58324],[16.90931,59.58118],[16.90872,59.57853],[16.91284,59.57323],[16.94375,59.54939],[16.95376,59.54733],[17.06974,59.54644],[17.05826,59.56146],[17.02146,59.5803],[17.00792,59.59472],[17.02764,59.59737],[17.03795,59.60031],[17.05561,59.60973],[17.06091,59.60473],[17.06444,59.59531],[17.06974,59.58736],[17.08387,59.575],[17.09211,59.56941],[17.10065,59.56676],[17.103,59.56381],[17.12949,59.55115],[17.15422,59.54468],[17.20927,59.54527],[17.22075,59.53585],[17.22987,59.52643],[17.34438,59.47756],[17.3641,59.47786],[17.36057,59.48757],[17.35321,59.49935],[17.36116,59.50494],[17.37323,59.49817],[17.4059,59.47374],[17.41238,59.47403],[17.41208,59.49081],[17.40943,59.50111],[17.39207,59.52584],[17.40708,59.54174],[17.3956,59.56116],[17.37529,59.58118],[17.36469,59.59796],[17.34556,59.61385],[17.33673,59.62386],[17.34085,59.62828],[17.35409,59.63152],[17.3644,59.63887],[17.37411,59.648],[17.38588,59.65565],[17.37794,59.6377],[17.37382,59.62004],[17.38,59.6065],[17.40266,59.6009],[17.40502,59.59796],[17.43534,59.57382],[17.48656,59.54792],[17.49509,59.54644],[17.50628,59.5485],[17.52453,59.55792],[17.53307,59.55998],[17.54808,59.5538],[17.54484,59.54026],[17.5316,59.52584],[17.51541,59.51848],[17.51953,59.51171],[17.52512,59.50494],[17.53218,59.49994],[17.54425,59.49699],[17.55102,59.49228],[17.55662,59.4911],[17.5625,59.49316],[17.56456,59.50229],[17.56957,59.50494],[17.59017,59.50523],[17.65199,59.49787],[17.66848,59.49287],[17.67995,59.48051],[17.69703,59.45343],[17.71498,59.4443],[17.73088,59.44813],[17.73736,59.46049],[17.72764,59.47756],[17.74001,59.4858],[17.78004,59.52643],[17.78916,59.53967],[17.76532,59.57676],[17.75355,59.58707],[17.74001,59.59472],[17.72529,59.59943],[17.71057,59.6009],[17.61078,59.63269],[17.57487,59.65124],[17.56398,59.66095],[17.56339,59.67655],[17.61784,59.69716],[17.61284,59.70187],[17.60872,59.70746],[17.60372,59.71041],[17.61755,59.73042],[17.59694,59.73837],[17.53601,59.73837],[17.55044,59.73278],[17.55662,59.7313],[17.54337,59.721],[17.52747,59.71629],[17.51423,59.70952],[17.50864,59.69363],[17.51541,59.66978],[17.51423,59.6583],[17.50186,59.64947],[17.51599,59.63652],[17.52924,59.61297],[17.53719,59.58883],[17.53601,59.57323],[17.51864,59.5906],[17.49038,59.63299],[17.47449,59.64211],[17.48067,59.66036],[17.47007,59.66684],[17.45506,59.67037],[17.44741,59.67979],[17.45153,59.69127],[17.46213,59.70246],[17.48479,59.72071],[17.49509,59.73425],[17.48891,59.73896],[17.41385,59.73984],[17.3906,59.74367],[17.37146,59.75191],[17.51894,59.75191],[17.54808,59.75662],[17.5678,59.76957],[17.58282,59.789],[17.59753,59.81343],[17.60254,59.80372],[17.61078,59.79695],[17.63168,59.78665],[17.6252,59.76427],[17.64434,59.75132],[17.67083,59.7422],[17.68672,59.7313],[17.66435,59.73042],[17.65729,59.72159],[17.65641,59.70746],[17.65258,59.6898],[17.64257,59.67361],[17.62991,59.66537],[17.61343,59.66272],[17.59076,59.66242],[17.60636,59.65271],[17.62697,59.64417],[17.64816,59.63799],[17.66612,59.63593],[17.70556,59.62504],[17.71999,59.62533],[17.71351,59.64211],[17.71793,59.65889],[17.71116,59.67773],[17.70939,59.69392],[17.72764,59.70334],[17.73088,59.68774],[17.73647,59.67802],[17.74295,59.6689],[17.74884,59.65565],[17.75266,59.62946],[17.75885,59.61886],[17.77562,59.60797],[17.78445,59.60532],[17.80535,59.60149],[17.8133,59.59796],[17.81948,59.5906],[17.81948,59.58501],[17.81713,59.57971],[17.81713,59.57323],[17.81654,59.57088],[17.81507,59.56823],[17.81536,59.56411],[17.82037,59.55645],[17.82743,59.54909],[17.83891,59.54026],[17.84392,59.53202],[17.8189,59.52584],[17.79329,59.50906],[17.77768,59.48669],[17.78298,59.46343],[17.76002,59.42104],[17.79034,59.38749],[17.84421,59.36306],[17.89278,59.34775],[17.92281,59.34333],[17.99551,59.35393],[18.09501,59.33862],[18.09501,59.32685]]]]}},{"type":"Feature","properties":{"name":"Khashm el-Girba Dam","rank":8},"geometry":{"type":"MultiPolygon","coordinates":[[[[35.94702,14.77248],[35.93877,14.76277],[35.93583,14.75747],[35.93583,14.7507],[35.93877,14.74481],[35.94201,14.73951],[35.94319,14.73628],[35.93966,14.72744],[35.92818,14.70419],[35.90051,14.66151],[35.89639,14.64502],[35.89521,14.61971],[35.89079,14.62824],[35.88785,14.64473],[35.88049,14.66798],[35.88402,14.67711],[35.89138,14.68535],[35.89845,14.69565],[35.92582,14.77749],[35.92347,14.79692],[35.88579,14.83371],[35.87342,14.85226],[35.87519,14.87492],[35.89786,14.91496],[35.90168,14.93556],[35.90845,14.87374],[35.91522,14.85226],[35.92906,14.83106],[35.94172,14.81634],[35.94996,14.80074],[35.94937,14.77719],[35.94702,14.77248]]]]}},{"type":"Feature","properties":{"name":"Mingachevir","rank":7},"geometry":{"type":"MultiPolygon","coordinates":[[[[46.94122,40.83136],[46.89707,40.84873],[46.61742,40.90672],[46.45523,40.89701],[46.41078,40.8867],[46.38546,40.88582],[46.33778,40.89965],[46.37015,40.92468],[46.48643,40.93969],[46.52352,40.97531],[46.50115,40.99061],[46.46641,41.02947],[46.4408,41.04301],[46.4408,41.05037],[46.46877,41.05037],[46.52175,41.04066],[46.5506,41.04301],[46.5977,41.06097],[46.62272,41.06538],[46.64627,41.05743],[46.65804,41.01799],[46.68512,40.98679],[46.72163,40.96383],[46.89883,40.90436],[46.94122,40.87964],[46.94681,40.87463],[46.95152,40.86904],[46.95829,40.86374],[46.9683,40.85844],[47.0048,40.85226],[47.02924,40.84108],[47.12608,40.81782],[47.14316,40.80987],[47.15493,40.79663],[47.15964,40.77308],[47.14963,40.77455],[47.08517,40.7978],[47.05838,40.79692],[47.02158,40.78014],[46.99921,40.77602],[46.99244,40.77985],[46.98479,40.78897],[46.97861,40.79957],[46.97596,40.80752],[46.97154,40.81282],[46.96183,40.81988],[46.94122,40.83136]]]]}},{"type":"Feature","properties":{"name":"Habbaniyah","rank":6},"geometry":{"type":"MultiPolygon","coordinates":[[[[43.44653,33.25207],[43.41621,33.25207],[43.39384,33.25914],[43.35057,33.28681],[43.30435,33.30477],[43.28728,33.32154],[43.29523,33.34892],[43.30612,33.35598],[43.32231,33.35687],[43.33879,33.36011],[43.35675,33.37571],[43.36205,33.39043],[43.37088,33.44459],[43.4168,33.42516],[43.42563,33.41662],[43.42887,33.39896],[43.42946,33.3813],[43.43387,33.36747],[43.44977,33.36187],[43.48185,33.32949],[43.48686,33.33096],[43.49039,33.33508],[43.49746,33.33332],[43.51129,33.32714],[43.51718,33.33126],[43.52248,33.34038],[43.52925,33.35569],[43.57016,33.33744],[43.57635,33.33096],[43.57958,33.32302],[43.59371,33.30094],[43.59695,33.29299],[43.59195,33.2718],[43.58047,33.24736],[43.56486,33.22558],[43.54897,33.21116],[43.53867,33.2088],[43.52454,33.2088],[43.51276,33.20733],[43.50099,33.19467],[43.48656,33.18908],[43.46655,33.18378],[43.45742,33.18584],[43.44653,33.18967],[43.43652,33.19497],[43.42887,33.20115],[43.42681,33.20969],[43.43299,33.21557],[43.43799,33.22205],[43.4324,33.23147],[43.43711,33.23677],[43.43917,33.2403],[43.44153,33.24324],[43.44653,33.24589],[43.44653,33.25207]]]]}},{"type":"Feature","properties":{"name":"Tharthar","rank":3},"geometry":{"type":"MultiPolygon","coordinates":[[[[43.29994,33.72276],[43.2914,33.71982],[43.28492,33.72335],[43.2808,33.73248],[43.27462,33.73248],[43.27138,33.72777],[43.26491,33.72247],[43.26108,33.71835],[43.24901,33.72718],[43.23518,33.74778],[43.22281,33.75161],[43.22252,33.75544],[43.20986,33.77104],[43.20692,33.77339],[43.20338,33.77869],[43.20074,33.78164],[43.2028,33.7837],[43.2131,33.78634],[43.2078,33.79488],[43.17218,33.82049],[43.13686,33.86141],[43.12479,33.88731],[43.09624,33.91498],[43.08976,33.92735],[43.0877,33.93588],[43.07828,33.94677],[43.07622,33.95443],[43.08034,33.96267],[43.08711,33.96826],[43.08858,33.97297],[43.07622,33.97886],[43.08299,33.99328],[43.07239,33.99269],[43.06916,33.99328],[43.06916,33.99947],[43.08299,34.01183],[43.07916,34.05451],[43.08976,34.06746],[43.08976,34.07512],[43.06768,34.08542],[43.06415,34.10455],[43.07622,34.14959],[43.07534,34.17667],[43.05944,34.21818],[43.0512,34.2535],[43.05149,34.26439],[43.05885,34.27676],[43.07445,34.28853],[43.08034,34.29501],[43.08299,34.30413],[43.07622,34.32945],[43.07651,34.34299],[43.08652,34.34887],[43.09624,34.34446],[43.10301,34.33386],[43.11007,34.30796],[43.11773,34.30796],[43.11272,34.32091],[43.11125,34.33651],[43.11478,34.34593],[43.12391,34.34122],[43.12921,34.33327],[43.13392,34.32415],[43.14069,34.3165],[43.15187,34.31414],[43.1504,34.31031],[43.15011,34.30914],[43.1451,34.30796],[43.15629,34.29707],[43.15688,34.28294],[43.1451,34.25262],[43.16129,34.24761],[43.16895,34.23908],[43.19102,34.18285],[43.19279,34.18079],[43.19632,34.17991],[43.21663,34.16019],[43.2184,34.15577],[43.2184,34.14724],[43.21957,34.14341],[43.22311,34.14164],[43.23518,34.13988],[43.24048,34.13664],[43.25755,34.11221],[43.26638,34.10809],[43.2864,34.1075],[43.29523,34.1019],[43.29699,34.09425],[43.29346,34.08718],[43.29081,34.07894],[43.29523,34.06746],[43.30347,34.07453],[43.31466,34.08777],[43.3226,34.09484],[43.32555,34.08042],[43.33055,34.06864],[43.33291,34.05804],[43.32937,34.04715],[43.34645,34.04803],[43.35734,34.04156],[43.36293,34.0292],[43.36352,34.01242],[43.37088,34.01242],[43.37588,34.01948],[43.38442,34.0289],[43.39472,34.03685],[43.40503,34.03979],[43.41238,34.03597],[43.43358,34.01889],[43.43917,34.01242],[43.44094,34.00359],[43.44329,33.9765],[43.44653,33.96532],[43.45624,33.95737],[43.46802,33.9556],[43.47744,33.95178],[43.48068,33.93794],[43.4954,33.93941],[43.50334,33.9244],[43.50688,33.90586],[43.50835,33.87907],[43.50746,33.87583],[43.50216,33.87465],[43.4954,33.87495],[43.48951,33.87671],[43.48686,33.87966],[43.48215,33.88349],[43.47155,33.88201],[43.45301,33.87583],[43.46831,33.87436],[43.48804,33.86729],[43.50599,33.85788],[43.51482,33.84787],[43.50452,33.85052],[43.5004,33.85199],[43.49451,33.85552],[43.48921,33.85022],[43.4845,33.84875],[43.47921,33.84875],[43.47273,33.84787],[43.4795,33.84257],[43.47862,33.83668],[43.47508,33.82873],[43.47155,33.8096],[43.46979,33.80577],[43.46949,33.80165],[43.47273,33.79341],[43.47685,33.79076],[43.4845,33.78811],[43.49127,33.7837],[43.49451,33.77663],[43.49333,33.7625],[43.48892,33.74249],[43.48038,33.72129],[43.46655,33.70451],[43.44182,33.69303],[43.42445,33.69686],[43.40797,33.70628],[43.38736,33.71128],[43.34497,33.71423],[43.3229,33.72041],[43.30877,33.73248],[43.29994,33.72276]]]]}},{"type":"Feature","properties":{"name":"Karakaya Dam Lake","rank":7},"geometry":{"type":"MultiPolygon","coordinates":[[[[38.38082,38.5103],[38.35462,38.54209],[38.3452,38.5624],[38.33608,38.59802],[38.35933,38.63776],[38.37758,38.66837],[38.39789,38.68898],[38.44734,38.70664],[38.46766,38.72784],[38.47148,38.74079],[38.48826,38.714],[38.47855,38.69457],[38.43174,38.67367],[38.40025,38.65277],[38.3867,38.62834],[38.36904,38.60185],[38.36904,38.58183],[38.3767,38.55416],[38.40231,38.53944],[38.42909,38.53679],[38.44558,38.52649],[38.47178,38.50942],[38.53565,38.48675],[38.5804,38.47115],[38.6219,38.46114],[38.67047,38.44672],[38.69844,38.44201],[38.72434,38.44142],[38.76055,38.44112],[38.80117,38.45231],[38.8412,38.46556],[38.84768,38.43759],[38.86505,38.42405],[38.87976,38.38814],[38.90331,38.38225],[38.93952,38.36312],[38.96543,38.34428],[38.99663,38.33692],[39.0137,38.34163],[39.05079,38.34899],[39.07346,38.34811],[39.02636,38.32044],[38.93952,38.31072],[38.91656,38.29365],[38.90125,38.28865],[38.92157,38.32014],[38.92392,38.3434],[38.91067,38.34958],[38.88948,38.3537],[38.87005,38.36812],[38.85121,38.38873],[38.83208,38.4005],[38.82236,38.41022],[38.80559,38.42523],[38.78233,38.41905],[38.75496,38.40933],[38.73111,38.40404],[38.70109,38.40227],[38.68136,38.41287],[38.63485,38.43053],[38.57451,38.44701],[38.53536,38.4529],[38.50504,38.45849],[38.47943,38.46732],[38.44528,38.47615],[38.41879,38.49293],[38.39936,38.49823],[38.38082,38.5103]]]]}},{"type":"Feature","properties":{"name":"","rank":4},"geometry":{"type":"MultiPolygon","coordinates":[[[[33.53647,49.00232],[33.58563,49.00821],[33.61859,48.99673],[33.66334,48.98083],[33.71956,48.95905],[33.75547,48.94963],[33.77372,48.9461],[33.79521,48.93697],[33.82612,48.93491],[33.86027,48.92932],[33.89294,48.91284],[33.89294,48.91284],[33.93975,48.89458],[33.97654,48.87781],[33.99597,48.86544],[34.05396,48.87722],[34.0987,48.88163],[34.10901,48.8887],[34.11136,48.91195],[34.12372,48.9305],[34.13991,48.91637],[34.13197,48.88163],[34.10989,48.85337],[34.11372,48.83689],[34.13785,48.84307],[34.15699,48.85514],[34.17612,48.86338],[34.20114,48.86839],[34.2191,48.86132],[34.20173,48.85543],[34.18142,48.84542],[34.20202,48.83336],[34.22646,48.83512],[34.24412,48.83306],[34.25619,48.81305],[34.25678,48.79214],[34.26031,48.76977],[34.26767,48.75653],[34.30417,48.7421],[34.32948,48.72238],[34.35657,48.70678],[34.41809,48.6797],[34.46872,48.66027],[34.50993,48.62495],[34.56056,48.59374],[34.57027,48.56225],[34.52259,48.52486],[34.49109,48.53193],[34.46901,48.54841],[34.47696,48.56843],[34.47402,48.58079],[34.45636,48.58756],[34.43663,48.59845],[34.41043,48.59786],[34.38276,48.59728],[34.3651,48.61258],[34.36981,48.63701],[34.3651,48.65586],[34.32831,48.6588],[34.2971,48.66586],[34.29357,48.69],[34.27944,48.70207],[34.24176,48.70619],[34.21527,48.73239],[34.19202,48.74917],[34.15875,48.74858],[34.13491,48.75977],[34.10106,48.76683],[34.06779,48.77272],[34.04483,48.7839],[34.02776,48.79303],[34.01481,48.80039],[33.99597,48.78979],[33.97213,48.78596],[33.96212,48.80274],[33.9474,48.82806],[33.92473,48.84395],[33.88676,48.86132],[33.85291,48.86397],[33.84467,48.87516],[33.80875,48.8887],[33.77932,48.89664],[33.75695,48.90695],[33.72928,48.91519],[33.70926,48.90665],[33.70396,48.89841],[33.69542,48.91136],[33.66569,48.93079],[33.63096,48.93756],[33.5977,48.95316],[33.56826,48.97082],[33.53647,49.00232]]]]}},{"type":"Feature","properties":{"name":"Kyiv","rank":7},"geometry":{"type":"MultiPolygon","coordinates":[[[[30.43063,50.86359],[30.43622,50.87654],[30.4374,50.89096],[30.43269,50.90509],[30.44682,50.91039],[30.44653,50.92687],[30.44241,50.94748],[30.44623,50.96661],[30.42975,50.97397],[30.41209,51.01224],[30.38824,51.02107],[30.2702,51.02931],[30.25401,51.03402],[30.25666,51.03932],[30.2858,51.04168],[30.29522,51.04374],[30.30788,51.05316],[30.31995,51.05522],[30.33379,51.05316],[30.34674,51.04962],[30.3591,51.04904],[30.37117,51.05522],[30.36676,51.05787],[30.36469,51.06052],[30.36263,51.06405],[30.35822,51.06905],[30.37117,51.07641],[30.37617,51.0717],[30.38442,51.06817],[30.39442,51.0667],[30.40473,51.06905],[30.41061,51.07376],[30.41091,51.07994],[30.41003,51.0873],[30.41238,51.09702],[30.42739,51.11409],[30.44447,51.11468],[30.4636,51.11232],[30.48421,51.12057],[30.4895,51.12998],[30.48744,51.13999],[30.48008,51.14824],[30.47008,51.15147],[30.45624,51.15442],[30.45418,51.16119],[30.46007,51.17532],[30.46301,51.17826],[30.47008,51.18003],[30.47743,51.18444],[30.48038,51.19592],[30.4845,51.20417],[30.49392,51.21093],[30.51452,51.22035],[30.52895,51.21977],[30.53601,51.2127],[30.54072,51.20417],[30.54926,51.19916],[30.55956,51.20122],[30.59047,51.22035],[30.589,51.20063],[30.58194,51.18533],[30.57369,51.17267],[30.56987,51.16148],[30.56663,51.11056],[30.56221,51.09702],[30.57193,51.10202],[30.58223,51.10173],[30.59106,51.09525],[30.59724,51.08259],[30.59606,51.07288],[30.59077,51.06169],[30.56486,51.02225],[30.55868,51.00076],[30.55986,50.9778],[30.56987,50.95337],[30.56045,50.93865],[30.5575,50.91333],[30.56045,50.88566],[30.56987,50.86359],[30.55956,50.84269],[30.54514,50.76291],[30.53572,50.73377],[30.52336,50.71375],[30.50952,50.68461],[30.50569,50.654],[30.52218,50.63016],[30.52247,50.6225],[30.52689,50.61279],[30.52718,50.60307],[30.51452,50.5966],[30.50952,50.60101],[30.47008,50.62397],[30.45271,50.63045],[30.43063,50.64576],[30.41032,50.66371],[30.39855,50.67843],[30.39796,50.6852],[30.39884,50.70286],[30.37882,50.727],[30.37824,50.74025],[30.38353,50.78057],[30.38824,50.79176],[30.39707,50.80412],[30.41209,50.83915],[30.43063,50.86359]]]]}},{"type":"Feature","properties":{"name":"Ilmen","rank":4},"geometry":{"type":"MultiPolygon","coordinates":[[[[31.6493,58.21975],[31.63723,58.22445],[31.59072,58.2168],[31.56806,58.22328],[31.54156,58.23535],[31.51507,58.24241],[31.47062,58.22357],[31.44472,58.21592],[31.42941,58.2062],[31.44059,58.18943],[31.41027,58.18972],[31.39673,58.18589],[31.38555,58.17589],[31.41675,58.15057],[31.42705,58.13467],[31.42705,58.11319],[31.41822,58.11731],[31.41057,58.12319],[31.39615,58.13791],[31.38467,58.14262],[31.3517,58.14409],[31.33757,58.14792],[31.33668,58.16588],[31.30195,58.16382],[31.23454,58.15175],[31.21982,58.15763],[31.20393,58.16087],[31.14594,58.16441],[31.1062,58.17353],[31.08706,58.17589],[31.07441,58.17883],[31.03643,58.19355],[31.00994,58.20885],[30.99051,58.21386],[30.95048,58.2168],[30.94341,58.21886],[30.9387,58.22828],[30.93282,58.23034],[30.92222,58.22975],[30.91486,58.2274],[30.89926,58.21975],[30.88366,58.21651],[30.83774,58.2221],[30.88719,58.24065],[30.98374,58.29128],[31.00582,58.31012],[31.01494,58.33278],[31.0641,58.32189],[31.1218,58.32925],[31.17655,58.34956],[31.21717,58.37752],[31.26309,58.41697],[31.27546,58.4364],[31.30342,58.51852],[31.30754,58.50852],[31.30931,58.49851],[31.3096,58.47761],[31.32314,58.45259],[31.34139,58.42992],[31.36641,58.41844],[31.41675,58.42845],[31.43235,58.42197],[31.44766,58.41314],[31.46414,58.40843],[31.50241,58.40725],[31.5189,58.40137],[31.5289,58.38812],[31.52213,58.38871],[31.508,58.38753],[31.50153,58.38812],[31.51036,58.37193],[31.5292,58.36133],[31.55039,58.3581],[31.56658,58.36398],[31.61015,58.40078],[31.62516,58.40843],[31.6231,58.39195],[31.62869,58.38371],[31.63988,58.38135],[31.65577,58.38135],[31.66637,58.37576],[31.66637,58.3631],[31.66019,58.34897],[31.65224,58.33955],[31.64606,58.34809],[31.63782,58.35545],[31.62811,58.36016],[31.6181,58.36016],[31.61074,58.35574],[31.61162,58.35074],[31.61574,58.34426],[31.62339,58.32042],[31.64694,58.29039],[31.65224,58.27479],[31.65636,58.25507],[31.66667,58.243],[31.68021,58.2324],[31.69375,58.2168],[31.69993,58.20032],[31.70405,58.18177],[31.7117,58.16529],[31.72819,58.15528],[31.70876,58.14674],[31.69581,58.1594],[31.6805,58.1962],[31.67344,58.20326],[31.6493,58.21975]]]]}},{"type":"Feature","properties":{"name":"Cheboksary","rank":7},"geometry":{"type":"MultiPolygon","coordinates":[[[[45.21301,56.17185],[45.24509,56.17715],[45.27129,56.17539],[45.31545,56.15095],[45.35195,56.12064],[45.37255,56.10768],[45.39022,56.10974],[45.41347,56.11386],[45.43408,56.12358],[45.45998,56.14713],[45.48412,56.17892],[45.52474,56.18422],[45.55182,56.19217],[45.57184,56.20335],[45.60275,56.20365],[45.62953,56.21689],[45.65573,56.21395],[45.6625,56.206],[45.68046,56.20482],[45.70784,56.19864],[45.71755,56.20482],[45.72638,56.21277],[45.74434,56.21012],[45.75788,56.20512],[45.75788,56.20512],[45.79026,56.22396],[45.82499,56.24544],[45.88092,56.24338],[45.93185,56.22278],[45.94156,56.206],[45.95775,56.1798],[45.9813,56.17421],[45.99219,56.18922],[46.03134,56.1954],[46.06873,56.19334],[46.0908,56.20011],[46.09198,56.21542],[46.08374,56.22661],[46.07903,56.23897],[46.04959,56.24132],[46.03988,56.22307],[46.05931,56.21424],[46.06961,56.21248],[46.04547,56.20894],[46.01427,56.21071],[46.00073,56.22808],[46.00426,56.25634],[46.02663,56.26016],[46.05195,56.25899],[46.0911,56.25663],[46.13849,56.26458],[46.16322,56.28342],[46.21532,56.29166],[46.27802,56.30196],[46.32659,56.3055],[46.35397,56.32051],[46.34778,56.33111],[46.33395,56.34082],[46.31717,56.34994],[46.30863,56.35554],[46.29539,56.36878],[46.29068,56.36996],[46.27331,56.37585],[46.2477,56.38262],[46.24917,56.3941],[46.2527,56.4097],[46.23298,56.42354],[46.21738,56.43325],[46.23033,56.43825],[46.25094,56.44502],[46.27478,56.45415],[46.29921,56.43796],[46.35279,56.4097],[46.39959,56.40175],[46.42285,56.38615],[46.45375,56.38497],[46.47289,56.38968],[46.48172,56.38085],[46.51174,56.37526],[46.56532,56.38409],[46.60035,56.40705],[46.6239,56.42383],[46.6604,56.42089],[46.71338,56.41176],[46.74959,56.40028],[46.77137,56.3941],[46.78874,56.37761],[46.78933,56.35848],[46.79168,56.33964],[46.82348,56.32846],[46.86174,56.31462],[46.85762,56.27429],[46.84732,56.24191],[46.86351,56.24427],[46.88382,56.24103],[46.91414,56.23544],[46.96124,56.23249],[46.9895,56.21542],[47.00098,56.20924],[47.02011,56.20571],[47.05131,56.19952],[47.09488,56.19334],[47.14198,56.19629],[47.17907,56.20747],[47.20468,56.19952],[47.23559,56.18628],[47.26767,56.18127],[47.30741,56.1748],[47.36834,56.17774],[47.41633,56.17774],[47.44547,56.1695],[47.46313,56.15684],[47.45194,56.1433],[47.40867,56.13329],[47.35804,56.12947],[47.29122,56.13918],[47.24294,56.14418],[47.1826,56.14507],[47.10047,56.14065],[47.06515,56.12858],[47.00157,56.12446],[46.91385,56.13153],[46.86204,56.16008],[46.82848,56.18804],[46.76195,56.21307],[46.70279,56.24191],[46.67482,56.25074],[46.62949,56.28724],[46.59328,56.32728],[46.57621,56.34288],[46.54942,56.33994],[46.51645,56.32345],[46.48084,56.31697],[46.45493,56.30432],[46.4411,56.30049],[46.42167,56.29372],[46.37781,56.27989],[46.32777,56.26546],[46.29627,56.25751],[46.26683,56.25221],[46.22562,56.24692],[46.18265,56.23338],[46.14997,56.21513],[46.12377,56.18539],[46.08109,56.16273],[46.03458,56.14978],[46.00691,56.14212],[45.99631,56.13123],[46.03399,56.11651],[46.06843,56.10032],[46.08197,56.09238],[46.11288,56.08237],[46.12701,56.06912],[46.11406,56.06323],[46.10405,56.05735],[46.08197,56.06029],[46.04665,56.08619],[46.02163,56.11033],[45.99602,56.11416],[45.96511,56.11681],[45.93626,56.13064],[45.9239,56.14654],[45.93155,56.16126],[45.91036,56.17862],[45.86238,56.18952],[45.82411,56.18451],[45.77024,56.15537],[45.71254,56.13771],[45.66221,56.12888],[45.61128,56.12476],[45.58038,56.12387],[45.53622,56.12005],[45.4797,56.09885],[45.43584,56.07177],[45.38462,56.07501],[45.33193,56.08796],[45.30309,56.10974],[45.27718,56.13035],[45.19446,56.14183],[45.21301,56.17185]]]]}},{"type":"Feature","properties":{"name":"Mjøsa","rank":8},"geometry":{"type":"MultiPolygon","coordinates":[[[[11.26076,60.60704],[11.25899,60.61499],[11.27636,60.60086],[11.27224,60.58084],[11.25752,60.56023],[11.24192,60.54316],[11.23191,60.52167],[11.23603,60.48046],[11.22838,60.46103],[11.22779,60.44396],[11.23073,60.41747],[11.22632,60.40157],[11.20424,60.41658],[11.18658,60.46192],[11.16921,60.48252],[11.16273,60.49224],[11.17215,60.51019],[11.17951,60.53551],[11.17951,60.55759],[11.16656,60.5673],[11.14419,60.57348],[11.12623,60.5882],[11.09444,60.62146],[11.07354,60.63353],[11.04617,60.64501],[11.01614,60.65325],[10.98818,60.65679],[10.97993,60.66032],[10.94314,60.68475],[10.89574,60.6977],[10.81009,60.73891],[10.7621,60.74981],[10.73443,60.76246],[10.70794,60.77806],[10.69057,60.79278],[10.68233,60.81574],[10.69057,60.86402],[10.68675,60.87903],[10.61463,60.94467],[10.57872,60.96646],[10.49993,61],[10.53307,61],[10.57607,60.98883],[10.60109,60.97823],[10.72972,60.88403],[10.73826,60.86843],[10.73414,60.85931],[10.71559,60.84341],[10.71088,60.83488],[10.71294,60.82546],[10.71913,60.81398],[10.72707,60.80426],[10.76711,60.78277],[10.77977,60.77954],[10.79654,60.77806],[10.84806,60.76658],[10.91517,60.75952],[10.94961,60.76423],[10.96404,60.78307],[10.96257,60.7969],[10.95727,60.80515],[10.91223,60.83046],[10.90458,60.83723],[10.89574,60.84783],[10.88397,60.87138],[10.87455,60.87933],[10.85512,60.88197],[10.87573,60.89051],[10.89928,60.88521],[10.92077,60.87314],[10.93607,60.86166],[10.94991,60.84636],[10.95668,60.84106],[10.96698,60.83635],[10.98847,60.83193],[10.99818,60.82752],[11.02733,60.80456],[11.04116,60.79779],[11.08914,60.78866],[11.09032,60.78424],[11.07972,60.77571],[11.06648,60.75923],[11.09415,60.72537],[11.10121,60.71124],[11.1068,60.69682],[11.10769,60.68946],[11.10828,60.68033],[11.11151,60.67357],[11.13565,60.65679],[11.16332,60.62264],[11.1907,60.59821],[11.22308,60.58761],[11.26576,60.59409],[11.26223,60.5988],[11.26105,60.60233],[11.26076,60.60704]]]]}},{"type":"Feature","properties":{"name":"Mbakaou","rank":8},"geometry":{"type":"MultiPolygon","coordinates":[[[[12.72227,6.52234],[12.74406,6.50644],[12.76113,6.48613],[12.78439,6.4723],[12.80558,6.49997],[12.80823,6.48613],[12.81117,6.4723],[12.84267,6.4773],[12.87211,6.48319],[12.8621,6.467],[12.82825,6.46111],[12.79557,6.4511],[12.77762,6.42785],[12.80205,6.40842],[12.83325,6.42785],[12.83443,6.41843],[12.83325,6.40548],[12.84414,6.41254],[12.85533,6.42226],[12.85827,6.41931],[12.86121,6.41666],[12.85356,6.38752],[12.8777,6.3834],[12.88535,6.36486],[12.90007,6.36103],[12.91449,6.34278],[12.92774,6.32217],[12.93186,6.33748],[12.92921,6.35396],[12.93245,6.36574],[12.93893,6.37221],[12.93981,6.40195],[12.94452,6.42785],[12.94717,6.4249],[12.95011,6.42226],[12.95158,6.43079],[12.95571,6.43903],[12.98661,6.43197],[13.01664,6.43903],[12.99662,6.40783],[12.97219,6.37221],[12.98308,6.36015],[12.9666,6.35543],[12.98985,6.33424],[13.00133,6.31805],[12.96277,6.31687],[12.93893,6.28332],[12.92068,6.28832],[12.91126,6.31099],[12.89978,6.30009],[12.88889,6.28891],[12.87181,6.32129],[12.83325,6.2945],[12.80234,6.32306],[12.77232,6.34454],[12.75083,6.37928],[12.75554,6.39988],[12.69019,6.44286],[12.62219,6.45552],[12.62778,6.45552],[12.63338,6.45552],[12.62366,6.47848],[12.61101,6.49997],[12.62926,6.48849],[12.65015,6.48319],[12.65015,6.48878],[12.65015,6.49437],[12.67017,6.49379],[12.68872,6.49997],[12.68666,6.5294],[12.72227,6.53323],[12.72227,6.52793],[12.72227,6.52234]]]]}},{"type":"Feature","properties":{"name":"Saratov","rank":7},"geometry":{"type":"MultiPolygon","coordinates":[[[[48.43747,53.10958],[48.45837,53.12254],[48.46838,53.13608],[48.47839,53.14844],[48.49223,53.1611],[48.51342,53.17699],[48.57612,53.17052],[48.66178,53.13843],[48.61586,53.12636],[48.6035,53.11959],[48.59143,53.11165],[48.56435,53.09928],[48.54315,53.08103],[48.54521,53.05513],[48.53932,53.02157],[48.56729,52.99508],[48.56582,52.98507],[48.55728,52.97388],[48.57053,52.95887],[48.60202,52.93326],[48.62175,52.90382],[48.61556,52.88204],[48.59143,52.85937],[48.56435,52.83111],[48.53697,52.80609],[48.48663,52.78284],[48.44837,52.76753],[48.43983,52.76017],[48.42364,52.73721],[48.41069,52.71484],[48.4098,52.69394],[48.3942,52.65891],[48.41746,52.64361],[48.44454,52.65862],[48.46161,52.67599],[48.4987,52.68864],[48.52608,52.68099],[48.51489,52.67304],[48.49105,52.67481],[48.47986,52.66097],[48.46691,52.64743],[48.44366,52.62977],[48.41805,52.60975],[48.39773,52.60975],[48.37919,52.60769],[48.34593,52.60298],[48.31855,52.59945],[48.27793,52.59003],[48.26498,52.56943],[48.26292,52.53852],[48.2479,52.52174],[48.22671,52.50496],[48.21817,52.48288],[48.21317,52.46875],[48.20964,52.45345],[48.21229,52.42048],[48.18609,52.38133],[48.18285,52.36425],[48.17343,52.33187],[48.14075,52.29272],[48.1228,52.27329],[48.13163,52.26181],[48.14105,52.24798],[48.15459,52.24033],[48.1799,52.24386],[48.18844,52.23473],[48.19757,52.22149],[48.22906,52.21707],[48.25232,52.22355],[48.26969,52.22355],[48.3106,52.21943],[48.3471,52.21501],[48.38419,52.21383],[48.43041,52.21619],[48.4516,52.21796],[48.46485,52.21501],[48.46043,52.20383],[48.43512,52.20177],[48.40922,52.19499],[48.38567,52.19205],[48.35005,52.1947],[48.31325,52.1947],[48.29265,52.19205],[48.27381,52.18528],[48.24996,52.19205],[48.20669,52.19823],[48.16872,52.20059],[48.15812,52.2156],[48.14075,52.22855],[48.10484,52.22767],[48.06216,52.23091],[48.03802,52.2209],[48.02743,52.19588],[47.98857,52.17233],[47.97503,52.14525],[47.96649,52.11699],[47.9556,52.1061],[47.93823,52.09462],[47.91969,52.07725],[47.8773,52.07225],[47.84315,52.06489],[47.83432,52.05458],[47.81813,52.05458],[47.78987,52.05635],[47.76897,52.07401],[47.75661,52.08932],[47.78104,52.12082],[47.8252,52.1632],[47.87465,52.20736],[47.92175,52.22531],[47.95913,52.24945],[48.00182,52.29037],[48.03243,52.31774],[48.04273,52.33511],[48.06746,52.35601],[48.08483,52.38633],[48.10896,52.41783],[48.11986,52.45433],[48.1125,52.49112],[48.1072,52.51497],[48.10543,52.54411],[48.11927,52.56737],[48.16578,52.59857],[48.21199,52.63772],[48.23318,52.67186],[48.25938,52.69806],[48.30236,52.71043],[48.33739,52.71896],[48.33769,52.74369],[48.3368,52.7796],[48.35388,52.81404],[48.36948,52.84171],[48.39656,52.86938],[48.43159,52.90412],[48.46573,52.93208],[48.4987,52.95357],[48.49458,52.97624],[48.46397,53.02186],[48.43718,53.0619],[48.42747,53.08397],[48.43747,53.10958]]]]}},{"type":"Feature","properties":{"name":"Nizhnekamsk","rank":7},"geometry":{"type":"MultiPolygon","coordinates":[[[[53.33393,55.87602],[53.4084,55.88632],[53.47081,55.90045],[53.50113,55.9134],[53.53851,55.9396],[53.56412,55.92783],[53.59709,55.919],[53.63065,55.91546],[53.66715,55.91517],[53.68569,55.9137],[53.69511,55.88426],[53.68187,55.87543],[53.66774,55.87101],[53.64595,55.87455],[53.63271,55.8769],[53.61917,55.87896],[53.58679,55.87602],[53.56118,55.85983],[53.54469,55.84128],[53.5182,55.84805],[53.4973,55.86866],[53.47375,55.87837],[53.45726,55.87131],[53.42753,55.86719],[53.37308,55.85365],[53.34188,55.8457],[53.3145,55.83981],[53.25592,55.84187],[53.19911,55.84187],[53.14465,55.84187],[53.09579,55.84982],[53.02543,55.87307],[52.96097,55.90045],[52.88679,55.91281],[52.85382,55.91517],[52.83998,55.91635],[52.84499,55.9031],[52.8603,55.89633],[52.87825,55.89545],[52.89003,55.88573],[52.90828,55.88279],[52.93359,55.88632],[52.95449,55.88191],[52.97274,55.87808],[52.98481,55.87455],[53.00188,55.85747],[53.01925,55.83392],[53.0584,55.81567],[53.10167,55.81714],[53.12758,55.81302],[53.16643,55.80302],[53.2097,55.80154],[53.2206,55.80802],[53.22325,55.79772],[53.2259,55.78418],[53.23914,55.78594],[53.26917,55.78889],[53.29183,55.77888],[53.30537,55.7724],[53.32303,55.76328],[53.33746,55.75445],[53.35188,55.73973],[53.37278,55.72383],[53.39103,55.71412],[53.40075,55.71147],[53.42018,55.71412],[53.42518,55.70499],[53.42194,55.69528],[53.41134,55.68762],[53.41635,55.67879],[53.3981,55.67526],[53.37484,55.69086],[53.35365,55.69351],[53.32039,55.70735],[53.29036,55.71647],[53.27329,55.73943],[53.24797,55.75209],[53.20912,55.75592],[53.18616,55.75386],[53.15672,55.72942],[53.11521,55.71265],[53.09814,55.71588],[53.1058,55.72148],[53.13582,55.73266],[53.14347,55.76239],[53.11139,55.77358],[53.08696,55.77005],[53.04162,55.76181],[52.9804,55.76181],[52.95626,55.7777],[52.93742,55.80272],[52.93124,55.82038],[52.90857,55.8354],[52.88591,55.84217],[52.82409,55.84364],[52.75638,55.8454],[52.72283,55.84805],[52.69987,55.83893],[52.67396,55.82715],[52.64129,55.83127],[52.61126,55.8351],[52.58271,55.84776],[52.54798,55.83039],[52.50823,55.83746],[52.47497,55.83333],[52.44083,55.82921],[52.40197,55.83275],[52.36223,55.82921],[52.34575,55.80861],[52.34192,55.79095],[52.35163,55.77152],[52.37077,55.75121],[52.39461,55.74797],[52.3849,55.74061],[52.36724,55.72089],[52.34957,55.70117],[52.31248,55.68468],[52.29335,55.67526],[52.27539,55.68409],[52.27657,55.69587],[52.30483,55.71529],[52.32279,55.74974],[52.30718,55.78241],[52.29335,55.81332],[52.291,55.85159],[52.31454,55.88485],[52.36223,55.88838],[52.3846,55.90369],[52.43288,55.89868],[52.50853,55.88956],[52.56446,55.91399],[52.59301,55.94725],[52.64099,55.97404],[52.68427,56.00259],[52.72606,56.00701],[52.77934,56.02055],[52.82733,56.03821],[52.84911,56.0441],[52.8809,56.05293],[52.90239,56.0547],[52.89856,56.03144],[52.87707,56.02349],[52.84999,56.01908],[52.8391,56.01319],[52.82262,56.00848],[52.79701,55.99994],[52.78906,55.98846],[52.81437,55.98287],[52.86913,55.97228],[52.89945,55.94549],[52.95155,55.92518],[53.02985,55.91016],[53.10727,55.88868],[53.15849,55.87896],[53.1891,55.87484],[53.24679,55.87366],[53.28624,55.88514],[53.30626,55.89397],[53.31273,55.88249],[53.33393,55.87602]]]]}},{"type":"Feature","properties":{"name":"Atatürk Dam","rank":7},"geometry":{"type":"MultiPolygon","coordinates":[[[[38.61366,37.5492],[38.60336,37.54096],[38.60453,37.52035],[38.6013,37.49209],[38.57657,37.4762],[38.56156,37.48179],[38.54507,37.48326],[38.51976,37.47355],[38.533,37.45265],[38.55803,37.4238],[38.54007,37.41762],[38.49003,37.4447],[38.43086,37.46354],[38.37287,37.47296],[38.33608,37.48326],[38.31694,37.49769],[38.31606,37.5177],[38.30369,37.53419],[38.28603,37.55097],[38.28073,37.56215],[38.27367,37.57363],[38.25512,37.58423],[38.24777,37.59601],[38.25748,37.61249],[38.2775,37.61485],[38.3087,37.60042],[38.31459,37.58217],[38.32312,37.56686],[38.34078,37.57216],[38.34903,37.60572],[38.34226,37.65458],[38.3399,37.67961],[38.36492,37.65753],[38.38994,37.65076],[38.40142,37.66018],[38.42586,37.66018],[38.4394,37.654],[38.44911,37.63575],[38.45882,37.6222],[38.44057,37.62633],[38.42115,37.62721],[38.41585,37.60866],[38.40554,37.60219],[38.38464,37.59836],[38.37346,37.5754],[38.36757,37.55479],[38.37258,37.54214],[38.37493,37.5286],[38.37464,37.50858],[38.38729,37.49533],[38.39583,37.50799],[38.40643,37.51741],[38.4185,37.52418],[38.44999,37.53154],[38.48591,37.54479],[38.49268,37.56775],[38.50563,37.5804],[38.53036,37.58276],[38.54183,37.591],[38.55803,37.6016],[38.57745,37.60631],[38.59364,37.60896],[38.62102,37.61985],[38.62367,37.63869],[38.62985,37.65194],[38.66105,37.65076],[38.70462,37.64811],[38.73818,37.65929],[38.71374,37.69373],[38.67989,37.72847],[38.66665,37.7476],[38.65811,37.78587],[38.66723,37.79676],[38.68519,37.77056],[38.69226,37.74672],[38.7264,37.69903],[38.77438,37.659],[38.80824,37.65959],[38.81324,37.67077],[38.7891,37.69727],[38.81412,37.71522],[38.84886,37.71287],[38.87653,37.72346],[38.87888,37.74819],[38.873,37.75791],[38.89272,37.76762],[38.90243,37.76968],[38.91803,37.76762],[38.93246,37.7794],[38.92981,37.795],[38.88477,37.77351],[38.88271,37.8106],[38.89978,37.82443],[38.92657,37.84327],[38.9513,37.84062],[38.96101,37.85946],[38.97337,37.86623],[38.98279,37.8995],[39.00016,37.88095],[38.99427,37.85299],[38.99221,37.8262],[38.97072,37.80854],[38.97926,37.79588],[38.97955,37.77763],[38.97278,37.74996],[38.94717,37.7479],[38.92833,37.72788],[38.93569,37.71051],[38.91273,37.69786],[38.92716,37.69521],[38.946,37.69903],[38.9513,37.68814],[38.93157,37.68225],[38.91215,37.69197],[38.88889,37.68549],[38.84709,37.68667],[38.8412,37.67607],[38.88271,37.65458],[38.88094,37.63869],[38.8359,37.64104],[38.80264,37.63251],[38.77821,37.62633],[38.74995,37.62044],[38.71168,37.61514],[38.67754,37.61367],[38.65781,37.61013],[38.64869,37.59807],[38.62985,37.57069],[38.61366,37.5492]]]]}},{"type":"Feature","properties":{"name":"Rybinsk","rank":2},"geometry":{"type":"MultiPolygon","coordinates":[[[[38.70403,58.11319],[38.6796,58.10818],[38.63338,58.12996],[38.6116,58.12408],[38.60601,58.11554],[38.60365,58.10759],[38.59953,58.10023],[38.58805,58.09317],[38.57304,58.09111],[38.56156,58.09552],[38.53977,58.10995],[38.49327,58.13055],[38.44057,58.14586],[38.38818,58.14498],[38.34402,58.11701],[38.32989,58.09641],[38.33078,58.08552],[38.38464,58.06108],[38.42821,58.034],[38.43704,58.02134],[38.42468,58.01575],[38.39671,58.02223],[38.34755,58.04195],[38.3346,58.04489],[38.30605,58.04165],[38.29074,58.04371],[38.28103,58.04254],[38.27367,58.03636],[38.26513,58.03224],[38.25159,58.03871],[38.25454,58.04254],[38.25836,58.05225],[38.25306,58.05343],[38.24305,58.05726],[38.23776,58.05843],[38.24983,58.07374],[38.24688,58.08787],[38.23746,58.10288],[38.23099,58.12054],[38.23305,58.14233],[38.24305,58.15646],[38.2719,58.18207],[38.26425,58.19855],[38.26454,58.21356],[38.2616,58.22828],[38.24394,58.24477],[38.21951,58.25448],[38.18565,58.26125],[38.1518,58.26331],[38.12855,58.25772],[38.14238,58.25095],[38.08763,58.25095],[38.08999,58.25478],[38.0944,58.26449],[38.07026,58.26773],[38.03406,58.28186],[37.99137,58.28921],[37.95634,58.30776],[37.93633,58.31306],[37.91131,58.31424],[37.90689,58.3107],[37.91219,58.30069],[37.91631,58.28156],[37.90984,58.26802],[37.896,58.27773],[37.85037,58.3316],[37.76501,58.38135],[37.76,58.38606],[37.74793,58.4049],[37.73645,58.41167],[37.71703,58.40784],[37.70643,58.41167],[37.70201,58.41815],[37.70084,58.42403],[37.69819,58.43022],[37.68965,58.4364],[37.67817,58.43905],[37.63519,58.4364],[37.64402,58.44611],[37.64815,58.44964],[37.62342,58.47084],[37.609,58.47996],[37.59428,58.48349],[37.58633,58.48821],[37.5563,58.52147],[37.53746,58.53089],[37.51892,58.52824],[37.50302,58.52294],[37.49125,58.52471],[37.48566,58.53677],[37.48713,58.55238],[37.49243,58.56798],[37.49861,58.57975],[37.44562,58.59477],[37.42443,58.60507],[37.40176,58.62096],[37.37645,58.6348],[37.32405,58.64922],[37.29932,58.66188],[37.26694,58.68778],[37.24722,58.69514],[37.2169,58.69662],[37.19895,58.69426],[37.15538,58.68278],[37.13742,58.68337],[37.10416,58.68984],[37.0865,58.68984],[37.0865,58.69662],[37.17805,58.71104],[37.20984,58.71016],[37.19836,58.72899],[37.16421,58.75608],[37.14861,58.77168],[37.13654,58.79464],[37.13978,58.80847],[37.1542,58.8173],[37.1751,58.82643],[37.15832,58.83997],[37.13742,58.85263],[37.12212,58.86617],[37.12065,58.88148],[37.19806,58.84233],[37.20984,58.82967],[37.21602,58.81083],[37.23074,58.78934],[37.24869,58.77197],[37.26488,58.76491],[37.31228,58.77109],[37.32641,58.76815],[37.33641,58.7599],[37.33906,58.75019],[37.34054,58.74048],[37.34701,58.73076],[37.37498,58.72134],[37.41177,58.7237],[37.44886,58.73312],[37.47741,58.7443],[37.45357,58.72223],[37.42413,58.70397],[37.39205,58.69073],[37.36085,58.68278],[37.37645,58.66512],[37.43885,58.6242],[37.46387,58.6139],[37.48654,58.61302],[37.4989,58.6192],[37.50715,58.62891],[37.51833,58.63774],[37.52834,58.63568],[37.54011,58.62567],[37.55483,58.61566],[37.57367,58.6139],[37.5616,58.60301],[37.54953,58.58741],[37.54453,58.56974],[37.55336,58.55208],[37.56543,58.5459],[37.57809,58.54649],[37.60458,58.55208],[37.61724,58.54826],[37.63843,58.53501],[37.64844,58.5356],[37.67994,58.55826],[37.69436,58.57534],[37.69318,58.58976],[37.67346,58.59712],[37.65433,58.59271],[37.63667,58.59329],[37.62136,58.6139],[37.63637,58.62008],[37.64196,58.62096],[37.62813,58.62685],[37.61488,58.62773],[37.60487,58.63127],[37.60105,58.64481],[37.60811,58.65158],[37.6243,58.65275],[37.65492,58.64805],[37.67729,58.63627],[37.69583,58.62096],[37.71644,58.60919],[37.7444,58.60713],[37.73557,58.62302],[37.73086,58.62832],[37.75412,58.63362],[37.77708,58.62538],[37.82005,58.60036],[37.89718,58.57799],[37.93103,58.55503],[37.94045,58.55532],[37.94869,58.55856],[37.95664,58.55944],[37.96694,58.55473],[37.98873,58.54149],[37.99815,58.53884],[38.05908,58.52912],[38.08439,58.52971],[38.0944,58.54649],[38.08675,58.5615],[38.04613,58.60036],[38.05878,58.61566],[38.1156,58.60683],[38.12855,58.61743],[38.12001,58.62891],[38.10058,58.64363],[38.07851,58.65658],[38.06349,58.66188],[38.05113,58.66394],[38.02582,58.67307],[38.01198,58.67542],[37.96076,58.66895],[37.94369,58.66924],[37.95988,58.68131],[37.98195,58.68602],[38.02611,58.68984],[37.99844,58.70015],[37.94221,58.70721],[37.91631,58.71634],[37.92397,58.72075],[37.93162,58.7237],[37.94015,58.72487],[37.95046,58.7237],[37.94133,58.73547],[37.92985,58.74312],[37.92338,58.75107],[37.93015,58.76491],[37.94369,58.75254],[37.97489,58.74224],[37.98814,58.734],[37.99903,58.72399],[38.01434,58.71339],[38.03111,58.70721],[38.04613,58.71016],[38.0529,58.72958],[38.04171,58.7546],[38.01198,58.79228],[38.00609,58.79788],[37.99962,58.8017],[37.99402,58.80612],[37.99137,58.8126],[37.99491,58.81907],[38.00315,58.82437],[38.00992,58.82996],[38.00639,58.84703],[38.00962,58.85999],[38.00992,58.87264],[37.99815,58.88148],[37.97371,58.87176],[37.94398,58.84821],[37.91602,58.83762],[37.89571,58.86735],[37.9013,58.86823],[37.91101,58.87264],[37.91631,58.87412],[37.89688,58.8856],[37.86951,58.89148],[37.85037,58.89914],[37.8542,58.91562],[37.83772,58.92239],[37.77855,58.92857],[37.74529,58.94123],[37.72851,58.94418],[37.70996,58.93946],[37.67523,58.92534],[37.65521,58.92386],[37.63843,58.9324],[37.62195,58.93888],[37.60193,58.93387],[37.56661,58.91562],[37.55101,58.91179],[37.53894,58.91032],[37.5304,58.90473],[37.5251,58.88825],[37.52775,58.87677],[37.54276,58.8541],[37.5463,58.84027],[37.53187,58.82466],[37.49773,58.83614],[37.4365,58.86735],[37.47741,58.89708],[37.49095,58.91592],[37.47624,58.95153],[37.48772,58.95624],[37.53511,58.9586],[37.54777,58.96331],[37.57367,58.97714],[37.57926,58.98127],[37.58309,58.98598],[37.58721,58.9898],[37.59428,58.99127],[37.60046,58.98921],[37.60458,58.98421],[37.60782,58.97714],[37.62548,58.97626],[37.64285,58.97744],[37.65963,58.98097],[37.71762,59.00393],[37.7238,59.00805],[37.71997,59.02248],[37.70967,59.03042],[37.68229,59.03867],[37.69672,59.04455],[37.7029,59.04603],[37.67905,59.08253],[37.67611,59.09371],[37.68111,59.10078],[37.69907,59.10107],[37.7029,59.10784],[37.70025,59.1152],[37.69348,59.11873],[37.68494,59.12079],[37.53894,59.18938],[37.66228,59.15376],[37.70349,59.14846],[37.71791,59.14464],[37.72851,59.13846],[37.7394,59.1364],[37.75471,59.14523],[37.76913,59.15671],[37.77649,59.15671],[37.78385,59.15023],[37.79915,59.14228],[37.83507,59.13404],[37.85508,59.13286],[37.87481,59.13463],[37.89041,59.14052],[37.92455,59.15788],[37.93986,59.16142],[37.95134,59.16701],[37.97401,59.1938],[37.9846,59.2038],[38.00227,59.21028],[38.01993,59.21175],[38.06025,59.20999],[38.0423,59.20469],[38.02611,59.19674],[38.01787,59.19085],[38.00168,59.17231],[37.95046,59.14228],[37.96959,59.12374],[38.10824,59.10137],[38.14474,59.08635],[38.16328,59.08311],[38.18006,59.09047],[38.18771,59.10195],[38.18624,59.11226],[38.18095,59.12285],[38.17653,59.13463],[38.17682,59.14552],[38.17977,59.15553],[38.18006,59.16642],[38.17329,59.17937],[38.15769,59.18938],[38.11442,59.19762],[38.0944,59.2038],[38.11,59.21617],[38.12973,59.21941],[38.18742,59.21587],[38.19978,59.21263],[38.20067,59.20439],[38.18389,59.18938],[38.20214,59.18644],[38.22245,59.17849],[38.24099,59.16848],[38.25483,59.15818],[38.27661,59.14611],[38.3034,59.14022],[38.33078,59.13963],[38.35374,59.14228],[38.37464,59.14846],[38.38288,59.15641],[38.38906,59.1673],[38.4029,59.1832],[38.41967,59.19438],[38.47796,59.21676],[38.47148,59.20675],[38.43704,59.1832],[38.42762,59.1729],[38.40908,59.14228],[38.38935,59.1205],[38.387,59.11903],[38.36904,59.10313],[38.36816,59.10137],[38.35521,59.09283],[38.34932,59.08989],[38.34078,59.08694],[38.32989,59.08724],[38.32018,59.09077],[38.31076,59.09283],[38.29928,59.08694],[38.31665,59.07664],[38.31723,59.06781],[38.30575,59.06457],[38.26278,59.07664],[38.2201,59.07281],[38.19684,59.0734],[38.20243,59.07016],[38.21715,59.05957],[38.17417,59.05309],[38.16269,59.0528],[38.14974,59.05721],[38.12943,59.07046],[38.10735,59.07605],[38.06644,59.09371],[38.01993,59.0996],[37.9534,59.11726],[37.88511,59.11785],[37.81858,59.10784],[37.77237,59.08694],[37.77973,59.08311],[37.7862,59.08135],[37.80239,59.08076],[37.81152,59.07899],[37.81623,59.07487],[37.81976,59.07016],[37.82624,59.06663],[37.87304,59.05544],[37.88864,59.04956],[37.90424,59.04514],[37.93073,59.04779],[37.94369,59.04603],[37.9537,59.04014],[37.9743,59.01482],[37.9846,59.0057],[38.01904,58.98774],[38.03376,58.98627],[38.05937,59.00305],[38.07409,59.00511],[38.09322,58.99363],[38.12178,58.95654],[38.15563,58.91709],[38.42335,58.74136],[38.69108,58.56562],[38.72522,58.55061],[38.80353,58.52824],[38.84091,58.52471],[38.85651,58.52058],[38.88654,58.50204],[38.90273,58.49792],[39.07463,58.50469],[38.99162,58.48026],[38.95542,58.45612],[38.96101,58.42551],[38.96572,58.41873],[38.96955,58.4049],[38.97455,58.39813],[38.98368,58.39224],[39.00045,58.384],[39.02606,58.36545],[39.06433,58.34809],[39.08082,58.33278],[38.95306,58.36016],[38.87976,58.36133],[38.84739,58.32984],[38.84003,58.30776],[38.80706,58.2742],[38.7997,58.25448],[38.7997,58.2171],[38.80647,58.18207],[38.83384,58.14203],[38.84533,58.11996],[38.84415,58.10347],[38.8309,58.09729],[38.81471,58.09906],[38.79881,58.10553],[38.77792,58.11819],[38.77527,58.12113],[38.77232,58.12732],[38.77144,58.13497],[38.77468,58.13997],[38.77821,58.1438],[38.77909,58.14792],[38.7629,58.17265],[38.73611,58.19208],[38.70521,58.20532],[38.67665,58.21003],[38.65222,58.22151],[38.62043,58.243],[38.58952,58.25478],[38.56803,58.23711],[38.58746,58.22475],[38.61778,58.19178],[38.65458,58.16647],[38.70403,58.11319]]]]}},{"type":"Feature","properties":{"name":"Kainji","rank":4},"geometry":{"type":"MultiPolygon","coordinates":[[[[4.67053,10.39735],[4.67819,10.37468],[4.69467,10.36409],[4.68084,10.33612],[4.66376,10.35055],[4.65729,10.34083],[4.65287,10.29579],[4.62314,10.2325],[4.61902,10.21337],[4.62284,10.21484],[4.63256,10.22014],[4.63374,10.2066],[4.62284,10.19336],[4.60842,10.18864],[4.59841,10.19983],[4.58252,10.18217],[4.57339,10.16274],[4.56309,10.14802],[4.54307,10.14449],[4.54307,10.13831],[4.54925,10.13389],[4.55485,10.12918],[4.55956,10.12359],[4.56368,10.1177],[4.55867,10.10917],[4.55632,10.09975],[4.55897,10.09268],[4.5675,10.08974],[4.57781,10.09327],[4.58311,10.10122],[4.58634,10.11064],[4.59164,10.1177],[4.61402,10.12536],[4.62226,10.11741],[4.6202,10.10769],[4.61137,10.11034],[4.60518,10.11034],[4.60813,10.08473],[4.60577,10.07885],[4.59841,10.08356],[4.59635,10.07031],[4.60577,10.06354],[4.61843,10.05648],[4.62579,10.04205],[4.62373,10.03499],[4.61902,10.02616],[4.60813,10.01173],[4.60607,10.00585],[4.60754,9.99966],[4.61019,9.9926],[4.61137,9.98406],[4.61372,9.97523],[4.62373,9.96581],[4.62579,9.96022],[4.62167,9.95345],[4.60813,9.95109],[4.60518,9.94256],[4.60636,9.92283],[4.61107,9.91165],[4.62167,9.91018],[4.63933,9.91901],[4.64345,9.90076],[4.63815,9.89016],[4.62991,9.88133],[4.62579,9.86749],[4.61902,9.86161],[4.60312,9.85277],[4.58487,9.84512],[4.57104,9.84277],[4.5731,9.84924],[4.57545,9.85454],[4.57928,9.85925],[4.58487,9.86455],[4.58487,9.85719],[4.59105,9.86926],[4.59017,9.88074],[4.58487,9.89075],[4.57722,9.89811],[4.57192,9.89457],[4.5675,9.8934],[4.56309,9.89281],[4.5575,9.89104],[4.5628,9.91047],[4.5625,9.93343],[4.55602,9.94697],[4.54307,9.93902],[4.53925,9.9558],[4.54984,9.96669],[4.56427,9.97729],[4.57104,9.99348],[4.56868,10.00378],[4.56309,10.01144],[4.55661,10.01732],[4.55043,10.02145],[4.54072,10.0344],[4.53454,10.0341],[4.52276,10.02145],[4.51599,10.0291],[4.52777,10.03911],[4.5366,10.05412],[4.5366,10.07002],[4.52276,10.08356],[4.51246,10.08002],[4.50274,10.08356],[4.4945,10.07178],[4.46742,10.04205],[4.47037,10.04941],[4.47478,10.06943],[4.45418,10.0606],[4.4474,10.05559],[4.45859,10.07531],[4.49391,10.09533],[4.49539,10.11034],[4.49038,10.11064],[4.46595,10.12182],[4.46448,10.12447],[4.45035,10.12771],[4.44299,10.12594],[4.43328,10.1177],[4.43975,10.1386],[4.46242,10.1439],[4.48803,10.13801],[4.50274,10.12447],[4.50893,10.12447],[4.51393,10.13625],[4.51687,10.13949],[4.52276,10.14449],[4.51776,10.1545],[4.5157,10.1651],[4.51687,10.17569],[4.52276,10.18541],[4.47713,10.17628],[4.45535,10.17952],[4.4474,10.19983],[4.48332,10.1907],[4.5051,10.20483],[4.5101,10.22838],[4.49539,10.24811],[4.4998,10.26047],[4.48626,10.28696],[4.48184,10.3061],[4.47537,10.31345],[4.44829,10.35437],[4.44417,10.36409],[4.42974,10.37027],[4.40531,10.39794],[4.39295,10.4053],[4.37764,10.40059],[4.36351,10.3894],[4.34879,10.38087],[4.33084,10.38469],[4.34232,10.3897],[4.35438,10.39735],[4.37528,10.4156],[4.38853,10.42208],[4.4006,10.41766],[4.4162,10.4053],[4.42945,10.40206],[4.4424,10.39647],[4.45359,10.39323],[4.46124,10.39823],[4.46124,10.4106],[4.44063,10.45357],[4.44505,10.45122],[4.46124,10.44621],[4.46036,10.45975],[4.46301,10.47241],[4.46801,10.48419],[4.47478,10.49449],[4.46124,10.4992],[4.45123,10.50774],[4.43328,10.52922],[4.44799,10.53276],[4.45565,10.54129],[4.46153,10.55307],[4.47125,10.56661],[4.49156,10.58574],[4.49774,10.59811],[4.48508,10.6037],[4.47419,10.60635],[4.46507,10.61282],[4.4583,10.62136],[4.45447,10.63107],[4.45388,10.6402],[4.45653,10.6452],[4.46183,10.65168],[4.46742,10.66581],[4.48273,10.63578],[4.48862,10.63107],[4.49597,10.63549],[4.50186,10.64609],[4.50893,10.66581],[4.51599,10.66581],[4.51923,10.65256],[4.521,10.63637],[4.52482,10.62313],[4.53306,10.61753],[4.54307,10.61518],[4.55279,10.6087],[4.56015,10.60017],[4.56368,10.59016],[4.57545,10.59722],[4.58193,10.59546],[4.58428,10.58662],[4.58487,10.57338],[4.58752,10.56837],[4.594,10.57073],[4.60077,10.57632],[4.62638,10.6037],[4.63933,10.61253],[4.64463,10.61488],[4.64963,10.61547],[4.65464,10.61341],[4.6567,10.609],[4.65552,10.6037],[4.65199,10.59869],[4.64787,10.59546],[4.64581,10.58986],[4.62432,10.55424],[4.62137,10.54365],[4.62373,10.53158],[4.62579,10.52746],[4.62814,10.52422],[4.63168,10.52187],[4.6358,10.52069],[4.6411,10.52157],[4.6567,10.52657],[4.65993,10.52922],[4.65699,10.5148],[4.64787,10.50626],[4.63815,10.50067],[4.63256,10.49449],[4.63315,10.48124],[4.63903,10.46682],[4.64787,10.45298],[4.6564,10.44268],[4.66553,10.42325],[4.67053,10.39735]]]]}},{"type":"Feature","properties":{"name":"Kakhovka","rank":4},"geometry":{"type":"MultiPolygon","coordinates":[[[[35.32238,47.55111],[35.3212,47.53403],[35.3262,47.52667],[35.31943,47.5199],[35.32444,47.50607],[35.30883,47.49694],[35.28823,47.48811],[35.27793,47.47487],[35.28205,47.45132],[35.28705,47.43778],[35.28234,47.43513],[35.25732,47.44484],[35.24378,47.45338],[35.23524,47.45691],[35.22259,47.45779],[35.21228,47.45544],[35.1905,47.44661],[35.17814,47.44484],[35.09954,47.45102],[35.07746,47.44455],[35.05862,47.42188],[35.04096,47.41688],[35.02124,47.41423],[34.96855,47.39627],[34.92528,47.39568],[34.8926,47.40863],[34.83285,47.45102],[34.79223,47.46721],[34.78104,47.47487],[34.76073,47.50224],[34.75366,47.50607],[34.72747,47.50901],[34.6471,47.53344],[34.6159,47.54139],[34.57646,47.53433],[34.51052,47.50607],[34.46842,47.49577],[34.38394,47.49135],[34.35215,47.4781],[34.33949,47.4628],[34.32742,47.44484],[34.31329,47.42983],[34.29387,47.42365],[34.22263,47.41688],[34.09046,47.42276],[34.05131,47.41688],[34.03571,47.40716],[34.02982,47.39215],[34.03012,47.34799],[34.06515,47.35712],[34.13785,47.35624],[34.18319,47.37979],[34.18966,47.37802],[34.19172,47.37213],[34.19143,47.3689],[34.18731,47.36624],[34.17082,47.35329],[34.16729,47.34799],[34.17435,47.33769],[34.20497,47.31974],[34.21586,47.30708],[34.17494,47.31238],[34.09223,47.33651],[34.05131,47.32798],[34.036,47.31797],[34.02276,47.30472],[34.01304,47.28853],[34.00657,47.25086],[33.99862,47.2379],[33.9212,47.17579],[33.91355,47.16667],[33.90531,47.14842],[33.88647,47.13723],[33.8638,47.12781],[33.84526,47.11515],[33.83819,47.10014],[33.8323,47.07953],[33.82347,47.06158],[33.80758,47.05363],[33.78874,47.04892],[33.70514,46.98534],[33.69955,46.97798],[33.69395,46.96149],[33.69071,46.94383],[33.6916,46.93382],[33.71073,46.92499],[33.73575,46.92205],[33.78992,46.92323],[33.78992,46.91646],[33.7699,46.91793],[33.68424,46.90527],[33.66687,46.89762],[33.65304,46.88555],[33.64038,46.86818],[33.68571,46.86818],[33.7069,46.86347],[33.70514,46.8514],[33.69513,46.84787],[33.67452,46.85464],[33.66393,46.8514],[33.65951,46.84875],[33.65451,46.84817],[33.64362,46.84817],[33.64067,46.8464],[33.63302,46.83462],[33.54,46.83139],[33.55884,46.83668],[33.56679,46.84817],[33.57091,46.862],[33.57827,46.87554],[33.59652,46.88849],[33.59887,46.88938],[33.60476,46.9038],[33.6133,46.94589],[33.61977,46.95737],[33.63891,46.97798],[33.6445,46.98828],[33.64038,46.99917],[33.62537,46.99476],[33.60476,46.99505],[33.58622,46.99976],[33.57827,47.00889],[33.58563,47.01713],[33.6236,47.01654],[33.64038,47.02625],[33.63302,47.03332],[33.64038,47.04598],[33.6551,47.06393],[33.6604,47.07424],[33.66628,47.06276],[33.66569,47.05186],[33.66216,47.04009],[33.6604,47.02625],[33.6863,47.04097],[33.77579,47.12016],[33.78609,47.13458],[33.78992,47.1493],[33.78668,47.16549],[33.77814,47.17373],[33.749,47.18403],[33.76048,47.18816],[33.76725,47.18698],[33.77343,47.18433],[33.78373,47.18403],[33.84555,47.20199],[33.92503,47.26292],[33.958,47.29736],[33.97242,47.33328],[33.94828,47.36154],[33.96035,47.36624],[33.9736,47.36801],[33.98478,47.37066],[33.9892,47.37949],[33.98478,47.39333],[33.97566,47.40422],[33.96624,47.41275],[33.96182,47.42011],[33.92915,47.44985],[33.92297,47.46456],[33.95505,47.46456],[33.94917,47.47428],[33.93415,47.48399],[33.92768,47.49194],[33.92356,47.50371],[33.92091,47.53344],[33.92267,47.54198],[33.92356,47.55434],[33.92768,47.56082],[33.93386,47.56082],[33.94917,47.54463],[33.96506,47.54051],[33.98449,47.54463],[34.00981,47.55405],[34.05102,47.57524],[34.0778,47.58113],[34.10253,47.57112],[34.13197,47.5408],[34.14698,47.5305],[34.16435,47.52667],[34.2191,47.52667],[34.25737,47.56082],[34.25737,47.56759],[34.23117,47.58937],[34.22498,47.59997],[34.23647,47.6091],[34.26001,47.61233],[34.26649,47.60144],[34.26826,47.58407],[34.27709,47.56759],[34.29092,47.57907],[34.30299,47.57966],[34.33125,47.56759],[34.35921,47.56082],[34.36569,47.55611],[34.37658,47.54316],[34.37953,47.54022],[34.38895,47.53992],[34.39689,47.54198],[34.45871,47.56994],[34.46283,47.57407],[34.4487,47.59555],[34.46666,47.59968],[34.5273,47.60174],[34.59088,47.61116],[34.61296,47.6091],[34.63209,47.60115],[34.66918,47.57907],[34.89702,47.54669],[34.94206,47.5464],[34.98592,47.55699],[35.02006,47.57642],[35.07835,47.62911],[35.09866,47.65325],[35.11897,47.68975],[35.13133,47.73008],[35.12692,47.7657],[35.091,47.80897],[35.086,47.82428],[35.11338,47.84812],[35.11661,47.83723],[35.13074,47.81721],[35.13369,47.81074],[35.13928,47.80279],[35.16253,47.79013],[35.16783,47.78365],[35.17048,47.77129],[35.17608,47.76158],[35.18844,47.74627],[35.1955,47.72949],[35.20139,47.70005],[35.20934,47.68357],[35.21935,47.67297],[35.24496,47.65502],[35.25732,47.64265],[35.2638,47.62941],[35.27528,47.59497],[35.2844,47.58113],[35.29353,47.57554],[35.31237,47.56759],[35.31943,47.56082],[35.32238,47.55111]]]]}},{"type":"Feature","properties":{"name":"Kremenchuk","rank":4},"geometry":{"type":"MultiPolygon","coordinates":[[[[33.17469,49.06355],[33.1532,49.02764],[33.1532,49.02057],[33.17999,48.98613],[33.18735,48.9723],[33.17116,48.97318],[33.16292,48.97995],[33.15644,48.98996],[33.14702,49.00026],[33.13319,49.00791],[33.1223,49.00909],[33.06872,49.00203],[33.01368,48.98348],[32.98247,48.97907],[33.08138,49.0138],[33.09168,49.01881],[33.09875,49.02764],[33.09904,49.03794],[33.09492,49.04648],[33.09257,49.0556],[33.09875,49.06914],[33.08903,49.07768],[33.07873,49.0815],[33.054,49.08209],[33.04135,49.08416],[33.01279,49.09564],[32.9395,49.07032],[32.92713,49.07179],[32.9186,49.0815],[32.89711,49.08975],[32.87209,49.09505],[32.85148,49.09564],[32.80968,49.08386],[32.78908,49.08121],[32.76965,49.08828],[32.76317,49.10859],[32.73344,49.1392],[32.66662,49.19189],[32.52327,49.26018],[32.45203,49.27431],[32.44114,49.28373],[32.43319,49.29463],[32.41435,49.30611],[32.37903,49.32229],[32.24804,49.3535],[32.208,49.36998],[32.12234,49.42709],[32.09055,49.43827],[32.0567,49.44269],[32.04434,49.44946],[32.0046,49.4945],[31.98899,49.50539],[31.96839,49.50657],[31.88567,49.55514],[31.92423,49.56044],[31.94543,49.56779],[31.95455,49.57869],[31.96191,49.599],[31.97899,49.60224],[31.9993,49.59664],[32.01608,49.58928],[32.04404,49.57103],[32.07995,49.53424],[32.11174,49.52099],[32.18298,49.50627],[32.22037,49.50716],[32.25569,49.52099],[32.30809,49.49685],[32.32074,49.49361],[32.33311,49.48832],[32.36402,49.46418],[32.37579,49.45888],[32.39021,49.45446],[32.42701,49.42473],[32.44438,49.41708],[32.50207,49.40413],[32.54417,49.38588],[32.56065,49.38382],[32.5842,49.38558],[32.59156,49.38382],[32.59568,49.3797],[32.6001,49.37234],[32.60657,49.36557],[32.6157,49.36262],[32.62894,49.36056],[32.66191,49.35173],[32.68075,49.34908],[32.70106,49.34879],[32.71961,49.35055],[32.7355,49.35497],[32.74904,49.36262],[32.74904,49.36998],[32.68811,49.39971],[32.67339,49.41119],[32.67251,49.4162],[32.67369,49.42267],[32.67369,49.42856],[32.66986,49.43091],[32.66927,49.43209],[32.65308,49.43827],[32.61187,49.46565],[32.62335,49.47419],[32.63571,49.48979],[32.65308,49.52099],[32.66515,49.55602],[32.67634,49.56397],[32.71696,49.57015],[32.72844,49.56191],[32.7461,49.54277],[32.74904,49.54071],[32.74286,49.52658],[32.70077,49.48007],[32.74728,49.47566],[32.86532,49.43827],[32.85531,49.42179],[32.84118,49.40854],[32.83853,49.40001],[32.86208,49.39677],[32.88739,49.39677],[32.90064,49.39324],[32.90918,49.38117],[32.92861,49.34143],[32.94097,49.32818],[32.95716,49.31847],[32.97865,49.31494],[33.00073,49.30787],[33.01279,49.29139],[33.03016,49.25341],[33.04576,49.24252],[33.09492,49.21721],[33.10522,49.20896],[33.14702,49.15098],[33.15409,49.14744],[33.17263,49.14156],[33.18088,49.13685],[33.20413,49.1077],[33.20443,49.1027],[33.18411,49.06914],[33.17469,49.06355]]]]}},{"type":"Feature","properties":{"name":"Kuybyshev","rank":4},"geometry":{"type":"MultiPolygon","coordinates":[[[[48.44454,54.13633],[48.37301,54.16694],[48.35858,54.20197],[48.36948,54.24347],[48.42217,54.35386],[48.42128,54.36711],[48.3995,54.3989],[48.39361,54.41656],[48.39214,54.43687],[48.39361,54.46101],[48.41186,54.52665],[48.41098,54.5399],[48.40274,54.56109],[48.41186,54.58229],[48.42835,54.60054],[48.44189,54.61172],[48.48516,54.63733],[48.53138,54.65176],[48.64059,54.65971],[48.80425,54.6494],[48.81809,54.64999],[48.82868,54.65617],[48.83192,54.66648],[48.82927,54.67943],[48.82368,54.69179],[48.81809,54.70121],[48.7963,54.72299],[48.79159,54.73595],[48.80778,54.76656],[48.81279,54.78599],[48.82074,54.80365],[48.84752,54.8166],[48.88344,54.85546],[48.89315,54.87194],[48.88579,54.88048],[48.87284,54.88696],[48.86577,54.89637],[48.86254,54.90697],[48.84811,54.93611],[48.84546,54.95436],[48.85429,55.00441],[48.85959,55.01647],[48.88609,55.03355],[49.23785,55.15129],[49.28465,55.15836],[49.29613,55.17072],[49.29437,55.18838],[49.27818,55.2084],[49.21283,55.24108],[49.20282,55.25226],[49.19811,55.27728],[49.18575,55.29406],[49.16809,55.30642],[49.14778,55.31761],[49.09332,55.36559],[49.05741,55.37884],[49.03798,55.39385],[49.0212,55.41181],[49.01001,55.42741],[49.01914,55.43271],[49.02561,55.44212],[49.03091,55.45537],[49.04033,55.45508],[49.04534,55.45037],[49.05005,55.44448],[49.05888,55.44095],[49.07713,55.44212],[49.07772,55.45007],[49.05888,55.48275],[49.07919,55.47745],[49.10421,55.46038],[49.12511,55.43977],[49.13394,55.42417],[49.14218,55.40356],[49.16161,55.3912],[49.18604,55.3862],[49.2093,55.38649],[49.19782,55.36147],[49.19517,55.34822],[49.20341,55.3391],[49.22343,55.32497],[49.2405,55.30731],[49.26523,55.27022],[49.28495,55.25609],[49.29554,55.26433],[49.29584,55.27375],[49.28907,55.28317],[49.27818,55.29023],[49.30084,55.28817],[49.34235,55.27345],[49.36678,55.27051],[49.39004,55.27404],[49.4021,55.28376],[49.40652,55.29936],[49.40711,55.32114],[49.39534,55.33351],[49.33734,55.34616],[49.31586,55.35529],[49.3085,55.37207],[49.31851,55.38355],[49.33852,55.39032],[49.35913,55.39326],[49.35501,55.40474],[49.34765,55.40945],[49.33852,55.4121],[49.3294,55.4174],[49.32204,55.42888],[49.32439,55.43506],[49.33028,55.4383],[49.33322,55.44095],[49.33411,55.44713],[49.33617,55.45419],[49.33381,55.45979],[49.32233,55.46214],[49.31409,55.46509],[49.30879,55.47186],[49.30614,55.48098],[49.30526,55.48952],[49.31645,55.51689],[49.34412,55.54015],[49.37826,55.55663],[49.40711,55.56458],[49.35854,55.52837],[49.34353,55.5063],[49.34706,55.47568],[49.38062,55.44448],[49.38474,55.43359],[49.41447,55.39326],[49.43331,55.37913],[49.45185,55.37589],[49.58667,55.38649],[49.59197,55.38531],[49.6008,55.38119],[49.60639,55.38031],[49.62612,55.38679],[49.6635,55.41475],[49.68528,55.42122],[49.71354,55.41887],[49.74003,55.41269],[49.78507,55.39326],[49.82834,55.36618],[49.85101,55.35617],[49.8775,55.35234],[49.90311,55.3547],[49.96169,55.36971],[49.98377,55.38031],[49.99701,55.39238],[50.00791,55.40945],[50.01527,55.43006],[50.01792,55.45155],[50.03293,55.45066],[50.12035,55.47568],[50.09975,55.44772],[50.19954,55.44772],[50.27048,55.42888],[50.33259,55.42711],[50.33995,55.42417],[50.34643,55.40268],[50.36291,55.40886],[50.38587,55.42535],[50.41207,55.43477],[50.43474,55.43977],[50.45887,55.45272],[50.47889,55.47038],[50.49096,55.48952],[50.49714,55.48952],[50.50568,55.47303],[50.52746,55.46479],[50.57632,55.46214],[50.59752,55.45802],[50.61489,55.44742],[50.62754,55.43212],[50.6349,55.41387],[50.77472,55.4907],[50.79975,55.49894],[50.82212,55.51336],[50.8336,55.51689],[50.84449,55.51513],[50.88128,55.50306],[50.97048,55.48864],[50.98431,55.47922],[50.99962,55.47274],[51.03347,55.47097],[51.06938,55.47333],[51.13856,55.4957],[51.14327,55.49864],[51.16181,55.51689],[51.18419,55.52249],[51.21951,55.5269],[51.25454,55.5272],[51.27573,55.52013],[51.29693,55.50659],[51.38141,55.48952],[51.36699,55.48657],[51.30635,55.48952],[51.33078,55.4798],[51.35992,55.47598],[51.41938,55.47568],[51.43616,55.48186],[51.45794,55.49658],[51.47649,55.51336],[51.48444,55.5272],[51.48561,55.54604],[51.48297,55.55192],[51.47443,55.56105],[51.46825,55.56988],[51.46942,55.57488],[51.47296,55.58077],[51.4709,55.59196],[51.46118,55.60815],[51.42262,55.64641],[51.39672,55.6838],[51.39024,55.70558],[51.41732,55.72383],[51.40937,55.74296],[51.38494,55.77329],[51.38671,55.7883],[51.41556,55.79566],[51.44882,55.79801],[51.46413,55.79742],[51.4709,55.81332],[51.46825,55.85512],[51.47767,55.8663],[51.4809,55.84835],[51.48591,55.8301],[51.49297,55.81391],[51.5018,55.80096],[51.49503,55.79242],[51.42262,55.77005],[51.43587,55.7515],[51.44911,55.74679],[51.46471,55.74679],[51.48444,55.74267],[51.44175,55.70264],[51.43381,55.68292],[51.44352,55.66025],[51.45971,55.64053],[51.47914,55.62139],[51.50269,55.60815],[51.53153,55.60579],[51.54772,55.60726],[51.57687,55.61698],[51.60748,55.6208],[51.64663,55.63022],[51.6587,55.63641],[51.71757,55.69881],[51.74407,55.71529],[51.78351,55.72324],[51.81471,55.71235],[51.84415,55.69646],[51.8783,55.68821],[51.90773,55.69675],[51.93923,55.71441],[51.96984,55.72736],[51.99781,55.72295],[51.95189,55.69616],[51.87182,55.6626],[51.85592,55.66025],[51.84091,55.66378],[51.80706,55.6891],[51.79264,55.69498],[51.76644,55.69469],[51.74201,55.68321],[51.72375,55.66378],[51.71728,55.63964],[51.73111,55.62905],[51.73759,55.61992],[51.73435,55.60932],[51.69608,55.57194],[51.70197,55.56811],[51.70462,55.5634],[51.70992,55.55016],[51.68284,55.55133],[51.66106,55.56016],[51.64192,55.57106],[51.62102,55.57812],[51.5648,55.5793],[51.53536,55.57459],[51.51888,55.56458],[51.53183,55.5534],[51.56038,55.52366],[51.54301,55.50953],[51.49739,55.49011],[51.49827,55.47568],[51.44823,55.45213],[51.42998,55.44772],[51.40643,55.4486],[51.29604,55.47038],[51.22157,55.49982],[51.18242,55.4957],[51.18242,55.48952],[51.19743,55.48834],[51.21127,55.4854],[51.23747,55.47568],[51.14504,55.47716],[51.1209,55.46832],[51.15151,55.45802],[51.18625,55.45243],[51.21774,55.44124],[51.23747,55.41387],[51.23452,55.3859],[51.2148,55.36824],[51.19243,55.35293],[51.18242,55.33174],[51.16064,55.34557],[51.14857,55.35028],[51.13503,55.35234],[51.1521,55.36265],[51.18831,55.37442],[51.20273,55.38649],[51.20862,55.4018],[51.20479,55.41504],[51.19478,55.42594],[51.18242,55.43477],[51.14445,55.4486],[51.01169,55.44772],[50.8754,55.47951],[50.82653,55.48275],[50.80799,55.4798],[50.79033,55.47362],[50.77325,55.46538],[50.7188,55.42505],[50.70996,55.41387],[50.73293,55.4171],[50.76972,55.44448],[50.79239,55.44772],[50.77737,55.4227],[50.75942,55.40592],[50.73528,55.3962],[50.67729,55.39091],[50.6402,55.37266],[50.62666,55.36853],[50.61194,55.36647],[50.47653,55.37501],[50.43621,55.37266],[50.40559,55.3653],[50.35732,55.34734],[50.3114,55.34469],[50.30139,55.34705],[50.27637,55.36265],[50.26194,55.36559],[50.23045,55.36588],[50.20572,55.36176],[50.18776,55.35117],[50.1545,55.32497],[50.13154,55.31584],[50.07502,55.30525],[49.95374,55.29583],[49.92843,55.297],[49.90723,55.31349],[49.89399,55.3182],[49.88457,55.29995],[49.86367,55.27051],[49.82628,55.24255],[49.74151,55.21164],[49.71914,55.19869],[49.70942,55.18456],[49.69647,55.1716],[49.66674,55.17455],[49.61316,55.18838],[49.62494,55.17484],[49.63436,55.16042],[49.61846,55.15924],[49.60463,55.15571],[49.59168,55.14953],[49.57902,55.14011],[49.60021,55.10537],[49.55429,55.11597],[49.54075,55.12716],[49.54487,55.14688],[49.52221,55.14688],[49.49395,55.14276],[49.46716,55.1354],[49.44861,55.12568],[49.44479,55.11891],[49.43449,55.09536],[49.4283,55.08536],[49.41947,55.07917],[49.41152,55.07564],[49.40505,55.07034],[49.40093,55.05798],[49.42507,55.06475],[49.4545,55.08006],[49.47275,55.08595],[49.46216,55.06416],[49.44744,55.0465],[49.3974,54.99911],[49.38444,54.99175],[49.37385,54.99734],[49.36413,55.00823],[49.35295,55.01647],[49.21577,55.02325],[49.1881,55.03031],[49.17662,55.02854],[49.16809,55.01647],[49.18221,55.01265],[49.19664,55.01088],[49.20841,55.00647],[49.21577,54.99558],[49.16073,54.98792],[48.98941,54.99558],[48.96497,54.99263],[48.94555,54.9841],[48.93259,54.96849],[48.92789,54.94465],[48.927,54.91639],[48.93701,54.86753],[48.94672,54.85134],[48.94908,54.84162],[48.94908,54.80365],[48.95968,54.78952],[48.96968,54.79364],[48.98234,54.80483],[49.0003,54.81101],[49.00648,54.80895],[49.01413,54.80512],[49.0212,54.80336],[49.02414,54.80718],[49.0262,54.81395],[49.03121,54.8169],[49.03798,54.81778],[49.04475,54.81778],[49.0992,54.81101],[49.11716,54.80394],[49.13335,54.79335],[49.16132,54.7695],[49.16132,54.76273],[49.09155,54.77922],[49.07948,54.78039],[49.07448,54.78599],[49.06329,54.78864],[49.04122,54.79011],[49.03798,54.78599],[49.03709,54.77716],[49.03798,54.7595],[49.02061,54.73918],[48.90757,54.68767],[48.92229,54.68355],[48.95644,54.69267],[48.97587,54.69385],[48.97557,54.68944],[48.97439,54.68649],[48.96939,54.68002],[48.95938,54.66559],[48.97793,54.65235],[49.00972,54.64322],[49.03444,54.63969],[49.12952,54.64617],[49.15454,54.63969],[49.12393,54.61849],[49.08861,54.61084],[48.99912,54.61349],[48.95791,54.6232],[48.94525,54.62939],[48.92465,54.64999],[48.91405,54.65323],[48.90051,54.64646],[48.90816,54.62732],[48.90257,54.61202],[48.89227,54.59789],[48.88049,54.56227],[48.88167,54.55403],[48.89374,54.5505],[48.90669,54.55285],[48.91552,54.55609],[48.92052,54.55491],[48.92111,54.54284],[48.91376,54.52606],[48.89727,54.51606],[48.87637,54.51076],[48.85606,54.50928],[48.83251,54.50458],[48.83869,54.49309],[48.87343,54.46837],[48.86813,54.46101],[48.87078,54.4513],[48.87667,54.44158],[48.8802,54.43363],[48.88226,54.42716],[48.8852,54.42157],[48.88667,54.41627],[48.88344,54.41009],[48.87725,54.40743],[48.86901,54.40891],[48.86254,54.41273],[48.85959,54.41685],[48.84782,54.44246],[48.79836,54.44747],[48.7913,54.46837],[48.6974,54.45777],[48.66649,54.44629],[48.61674,54.44747],[48.60408,54.44482],[48.59437,54.43952],[48.57877,54.42686],[48.54757,54.41273],[48.53756,54.40626],[48.53167,54.39743],[48.53079,54.3886],[48.52578,54.38183],[48.47604,54.37682],[48.46279,54.36829],[48.46544,54.35151],[48.54609,54.21904],[48.57229,54.18725],[48.59054,54.17371],[48.61527,54.16282],[48.64235,54.15575],[48.66826,54.1531],[48.6974,54.14575],[48.713,54.14368],[48.73714,54.15399],[48.75421,54.15516],[48.80513,54.1531],[48.79719,54.1484],[48.78011,54.14133],[48.77069,54.13956],[48.78306,54.12426],[48.84546,54.09099],[48.83398,54.07834],[48.82074,54.07892],[48.80631,54.08393],[48.7913,54.08481],[48.77364,54.07804],[48.77364,54.07304],[48.80455,54.05479],[48.83074,54.04831],[48.84222,54.04007],[48.85194,54.03006],[48.8802,54.00857],[48.89815,53.98855],[48.90757,53.98179],[48.94201,53.97089],[48.97498,53.94823],[48.99765,53.9444],[49.02061,53.9497],[49.17809,54.04125],[49.22343,54.05008],[49.30202,54.09453],[49.31262,54.09894],[49.32763,54.09953],[49.35618,54.09776],[49.37443,54.09983],[49.3815,54.10512],[49.38562,54.11366],[49.39416,54.12514],[49.41624,54.13986],[49.43478,54.14015],[49.45538,54.13662],[49.48306,54.13956],[49.50425,54.14957],[49.56548,54.19402],[49.58461,54.20374],[49.59432,54.20668],[49.60639,54.20786],[49.64643,54.19844],[49.66085,54.2002],[49.67999,54.21404],[49.69824,54.23229],[49.71825,54.24318],[49.74416,54.23494],[49.72973,54.22611],[49.71914,54.21463],[49.70265,54.18725],[49.72885,54.17901],[49.79331,54.16635],[49.81922,54.1531],[49.79979,54.1534],[49.76712,54.14633],[49.75034,54.14575],[49.73474,54.14898],[49.70412,54.16135],[49.65467,54.17518],[49.62199,54.17783],[49.59168,54.17194],[49.56548,54.1531],[49.56106,54.14604],[49.55635,54.13073],[49.55164,54.12514],[49.54487,54.12279],[49.48688,54.11189],[49.47364,54.10659],[49.46216,54.09776],[49.45185,54.08452],[49.45303,54.0804],[49.53428,54.09158],[49.55164,54.09099],[49.54517,54.08187],[49.53545,54.07569],[49.52368,54.07216],[49.51043,54.07127],[49.49895,54.06774],[49.46216,54.0439],[49.38945,54.02476],[49.36678,54.01593],[49.38003,54.00474],[49.4127,53.99709],[49.4283,53.98914],[49.40093,53.98179],[49.3397,53.99533],[49.31586,53.98561],[49.29643,53.95205],[49.28819,53.94705],[49.27965,53.95058],[49.27406,53.96824],[49.26375,53.97501],[49.24462,53.97001],[49.22195,53.95323],[49.20341,53.93263],[49.19546,53.91673],[49.20105,53.8976],[49.24315,53.83784],[49.25845,53.80311],[49.27141,53.78456],[49.28819,53.77632],[49.29702,53.78162],[49.31173,53.80517],[49.32233,53.81047],[49.33528,53.80546],[49.33793,53.79398],[49.33734,53.78014],[49.33941,53.76955],[49.35736,53.75424],[49.37532,53.74688],[49.38856,53.73599],[49.39416,53.71126],[49.39092,53.70567],[49.3762,53.68889],[49.37296,53.68359],[49.37031,53.68036],[49.36384,53.67947],[49.35,53.68006],[49.34676,53.68271],[49.34647,53.6883],[49.34765,53.69537],[49.34706,53.70067],[49.34382,53.71038],[49.34412,53.71774],[49.34235,53.7251],[49.33322,53.7354],[49.32587,53.7407],[49.31439,53.74747],[49.3032,53.74865],[49.29849,53.73864],[49.29672,53.72804],[49.29231,53.71804],[49.28465,53.71097],[49.27465,53.70803],[49.26582,53.71185],[49.26729,53.72068],[49.27141,53.73187],[49.27111,53.74158],[49.25257,53.75689],[49.22725,53.76955],[49.20518,53.78456],[49.19546,53.80693],[49.1831,53.82813],[49.15425,53.8346],[49.12217,53.83166],[49.0992,53.8243],[49.07948,53.80752],[49.07654,53.79221],[49.08184,53.77485],[49.08566,53.75218],[49.0836,53.72922],[49.07772,53.71038],[49.05888,53.6727],[49.04328,53.62825],[49.04122,53.58734],[49.05505,53.55172],[49.08566,53.52258],[49.13453,53.50374],[49.49733,53.48917],[49.86014,53.4746],[49.88162,53.4693],[49.92019,53.44869],[49.94226,53.43986],[49.45627,53.44751],[49.38062,53.42308],[49.30526,53.41425],[49.282,53.40601],[49.26375,53.39276],[49.25316,53.3751],[49.24462,53.34978],[49.24491,53.32682],[49.26081,53.31711],[49.26434,53.31269],[49.25934,53.30298],[49.24992,53.29356],[49.24021,53.28915],[49.22814,53.28738],[49.19546,53.27531],[49.15896,53.27413],[49.0889,53.28502],[48.89374,53.26854],[48.80808,53.27531],[48.76392,53.30975],[48.65472,53.3648],[48.65472,53.37157],[48.70181,53.36656],[48.74891,53.34625],[48.83192,53.29651],[48.85606,53.2862],[48.88756,53.27796],[48.91964,53.27649],[48.95526,53.29062],[48.96998,53.29386],[49.02355,53.29709],[49.05152,53.30269],[49.15396,53.29827],[49.17839,53.30622],[49.1828,53.30916],[49.1881,53.31005],[49.19929,53.30975],[49.20488,53.31152],[49.20782,53.31623],[49.20959,53.32211],[49.21254,53.32712],[49.21607,53.33595],[49.20812,53.34213],[49.19635,53.34684],[49.18928,53.35185],[49.18634,53.36656],[49.19222,53.36833],[49.20341,53.36715],[49.21577,53.37157],[49.22166,53.37804],[49.22931,53.38982],[49.23108,53.4013],[49.2196,53.4063],[49.19252,53.41278],[49.1775,53.41454],[49.16485,53.40954],[49.15926,53.40836],[49.13394,53.41278],[49.12452,53.41101],[49.11893,53.40689],[49.11392,53.40248],[49.10656,53.39894],[49.08037,53.39836],[49.06771,53.40866],[49.05741,53.42102],[49.03798,53.42691],[49.00825,53.42838],[48.98028,53.43309],[48.95349,53.44133],[48.92789,53.4537],[48.99941,53.44722],[49.0315,53.4534],[49.04475,53.47813],[49.03297,53.49962],[49.00589,53.51875],[48.91611,53.56703],[48.88962,53.57586],[48.88167,53.58851],[48.87637,53.60323],[48.85783,53.63414],[48.849,53.66387],[48.84782,53.69213],[48.85959,53.70803],[48.85635,53.74688],[48.86195,53.76013],[48.8802,53.77632],[48.89727,53.78721],[48.90434,53.79427],[48.90757,53.80369],[48.88932,53.82106],[48.8852,53.83254],[48.90051,53.83784],[48.922,53.83107],[48.93112,53.83107],[48.93495,53.84137],[48.93348,53.85433],[48.93053,53.86404],[48.87843,53.94381],[48.86636,53.95382],[48.84399,53.95794],[48.81956,53.96766],[48.79748,53.98002],[48.76363,54.00445],[48.6765,54.05037],[48.66767,54.05685],[48.64059,54.08628],[48.63028,54.09099],[48.6191,54.09335],[48.59584,54.10247],[48.5823,54.10483],[48.56758,54.10189],[48.54433,54.08923],[48.53079,54.08481],[48.52372,54.10954],[48.49752,54.11278],[48.46897,54.11101],[48.45573,54.1219],[48.44454,54.13633]]]]}},{"type":"Feature","properties":{"name":"Kubenskoe","rank":5},"geometry":{"type":"MultiPolygon","coordinates":[[[[39.16913,59.83963],[39.18826,59.82403],[39.22152,59.78959],[39.22417,59.78517],[39.22505,59.77987],[39.22476,59.76839],[39.2277,59.76427],[39.2489,59.74838],[39.26597,59.73925],[39.28834,59.73543],[39.31071,59.7369],[39.32779,59.74485],[39.31042,59.74956],[39.29393,59.75633],[39.27892,59.76604],[39.26626,59.77899],[39.33956,59.77781],[39.37341,59.76987],[39.37577,59.75191],[39.41786,59.73042],[39.50676,59.67037],[39.55386,59.66242],[39.53443,59.68038],[39.48822,59.70599],[39.47173,59.72395],[39.50117,59.72277],[39.52678,59.71335],[39.57446,59.68627],[39.59389,59.67155],[39.59949,59.65654],[39.60184,59.64093],[39.61214,59.62474],[39.63628,59.60914],[39.65453,59.61091],[39.69839,59.63564],[39.72636,59.64241],[39.82144,59.64182],[39.68544,59.6009],[39.67366,59.58383],[39.71399,59.54762],[39.72636,59.53938],[39.74726,59.53437],[39.76992,59.53349],[39.79141,59.53025],[39.80819,59.51848],[39.76904,59.50347],[39.75609,59.49434],[39.7346,59.47285],[39.72312,59.46579],[39.7084,59.46314],[39.6825,59.46932],[39.65659,59.48433],[39.63128,59.50229],[39.36429,59.65241],[39.33662,59.65978],[39.31012,59.67861],[39.2751,59.69068],[39.21122,59.74485],[39.12173,59.77929],[39.09818,59.79606],[39.09583,59.80048],[39.09612,59.80872],[39.08817,59.83374],[39.08199,59.84463],[39.07434,59.85435],[39.06463,59.86259],[39.05344,59.86848],[39.0714,59.8673],[39.10466,59.85288],[39.12232,59.84787],[39.10966,59.86082],[39.11437,59.8673],[39.12909,59.86554],[39.14587,59.85258],[39.16913,59.83963]]]]}},{"type":"Feature","properties":{"name":"Nasser","rank":5},"geometry":{"type":"MultiPolygon","coordinates":[[[[32.22772,22.65143],[32.24185,22.67204],[32.24833,22.67852],[32.21772,22.68617],[32.21124,22.69294],[32.22154,22.70589],[32.20535,22.70795],[32.19328,22.71619],[32.18151,22.72591],[32.1662,22.73327],[32.14883,22.73444],[32.13264,22.73003],[32.09938,22.71001],[32.09438,22.70766],[32.08937,22.70648],[32.08407,22.70589],[32.07701,22.70442],[32.0776,22.70089],[32.07966,22.69618],[32.0776,22.69235],[32.06965,22.69029],[32.06229,22.69058],[32.05582,22.6897],[32.05022,22.6847],[32.04434,22.67086],[32.04728,22.6638],[32.05317,22.65526],[32.05699,22.6376],[32.03668,22.64731],[32.02049,22.65173],[32.0043,22.64849],[31.98517,22.63436],[31.96957,22.61464],[31.96898,22.59992],[31.97575,22.58432],[31.98134,22.56195],[31.9522,22.57961],[31.94396,22.57843],[31.94013,22.56195],[31.94278,22.56489],[31.95455,22.52839],[31.97457,22.49365],[31.95132,22.49719],[31.94131,22.48953],[31.93483,22.47864],[31.92306,22.47334],[31.90363,22.46657],[31.8948,22.45068],[31.89244,22.43037],[31.89244,22.41123],[31.83357,22.42036],[31.81179,22.4183],[31.82415,22.40417],[31.81679,22.39681],[31.83004,22.39063],[31.84093,22.37856],[31.84505,22.36413],[31.83799,22.34971],[31.82239,22.34147],[31.81267,22.34794],[31.80531,22.3606],[31.79648,22.37032],[31.76881,22.3762],[31.74143,22.3712],[31.68639,22.34235],[31.69728,22.32616],[31.69316,22.31821],[31.6805,22.32086],[31.66608,22.33588],[31.66549,22.32822],[31.65931,22.30879],[31.64606,22.32233],[31.64341,22.31174],[31.63782,22.30379],[31.62928,22.2982],[31.6181,22.29496],[31.64842,22.27288],[31.65224,22.26699],[31.65489,22.25463],[31.66166,22.24727],[31.67226,22.24492],[31.68639,22.24668],[31.66784,22.24021],[31.64871,22.24345],[31.62958,22.24992],[31.61133,22.25345],[31.59631,22.24874],[31.54245,22.21254],[31.54509,22.20577],[31.5448,22.20253],[31.54333,22.19929],[31.54245,22.19193],[31.53155,22.19693],[31.51772,22.18958],[31.44001,22.12658],[31.39261,22.05299],[31.38555,22.03504],[31.38261,22.00825],[31.38732,21.95644],[31.38555,21.93201],[31.37819,21.9117],[31.34434,21.85636],[31.33315,21.84605],[31.3308,21.84311],[31.32962,21.83781],[31.32991,21.82427],[31.3308,21.82221],[31.30342,21.79483],[31.29783,21.78483],[31.29753,21.77864],[31.29518,21.77334],[31.28311,21.76687],[31.28017,21.76863],[31.27192,21.77864],[31.26869,21.78129],[31.26309,21.77894],[31.25838,21.77423],[31.25544,21.76922],[31.25514,21.76687],[31.24396,21.76746],[31.2366,21.76952],[31.23013,21.76863],[31.221,21.7601],[31.21541,21.75156],[31.21305,21.74332],[31.21482,21.73478],[31.221,21.72595],[31.20098,21.70564],[31.18185,21.65619],[31.15889,21.64382],[31.13828,21.64088],[31.1215,21.6347],[31.10649,21.6244],[31.0906,21.60909],[31.09737,21.62646],[31.10738,21.64441],[31.12121,21.65854],[31.13828,21.66443],[31.15859,21.6659],[31.16684,21.6712],[31.18097,21.71801],[31.17891,21.73478],[31.17478,21.75068],[31.17331,21.76687],[31.17832,21.78247],[31.18626,21.79601],[31.19156,21.80867],[31.18685,21.82221],[31.20157,21.81691],[31.21129,21.8175],[31.21923,21.82192],[31.22777,21.82898],[31.23248,21.83575],[31.23454,21.85282],[31.23807,21.8593],[31.24308,21.86254],[31.25573,21.86695],[31.26192,21.8699],[31.28134,21.8855],[31.33698,21.96085],[31.34404,21.98764],[31.34434,22.04769],[31.36612,22.10921],[31.36553,22.12158],[31.362,22.13394],[31.35817,22.14365],[31.38113,22.14631],[31.40086,22.16043],[31.41734,22.18192],[31.43029,22.20577],[31.44442,22.22107],[31.51507,22.26022],[31.65931,22.38386],[31.64606,22.39063],[31.65842,22.39651],[31.68668,22.39975],[31.69375,22.40417],[31.67285,22.45951],[31.68904,22.46363],[31.70523,22.45686],[31.72083,22.44773],[31.72996,22.44773],[31.73702,22.45686],[31.7482,22.46657],[31.75586,22.46952],[31.75645,22.4754],[31.75527,22.48158],[31.75292,22.48747],[31.7485,22.49365],[31.78942,22.47511],[31.8112,22.47275],[31.81679,22.49365],[31.80443,22.50278],[31.7382,22.53163],[31.66932,22.59227],[31.65607,22.61405],[31.66019,22.62641],[31.66784,22.63671],[31.66608,22.65143],[31.67461,22.6426],[31.68138,22.63112],[31.69051,22.62082],[31.70376,22.6167],[31.71612,22.61434],[31.73113,22.60934],[31.74526,22.60257],[31.75527,22.59609],[31.77323,22.57137],[31.78294,22.56312],[31.79678,22.56577],[31.81032,22.57195],[31.82415,22.5749],[31.83622,22.57195],[31.84476,22.56195],[31.85624,22.57019],[31.85624,22.57725],[31.84858,22.58226],[31.83799,22.58314],[31.83887,22.60051],[31.84741,22.61317],[31.86154,22.62082],[31.8789,22.62347],[31.8895,22.62877],[31.87861,22.65202],[31.89244,22.65761],[31.93307,22.66262],[31.9575,22.67704],[32.00254,22.7265],[31.99488,22.73327],[32.01637,22.7368],[32.04286,22.73444],[32.06229,22.74033],[32.06376,22.76741],[32.07672,22.75917],[32.09055,22.75417],[32.10409,22.75593],[32.11528,22.768],[32.12823,22.77801],[32.14413,22.77978],[32.15825,22.78566],[32.1662,22.80833],[32.16885,22.79891],[32.17032,22.79037],[32.16915,22.78213],[32.1662,22.77477],[32.20476,22.76741],[32.22566,22.76947],[32.24185,22.78154],[32.25098,22.76918],[32.25804,22.74239],[32.26599,22.72973],[32.27159,22.72532],[32.28454,22.71825],[32.28983,22.71266],[32.28542,22.70354],[32.28365,22.69588],[32.2863,22.68852],[32.29337,22.68352],[32.3075,22.67675],[32.31044,22.67174],[32.30926,22.64878],[32.31044,22.64378],[32.32133,22.63524],[32.33576,22.62965],[32.35106,22.62788],[32.36549,22.63083],[32.38668,22.64672],[32.39934,22.66968],[32.40964,22.69441],[32.42348,22.71649],[32.44644,22.7318],[32.50413,22.75858],[32.5162,22.77477],[32.54593,22.76594],[32.55977,22.78566],[32.56389,22.81716],[32.56418,22.84306],[32.57184,22.88575],[32.57154,22.89782],[32.56742,22.90311],[32.55947,22.90988],[32.5527,22.91901],[32.55064,22.93196],[32.56801,22.92254],[32.58361,22.91931],[32.59921,22.92343],[32.6157,22.9352],[32.62776,22.95051],[32.6363,22.96935],[32.63689,22.98554],[32.62541,22.99407],[32.63012,23.00261],[32.63571,23.01056],[32.64925,23.02469],[32.65102,23.03116],[32.64248,23.04706],[32.64248,23.0556],[32.67221,23.06472],[32.68046,23.0709],[32.65956,23.07591],[32.65956,23.08327],[32.68134,23.08562],[32.6937,23.10152],[32.69606,23.12359],[32.68693,23.14479],[32.69576,23.1545],[32.69812,23.16628],[32.69841,23.17923],[32.70077,23.19248],[32.71961,23.19395],[32.72491,23.19601],[32.72726,23.20189],[32.72049,23.21308],[32.72108,23.21985],[32.76906,23.27813],[32.77995,23.27961],[32.78937,23.26077],[32.80085,23.28314],[32.81027,23.2902],[32.81969,23.28226],[32.83117,23.26077],[32.84265,23.27607],[32.83706,23.28667],[32.82676,23.29668],[32.82499,23.30934],[32.83294,23.31876],[32.85413,23.3217],[32.86532,23.32965],[32.87356,23.31905],[32.88386,23.29344],[32.89299,23.28873],[32.90535,23.29433],[32.90947,23.30639],[32.90859,23.31993],[32.90682,23.32965],[32.89417,23.34967],[32.87032,23.37027],[32.84442,23.3844],[32.82499,23.38499],[32.82882,23.39853],[32.83912,23.41207],[32.86208,23.43562],[32.87003,23.4471],[32.88003,23.46653],[32.88563,23.48654],[32.87945,23.50038],[32.86561,23.50008],[32.83382,23.4786],[32.82116,23.473],[32.80733,23.47919],[32.79732,23.4939],[32.78878,23.51098],[32.77966,23.52481],[32.77642,23.52246],[32.76199,23.5254],[32.74875,23.5307],[32.74904,23.53511],[32.7408,23.53158],[32.72108,23.51422],[32.71755,23.50686],[32.71666,23.49802],[32.7149,23.49008],[32.70783,23.48684],[32.69989,23.48507],[32.69164,23.48095],[32.67722,23.47006],[32.64513,23.45829],[32.61393,23.46918],[32.55741,23.50803],[32.57831,23.51804],[32.62364,23.52481],[32.64602,23.53158],[32.65249,23.536],[32.66073,23.54512],[32.66662,23.54895],[32.67074,23.54836],[32.68134,23.54247],[32.68693,23.54218],[32.73462,23.56072],[32.73933,23.56161],[32.73609,23.56367],[32.72491,23.57309],[32.71607,23.57603],[32.70342,23.57691],[32.69194,23.57927],[32.68693,23.58663],[32.67957,23.60105],[32.66486,23.60076],[32.65426,23.58722],[32.65956,23.56249],[32.63689,23.56396],[32.621,23.57603],[32.61246,23.59517],[32.61187,23.61783],[32.63689,23.61165],[32.65367,23.62931],[32.66486,23.65315],[32.67369,23.66493],[32.68281,23.66846],[32.69223,23.67494],[32.70136,23.67906],[32.71107,23.67582],[32.72638,23.6455],[32.72844,23.63814],[32.72962,23.62578],[32.73315,23.61754],[32.73933,23.61106],[32.74904,23.60341],[32.75611,23.59929],[32.76729,23.59575],[32.77642,23.59045],[32.78407,23.58221],[32.79055,23.5725],[32.7985,23.56455],[32.81057,23.56249],[32.82057,23.56661],[32.82263,23.57427],[32.81851,23.5828],[32.81057,23.59045],[32.82823,23.5987],[32.83617,23.60429],[32.84118,23.61047],[32.84442,23.62136],[32.84471,23.6299],[32.84412,23.63785],[32.84471,23.64491],[32.86443,23.69142],[32.86532,23.70643],[32.85236,23.69643],[32.84147,23.69996],[32.81734,23.72027],[32.85295,23.71615],[32.8715,23.73793],[32.87827,23.77296],[32.87945,23.80887],[32.87709,23.82565],[32.87003,23.84214],[32.85914,23.85685],[32.83706,23.87363],[32.83117,23.886],[32.82499,23.89159],[32.81527,23.89394],[32.79408,23.89483],[32.78319,23.89836],[32.80497,23.90601],[32.82057,23.90013],[32.8347,23.89659],[32.85148,23.9119],[32.85943,23.92927],[32.87003,23.96901],[32.87945,23.98785],[32.88945,23.96695],[32.88828,23.95134],[32.88269,23.93663],[32.87945,23.91867],[32.8821,23.91013],[32.89505,23.89865],[32.89917,23.89159],[32.89858,23.88335],[32.89446,23.87952],[32.89122,23.87481],[32.89299,23.86421],[32.90358,23.84802],[32.92949,23.82124],[32.94038,23.77826],[32.9548,23.76943],[32.97247,23.76501],[32.98924,23.75442],[32.9704,23.75294],[32.97306,23.74029],[32.98748,23.72439],[33.00279,23.7132],[32.99601,23.70967],[32.99013,23.70467],[32.98542,23.69878],[32.98247,23.69289],[32.98454,23.69142],[32.98866,23.68907],[32.99337,23.68612],[32.99543,23.68259],[32.99337,23.67817],[32.98924,23.67641],[32.98483,23.67523],[32.98247,23.67229],[32.97512,23.63726],[32.97512,23.62401],[32.96864,23.62401],[32.9601,23.63785],[32.93302,23.64638],[32.92713,23.65875],[32.91919,23.64491],[32.91006,23.63373],[32.90241,23.62225],[32.89623,23.59045],[32.89917,23.58516],[32.91006,23.5828],[32.91742,23.57956],[32.92419,23.57191],[32.93479,23.55513],[32.95451,23.56926],[32.95215,23.56279],[32.94951,23.54866],[32.94774,23.54218],[32.95245,23.54395],[32.96363,23.54659],[32.96864,23.54895],[32.97306,23.52982],[32.99101,23.51775],[33.01279,23.51451],[33.03016,23.52157],[33.03723,23.51422],[33.01633,23.50303],[32.99366,23.4995],[32.9704,23.50156],[32.94774,23.50803],[32.91006,23.52363],[32.89534,23.52216],[32.89917,23.50038],[32.90594,23.49273],[32.91448,23.48949],[32.92301,23.48743],[32.93096,23.4836],[32.93508,23.47624],[32.92978,23.47183],[32.92242,23.46712],[32.92036,23.45946],[32.93273,23.44357],[32.94921,23.43238],[32.95834,23.42473],[32.94774,23.41855],[32.95421,23.39794],[32.96628,23.38999],[32.97453,23.39441],[32.96864,23.41178],[32.98454,23.41148],[32.99248,23.40324],[33.00279,23.37763],[32.98454,23.37086],[32.97247,23.36291],[32.9704,23.35173],[32.98247,23.33583],[32.99189,23.327],[32.99454,23.32582],[32.99778,23.32818],[33.00985,23.32965],[33.01839,23.32612],[33.01721,23.31817],[33.00926,23.30198],[33.00602,23.29226],[33.00161,23.28373],[32.99808,23.27578],[32.99925,23.26813],[33.00426,23.26195],[33.01044,23.25665],[33.01574,23.24988],[33.01662,23.24046],[33.00808,23.22338],[32.99248,23.22191],[32.95451,23.23398],[32.95716,23.23928],[32.95951,23.25017],[32.96128,23.25458],[32.95039,23.2537],[32.9395,23.25429],[32.92949,23.25635],[32.92036,23.26077],[32.91595,23.25517],[32.91183,23.24811],[32.90859,23.24075],[32.90682,23.23398],[32.92036,23.22868],[32.92802,23.21602],[32.9339,23.20013],[32.94097,23.18512],[32.96393,23.15921],[32.9704,23.14449],[32.95775,23.13802],[32.92596,23.14655],[32.8924,23.16157],[32.86296,23.16834],[32.84471,23.15097],[32.84471,23.13713],[32.8503,23.12242],[32.86532,23.0971],[32.86738,23.08915],[32.86679,23.08238],[32.86738,23.0762],[32.87268,23.06914],[32.88062,23.0659],[32.90064,23.06501],[32.93597,23.04176],[32.94686,23.02999],[32.94421,23.01792],[32.92802,23.00791],[32.92272,23.00202],[32.9239,22.99348],[32.92802,22.98524],[32.93184,22.98053],[32.93773,22.98083],[32.94774,22.98642],[32.95716,22.97141],[32.97335,22.96581],[32.99248,22.96346],[33.00926,22.95904],[33.06431,22.91813],[33.03958,22.91459],[33.00073,22.92048],[32.96275,22.93196],[32.94097,22.9455],[32.93685,22.93226],[32.93714,22.92666],[32.94097,22.91813],[32.92802,22.9249],[32.88563,22.96523],[32.80968,23.01174],[32.8038,23.01792],[32.79967,23.02469],[32.79114,23.02645],[32.78172,23.02645],[32.77642,23.02792],[32.77465,23.03646],[32.77642,23.06914],[32.73992,23.05618],[32.72844,23.04853],[32.74051,23.04323],[32.74698,23.03528],[32.74787,23.02557],[32.74168,23.01438],[32.75552,23.01438],[32.75022,23.00467],[32.74404,23.00025],[32.73698,23.00114],[32.72844,23.00761],[32.73109,22.98907],[32.72873,22.97023],[32.7149,22.93196],[32.7043,22.9508],[32.69253,22.95551],[32.68664,22.94639],[32.6937,22.9249],[32.6834,22.92549],[32.66574,22.93049],[32.65632,22.93196],[32.64955,22.9299],[32.63365,22.92107],[32.62541,22.91813],[32.63247,22.90988],[32.63424,22.904],[32.63247,22.89016],[32.61599,22.91018],[32.61187,22.91813],[32.60304,22.90665],[32.59833,22.89311],[32.59745,22.87839],[32.59833,22.86367],[32.60863,22.86779],[32.61511,22.86514],[32.61835,22.85749],[32.61952,22.8463],[32.6101,22.8413],[32.60274,22.83629],[32.59833,22.83011],[32.59833,22.79508],[32.59627,22.78184],[32.58714,22.77153],[32.58508,22.76064],[32.56595,22.74092],[32.48853,22.71561],[32.48176,22.69853],[32.46351,22.69618],[32.44967,22.68852],[32.42348,22.66115],[32.4173,22.64731],[32.40758,22.61052],[32.39934,22.60286],[32.34341,22.60551],[32.33134,22.60286],[32.32604,22.59079],[32.32163,22.54988],[32.3178,22.53457],[32.33693,22.52868],[32.34429,22.52839],[32.32663,22.51985],[32.31456,22.52545],[32.30279,22.53575],[32.2863,22.54134],[32.27835,22.53781],[32.26452,22.5225],[32.25569,22.52103],[32.25039,22.52662],[32.24627,22.53693],[32.24185,22.55518],[32.26952,22.55812],[32.29337,22.57078],[32.31044,22.59109],[32.3178,22.6167],[32.30779,22.61258],[32.29749,22.61022],[32.28689,22.60963],[32.276,22.61022],[32.27777,22.61493],[32.28042,22.62582],[32.28307,22.63083],[32.26599,22.63436],[32.24244,22.6532],[32.22772,22.65143]]]]}},{"type":"Feature","properties":{"name":"Volta","rank":5},"geometry":{"type":"MultiPolygon","coordinates":[[[[0.32086,7.51405],[0.30732,7.4802],[0.29452,7.45871],[0.30246,7.44929],[0.30452,7.44341],[0.30158,7.44193],[0.29452,7.44517],[0.28289,7.42633],[0.28951,7.4175],[0.30232,7.41044],[0.30806,7.39719],[0.30158,7.39631],[0.2717,7.36923],[0.26729,7.36245],[0.26729,7.35569],[0.28627,7.35775],[0.28392,7.34891],[0.27317,7.33508],[0.26729,7.32095],[0.27347,7.30829],[0.28701,7.29917],[0.30276,7.29416],[0.31571,7.29416],[0.31968,7.28386],[0.32174,7.28003],[0.30806,7.27532],[0.28863,7.28592],[0.27465,7.28003],[0.26846,7.26796],[0.2664,7.2503],[0.26729,7.21174],[0.27229,7.21204],[0.27347,7.21321],[0.27317,7.21527],[0.27465,7.2191],[0.28156,7.21616],[0.28303,7.21351],[0.28348,7.2138],[0.28774,7.2191],[0.29452,7.2191],[0.29084,7.2088],[0.2851,7.20261],[0.26729,7.19172],[0.26729,7.18436],[0.2873,7.18436],[0.29201,7.17553],[0.28259,7.16788],[0.26037,7.17082],[0.2795,7.15022],[0.27332,7.13285],[0.26243,7.11578],[0.26729,7.09576],[0.27568,7.10636],[0.28686,7.1096],[0.29834,7.11077],[0.30806,7.11607],[0.31306,7.10548],[0.31129,7.09605],[0.30482,7.08811],[0.29452,7.08193],[0.30011,7.07869],[0.3029,7.07545],[0.30496,7.07192],[0.30806,7.0678],[0.29952,7.06544],[0.29525,7.06309],[0.29393,7.05779],[0.29452,7.04719],[0.29069,7.04984],[0.28097,7.05455],[0.27994,7.0469],[0.27612,7.03924],[0.27465,7.03365],[0.26729,7.03365],[0.26729,7.05455],[0.25963,7.03277],[0.26317,7.01157],[0.27067,6.99038],[0.27671,6.9577],[0.28009,6.94711],[0.28097,6.93828],[0.27465,6.93121],[0.26773,6.93298],[0.2611,6.94151],[0.25301,6.95918],[0.22387,6.88087],[0.22004,6.83937],[0.23991,6.82112],[0.23417,6.80375],[0.23653,6.78432],[0.24683,6.74547],[0.24491,6.7281],[0.24035,6.70838],[0.23903,6.69042],[0.24683,6.67747],[0.24021,6.6657],[0.24006,6.65598],[0.24683,6.65009],[0.26037,6.65009],[0.27273,6.65716],[0.28274,6.6707],[0.29452,6.69837],[0.30614,6.76666],[0.31571,6.78668],[0.32174,6.78668],[0.31865,6.76401],[0.31129,6.73693],[0.30909,6.71397],[0.32174,6.70455],[0.31409,6.69484],[0.30982,6.68483],[0.30982,6.67423],[0.31571,6.66364],[0.30806,6.64303],[0.30143,6.64303],[0.30187,6.65333],[0.30143,6.66364],[0.28686,6.65451],[0.27671,6.63802],[0.26684,6.62625],[0.25301,6.63008],[0.25301,6.62272],[0.24683,6.63008],[0.24388,6.62095],[0.23947,6.613],[0.23358,6.60682],[0.22622,6.60211],[0.22681,6.61242],[0.22622,6.61595],[0.21268,6.61242],[0.20297,6.608],[0.1962,6.60064],[0.19163,6.58857],[0.18487,6.60123],[0.16941,6.61654],[0.16485,6.63008],[0.1438,6.60211],[0.15057,6.60182],[0.15528,6.59976],[0.1594,6.59711],[0.16485,6.59475],[0.13688,6.54765],[0.14483,6.53676],[0.15028,6.53176],[0.15734,6.52705],[0.1488,6.51498],[0.13056,6.50556],[0.12378,6.49231],[0.12187,6.4776],[0.12467,6.46818],[0.13026,6.45876],[0.13688,6.44463],[0.14189,6.41195],[0.13556,6.38517],[0.10951,6.3416],[0.10333,6.33836],[0.09582,6.4043],[0.10347,6.40077],[0.10303,6.39341],[0.10333,6.38988],[0.10951,6.38988],[0.10612,6.45581],[0.0942,6.4776],[0.06859,6.46553],[0.07168,6.45405],[0.07124,6.43786],[0.06756,6.42196],[0.06123,6.41048],[0.05608,6.41048],[0.04122,6.41872],[0.03459,6.41725],[0.03209,6.41313],[0.02944,6.40106],[0.00457,6.34925],[-0.01059,6.33895],[-0.02767,6.3625],[-0.03341,6.38958],[-0.03341,6.41254],[-0.03561,6.43256],[-0.04871,6.4514],[-0.08757,6.47495],[-0.10494,6.48937],[-0.11642,6.51292],[-0.14409,6.50586],[-0.17794,6.52234],[-0.21179,6.54442],[-0.24005,6.55443],[-0.23976,6.56944],[-0.24873,6.58327],[-0.26213,6.59446],[-0.27464,6.60211],[-0.27258,6.60712],[-0.27155,6.60712],[-0.26713,6.60918],[-0.26963,6.61271],[-0.27214,6.61506],[-0.2739,6.61801],[-0.27464,6.62272],[-0.29436,6.61683],[-0.34293,6.62419],[-0.35971,6.61919],[-0.37075,6.62301],[-0.38811,6.6392],[-0.42064,6.67776],[-0.44272,6.68924],[-0.48629,6.70455],[-0.49718,6.70573],[-0.53132,6.70455],[-0.54192,6.70779],[-0.5484,6.71515],[-0.55414,6.72398],[-0.56208,6.73193],[-0.56797,6.72074],[-0.58652,6.71427],[-0.59623,6.70455],[-0.60859,6.72839],[-0.60977,6.73193],[-0.61757,6.7331],[-0.62684,6.73222],[-0.6345,6.73399],[-0.63774,6.74252],[-0.63936,6.7437],[-0.64495,6.76372],[-0.64465,6.76666],[-0.64995,6.77638],[-0.65363,6.77932],[-0.66129,6.7805],[-0.66909,6.78256],[-0.67129,6.78727],[-0.67218,6.79168],[-0.67541,6.79404],[-0.67644,6.79521],[-0.69514,6.80022],[-0.69926,6.80081],[-0.70529,6.80964],[-0.71103,6.8223],[-0.71972,6.84908],[-0.70544,6.84173],[-0.7025,6.84526],[-0.70132,6.84879],[-0.70058,6.85262],[-0.69926,6.85527],[-0.69396,6.84143],[-0.68586,6.83584],[-0.67762,6.83849],[-0.67188,6.84908],[-0.66452,6.84908],[-0.66335,6.84408],[-0.66187,6.84173],[-0.66011,6.83966],[-0.65834,6.83495],[-0.63641,6.83613],[-0.61934,6.81464],[-0.60462,6.78786],[-0.58931,6.77343],[-0.58166,6.78668],[-0.57062,6.78167],[-0.55841,6.77755],[-0.5484,6.79404],[-0.5484,6.81582],[-0.55252,6.8379],[-0.55119,6.85674],[-0.53486,6.8691],[-0.53486,6.83142],[-0.53265,6.82024],[-0.52264,6.80787],[-0.52058,6.79728],[-0.5194,6.76019],[-0.51572,6.74517],[-0.50748,6.73193],[-0.49997,6.73193],[-0.48835,6.72957],[-0.46848,6.71809],[-0.44905,6.71574],[-0.4386,6.73929],[-0.43109,6.73929],[-0.42403,6.72339],[-0.41726,6.71544],[-0.4099,6.7125],[-0.40107,6.7122],[-0.39547,6.71868],[-0.39974,6.7334],[-0.41122,6.75636],[-0.41314,6.77167],[-0.41932,6.79463],[-0.41814,6.80817],[-0.41255,6.82053],[-0.38458,6.85527],[-0.36133,6.77726],[-0.35485,6.7334],[-0.35662,6.69101],[-0.34514,6.69719],[-0.33071,6.71456],[-0.31879,6.71809],[-0.30525,6.72045],[-0.29863,6.72516],[-0.29362,6.72987],[-0.28435,6.73193],[-0.27802,6.7281],[-0.27214,6.72045],[-0.26478,6.71338],[-0.25359,6.7122],[-0.24299,6.7175],[-0.23637,6.72751],[-0.23313,6.73987],[-0.23313,6.75312],[-0.22842,6.75077],[-0.21665,6.74753],[-0.21208,6.74547],[-0.21208,6.75989],[-0.20576,6.75989],[-0.1928,6.73517],[-0.18383,6.72869],[-0.17102,6.73193],[-0.16484,6.72516],[-0.15866,6.71309],[-0.1641,6.70808],[-0.17308,6.70367],[-0.17794,6.69484],[-0.17764,6.66216],[-0.17441,6.65745],[-0.15763,6.64067],[-0.15115,6.63626],[-0.14394,6.63361],[-0.13614,6.63184],[-0.12731,6.63214],[-0.11642,6.63626],[-0.11642,6.61595],[-0.112,6.61654],[-0.10935,6.61801],[-0.10347,6.62272],[-0.09846,6.61948],[-0.09655,6.61771],[-0.09449,6.6183],[-0.08904,6.62272],[-0.08698,6.62125],[-0.08418,6.6186],[-0.08227,6.61654],[-0.08286,6.61595],[-0.04577,6.62507],[-0.03399,6.65657],[-0.03444,6.73193],[-0.01898,6.7231],[-0.01398,6.71809],[-0.01825,6.7387],[-0.02016,6.75989],[-0.04695,6.76225],[-0.06431,6.76666],[-0.0755,6.77343],[-0.0836,6.78226],[-0.07447,6.78609],[-0.06078,6.78697],[-0.05489,6.79404],[-0.06181,6.80169],[-0.07403,6.80552],[-0.08536,6.81229],[-0.08904,6.82818],[-0.08286,6.82818],[-0.07535,6.81847],[-0.06343,6.81464],[-0.05092,6.81788],[-0.04135,6.82818],[-0.04709,6.83142],[-0.04989,6.83437],[-0.05166,6.8379],[-0.05489,6.84173],[-0.04135,6.84173],[-0.04135,6.84908],[-0.04871,6.84908],[-0.04871,6.85527],[-0.03885,6.85703],[-0.03385,6.86292],[-0.03267,6.87204],[-0.03444,6.88352],[-0.02767,6.88352],[-0.0206,6.87823],[-0.01869,6.87175],[-0.01781,6.8641],[-0.01398,6.85527],[-0.00353,6.84173],[0.00324,6.83584],[0.01399,6.82818],[0.01399,6.85527],[0.01973,6.85056],[0.02532,6.84702],[0.03194,6.84408],[0.04063,6.84173],[0.03371,6.85556],[0.04122,6.85939],[0.05549,6.85968],[0.06859,6.86292],[0.06947,6.87263],[0.08287,6.88352],[0.09935,6.88912],[0.10951,6.88352],[0.11643,6.88352],[0.12172,6.90855],[0.11952,6.91767],[0.10951,6.92415],[0.09641,6.92621],[0.08507,6.92209],[0.0758,6.91414],[0.06859,6.90384],[0.06329,6.90472],[0.05799,6.90707],[0.05299,6.9112],[0.04813,6.91738],[0.03695,6.9112],[0.02547,6.90707],[0.01325,6.90442],[-0.00029,6.90384],[0.00884,6.91679],[0.01354,6.92739],[0.02061,6.93504],[0.03753,6.93798],[0.0524,6.94387],[0.05461,6.95829],[0.04813,6.99273],[0.10627,6.9683],[0.11643,6.9686],[0.11863,6.95241],[0.12349,6.95712],[0.12849,6.97389],[0.13056,6.99273],[0.12629,6.99126],[0.12555,6.99038],[0.1257,6.9892],[0.12378,6.98567],[0.1126,6.99568],[0.10951,7.00009],[0.10333,6.99273],[0.06579,7.01481],[0.06123,7.01982],[0.06903,7.02688],[0.08257,7.02658],[0.09759,7.02482],[0.10951,7.02688],[0.07536,7.04719],[0.09258,7.04631],[0.10848,7.04366],[0.12172,7.04454],[0.13056,7.05455],[0.09847,7.07398],[0.08905,7.08193],[0.08714,7.07957],[0.08625,7.0781],[0.08537,7.07663],[0.08287,7.07457],[0.08758,7.08634],[0.08846,7.09547],[0.08272,7.10106],[0.06859,7.10253],[0.06859,7.10989],[0.08625,7.1146],[0.09332,7.12019],[0.09582,7.12902],[0.09037,7.13638],[0.08037,7.13903],[0.07492,7.14374],[0.08287,7.15699],[0.07124,7.16199],[0.06079,7.15964],[0.05284,7.15257],[0.04813,7.14345],[0.04033,7.15287],[0.03651,7.16288],[0.03665,7.17377],[0.04063,7.18436],[0.03459,7.18436],[0.02605,7.17259],[0.01605,7.17053],[0.00648,7.17553],[-0.00029,7.18436],[-0.00132,7.19555],[0.00192,7.20968],[0.00766,7.22322],[0.01399,7.23294],[0.01384,7.22234],[0.00648,7.20173],[0.01104,7.19202],[0.02149,7.19231],[0.03297,7.1982],[0.04063,7.20556],[0.04563,7.19997],[0.0474,7.20203],[0.0549,7.20556],[0.05844,7.19908],[0.06506,7.19055],[0.06859,7.18436],[0.07536,7.18436],[0.08243,7.20085],[0.09258,7.20379],[0.10097,7.19526],[0.10333,7.17759],[0.13056,7.22587],[0.13703,7.22381],[0.15087,7.22116],[0.15734,7.2191],[0.15734,7.22587],[0.14763,7.23176],[0.14542,7.24147],[0.15057,7.2662],[0.15955,7.26325],[0.16426,7.25737],[0.16573,7.24913],[0.16485,7.23912],[0.18737,7.2609],[0.19649,7.27415],[0.18825,7.28003],[0.18722,7.28622],[0.16485,7.32095],[0.16205,7.31595],[0.15955,7.31212],[0.15778,7.308],[0.15734,7.30123],[0.15057,7.30123],[0.1463,7.30358],[0.14233,7.30505],[0.13777,7.3027],[0.13056,7.29416],[0.12776,7.31771],[0.12496,7.32978],[0.12011,7.33508],[0.10671,7.3392],[0.09626,7.34891],[0.08287,7.36923],[0.08905,7.37629],[0.07654,7.38954],[0.05255,7.42928],[0.03459,7.43811],[0.06123,7.45253],[0.05049,7.45194],[0.04401,7.454],[0.03945,7.45871],[0.03459,7.46548],[0.04578,7.46695],[0.05299,7.47225],[0.05608,7.48167],[0.0549,7.49345],[0.05122,7.49021],[0.04754,7.48785],[0.04401,7.48491],[0.04063,7.47932],[-0.00338,7.50758],[-0.02016,7.51346],[-0.02546,7.50993],[-0.0287,7.50905],[-0.03282,7.50993],[-0.04135,7.51346],[-0.05004,7.50905],[-0.07447,7.51288],[-0.08904,7.51346],[-0.0496,7.46166],[-0.03606,7.43428],[-0.05489,7.42457],[-0.05534,7.44193],[-0.06682,7.45812],[-0.08183,7.46843],[-0.09257,7.46901],[-0.11156,7.45341],[-0.12289,7.44753],[-0.13349,7.44517],[-0.13805,7.44841],[-0.13128,7.45577],[-0.12127,7.46283],[-0.11642,7.46548],[-0.11936,7.48609],[-0.13349,7.49992],[-0.15204,7.51111],[-0.16793,7.52406],[-0.18118,7.52642],[-0.20075,7.51906],[-0.23313,7.49963],[-0.23475,7.50875],[-0.23784,7.51435],[-0.24402,7.51788],[-0.25359,7.52023],[-0.25359,7.52759],[-0.2452,7.527],[-0.22783,7.52818],[-0.21944,7.52759],[-0.22136,7.53201],[-0.2243,7.54319],[-0.22621,7.54761],[-0.21326,7.54614],[-0.21002,7.54467],[-0.20576,7.54054],[-0.1984,7.54054],[-0.19207,7.56115],[-0.1853,7.56115],[-0.18177,7.54673],[-0.17058,7.54113],[-0.13687,7.54054],[-0.14114,7.54997],[-0.14365,7.55379],[-0.12996,7.56792],[-0.12437,7.55409],[-0.11362,7.54614],[-0.10096,7.54408],[-0.08904,7.54761],[-0.08757,7.5429],[-0.08286,7.53436],[-0.0755,7.53613],[-0.07226,7.53731],[-0.06902,7.53701],[-0.06122,7.53436],[-0.05489,7.54054],[-0.05843,7.54879],[-0.05857,7.55173],[-0.05695,7.55438],[-0.05489,7.56115],[-0.04871,7.56115],[-0.04754,7.5532],[-0.04592,7.54938],[-0.04386,7.54614],[-0.04135,7.54054],[-0.03444,7.55379],[-0.02369,7.53937],[-0.01457,7.53937],[-0.005,7.54467],[0.00648,7.54761],[0.04813,7.53436],[0.03974,7.54879],[0.02547,7.55909],[0.01031,7.56733],[-0.00029,7.57528],[-0.01324,7.60148],[-0.02207,7.61208],[-0.03797,7.61649],[-0.05239,7.61796],[-0.05563,7.62238],[-0.05416,7.62885],[-0.05489,7.6368],[-0.05313,7.63563],[-0.05563,7.64475],[-0.05931,7.65446],[-0.06122,7.65388],[-0.06917,7.66182],[-0.08713,7.6577],[-0.10582,7.6474],[-0.11642,7.6368],[-0.12392,7.6368],[-0.12701,7.64858],[-0.13511,7.65123],[-0.14438,7.64681],[-0.15115,7.6368],[-0.15807,7.63975],[-0.16101,7.64122],[-0.16484,7.64416],[-0.17971,7.63945],[-0.22268,7.65888],[-0.24667,7.65064],[-0.23858,7.65034],[-0.21944,7.64416],[-0.22401,7.63827],[-0.23151,7.6318],[-0.24667,7.62267],[-0.26978,7.63445],[-0.28877,7.62503],[-0.30407,7.61443],[-0.3157,7.62267],[-0.32188,7.62267],[-0.33528,7.61767],[-0.42197,7.61384],[-0.44066,7.60589],[-0.45597,7.59088],[-0.46642,7.56792],[-0.46833,7.57469],[-0.47083,7.58087],[-0.47275,7.58764],[-0.47275,7.59589],[-0.47848,7.59294],[-0.48761,7.5897],[-0.49615,7.58882],[-0.49997,7.59235],[-0.50395,7.60295],[-0.51234,7.6006],[-0.52073,7.59324],[-0.52426,7.58911],[-0.52661,7.58293],[-0.5509,7.55497],[-0.56208,7.54761],[-0.56282,7.55409],[-0.56459,7.5585],[-0.56679,7.56262],[-0.569,7.56792],[-0.57607,7.55909],[-0.58755,7.55497],[-0.62037,7.55379],[-0.6342,7.5479],[-0.64642,7.5376],[-0.65849,7.53171],[-0.67188,7.54054],[-0.65952,7.55938],[-0.63906,7.56733],[-0.57209,7.5688],[-0.56179,7.57234],[-0.55149,7.57881],[-0.54089,7.58911],[-0.54118,7.59147],[-0.54251,7.59559],[-0.5431,7.60177],[-0.54089,7.60884],[-0.53662,7.61325],[-0.53044,7.61737],[-0.52441,7.62238],[-0.52058,7.63003],[-0.51366,7.63003],[-0.50866,7.62532],[-0.50601,7.62385],[-0.50233,7.62532],[-0.49379,7.63003],[-0.48643,7.61885],[-0.47466,7.61737],[-0.46391,7.62267],[-0.45906,7.63356],[-0.4517,7.63356],[-0.43477,7.63592],[-0.41623,7.64151],[-0.40431,7.65064],[-0.40887,7.65535],[-0.41093,7.66094],[-0.41122,7.67772],[-0.40431,7.67772],[-0.37973,7.65388],[-0.36295,7.64799],[-0.34926,7.66359],[-0.31305,7.64887],[-0.28685,7.66123],[-0.26272,7.6839],[-0.23313,7.69891],[-0.23313,7.7051],[-0.24476,7.7051],[-0.2558,7.70833],[-0.26595,7.71363],[-0.27464,7.71952],[-0.26066,7.72246],[-0.23107,7.71952],[-0.21944,7.72629],[-0.21135,7.71864],[-0.19958,7.71187],[-0.18854,7.70716],[-0.18147,7.7051],[-0.17647,7.70156],[-0.17279,7.69538],[-0.16764,7.69244],[-0.15733,7.69891],[-0.17132,7.71451],[-0.16455,7.72305],[-0.1541,7.73129],[-0.15733,7.7466],[-0.112,7.73571],[-0.0914,7.73777],[-0.08286,7.7572],[-0.09566,7.76279],[-0.15674,7.76426],[-0.17794,7.77398],[-0.16793,7.77339],[-0.15969,7.77486],[-0.14365,7.78104],[-0.15042,7.79046],[-0.15925,7.79782],[-0.17794,7.80753],[-0.16101,7.81136],[-0.13879,7.81195],[-0.12407,7.81754],[-0.12996,7.8355],[-0.15042,7.83226],[-0.16837,7.84021],[-0.17397,7.85463],[-0.15733,7.87023],[-0.16484,7.877],[-0.16248,7.90762],[-0.16675,7.92351],[-0.16587,7.92793],[-0.16675,7.93087],[-0.17441,7.93175],[-0.18177,7.9294],[-0.19442,7.91939],[-0.1984,7.91733],[-0.20885,7.92528],[-0.18471,7.96296],[-0.17794,7.98621],[-0.18397,7.98268],[-0.19987,7.9762],[-0.20576,7.97267],[-0.20576,7.98621],[-0.22371,7.98592],[-0.24138,7.99858],[-0.25506,8.018],[-0.26036,8.03802],[-0.26919,8.05186],[-0.31232,8.09189],[-0.32939,8.10308],[-0.32968,8.08806],[-0.32365,8.06598],[-0.32188,8.05156],[-0.34602,7.99946],[-0.34955,7.99622],[-0.34882,7.98297],[-0.35294,7.98003],[-0.36103,7.9815],[-0.36913,7.98621],[-0.37708,7.98621],[-0.4386,7.97267],[-0.4411,7.96943],[-0.44346,7.96355],[-0.44699,7.95884],[-0.45273,7.95854],[-0.45759,7.96296],[-0.4592,7.97032],[-0.4567,7.97709],[-0.44905,7.98003],[-0.43183,7.98297],[-0.40225,7.99622],[-0.38753,7.99946],[-0.36265,8.013],[-0.35824,8.04096],[-0.3678,8.06363],[-0.38458,8.06186],[-0.39812,8.07011],[-0.41314,8.08806],[-0.42491,8.09542],[-0.43845,8.09778],[-0.45449,8.09689],[-0.46951,8.09366],[-0.47952,8.09012],[-0.49997,8.06864],[-0.53309,8.01153],[-0.55458,7.99328],[-0.55016,8.00682],[-0.54545,8.03508],[-0.54089,8.04832],[-0.53486,8.05568],[-0.51734,8.07246],[-0.51366,8.07923],[-0.51381,8.10631],[-0.51719,8.13045],[-0.52926,8.15194],[-0.55458,8.17137],[-0.55075,8.12427],[-0.55914,8.10896],[-0.60138,8.09807],[-0.63994,8.0757],[-0.65834,8.06834],[-0.65834,8.0757],[-0.64745,8.08453],[-0.63582,8.10072],[-0.63273,8.11632],[-0.64774,8.12339],[-0.64995,8.12044],[-0.6788,8.10308],[-0.68807,8.10013],[-0.70676,8.09748],[-0.71604,8.09277],[-0.72398,8.0913],[-0.73193,8.09542],[-0.73782,8.1016],[-0.74018,8.10602],[-0.74326,8.10896],[-0.75004,8.10278],[-0.76078,8.09012],[-0.77432,8.10278],[-0.77064,8.11927],[-0.75695,8.13457],[-0.74018,8.14399],[-0.70897,8.12397],[-0.68586,8.12986],[-0.66246,8.14605],[-0.63038,8.15753],[-0.62184,8.15459],[-0.61566,8.14811],[-0.6083,8.14458],[-0.59623,8.15017],[-0.59652,8.15577],[-0.59181,8.18167],[-0.58931,8.18491],[-0.59932,8.19521],[-0.61477,8.19933],[-0.65084,8.19933],[-0.64922,8.22553],[-0.69749,8.25085],[-0.70544,8.28116],[-0.71471,8.2791],[-0.72001,8.27881],[-0.73281,8.28116],[-0.74209,8.27881],[-0.74312,8.28588],[-0.74253,8.29735],[-0.74709,8.30854],[-0.75695,8.31384],[-0.77064,8.31561],[-0.83231,8.3162],[-0.84821,8.32002],[-0.85012,8.32885],[-0.83776,8.33386],[-0.78801,8.32885],[-0.76667,8.33209],[-0.76019,8.33533],[-0.77432,8.35623],[-0.8017,8.41775],[-0.81288,8.43306],[-0.86867,8.4937],[-0.88103,8.50164],[-0.89781,8.50694],[-0.89368,8.5246],[-0.89898,8.53932],[-0.90723,8.55434],[-0.91488,8.58937],[-0.92356,8.60379],[-0.93475,8.61527],[-0.94623,8.62381],[-0.94991,8.62852],[-0.94991,8.63293],[-0.95226,8.63617],[-0.96301,8.63735],[-0.97257,8.6397],[-0.98877,8.64883],[-0.99715,8.65118],[-1.00554,8.6553],[-1.0157,8.66472],[-1.02865,8.67414],[-1.04528,8.67856],[-1.05941,8.68032],[-1.0706,8.68327],[-1.08355,8.68415],[-1.10342,8.67856],[-1.13477,8.66413],[-1.14684,8.65413],[-1.1517,8.64088],[-1.14507,8.60968],[-1.13462,8.58112],[-1.13418,8.55581],[-1.15788,8.53432],[-1.16023,8.57376],[-1.18452,8.65648],[-1.19276,8.6709],[-1.20998,8.66443],[-1.25472,8.67149],[-1.27121,8.66796],[-1.28166,8.66266],[-1.28681,8.66767],[-1.28872,8.67826],[-1.28887,8.68886],[-1.29329,8.69534],[-1.32302,8.70564],[-1.36364,8.74067],[-1.37026,8.75038],[-1.38145,8.75391],[-1.45283,8.75362],[-1.47226,8.74567],[-1.48506,8.73419],[-1.49213,8.718],[-1.49433,8.69563],[-1.50287,8.68503],[-1.52245,8.67061],[-1.55586,8.65118],[-1.56395,8.65],[-1.56645,8.65206],[-1.56866,8.6556],[-1.57632,8.65795],[-1.61179,8.65736],[-1.64034,8.67149],[-1.65565,8.66737],[-1.69244,8.63381],[-1.70113,8.63058],[-1.71275,8.63058],[-1.6764,8.68121],[-1.65197,8.69592],[-1.61723,8.67856],[-1.60884,8.68386],[-1.58868,8.68003],[-1.57632,8.68533],[-1.53937,8.67502],[-1.51921,8.70063],[-1.50788,8.73596],[-1.49743,8.75362],[-1.48771,8.75686],[-1.46313,8.77128],[-1.4493,8.77452],[-1.41486,8.77599],[-1.40117,8.78158],[-1.39131,8.79454],[-1.38851,8.78924],[-1.38056,8.77982],[-1.37762,8.77452],[-1.37144,8.79218],[-1.37217,8.80867],[-1.37762,8.8434],[-1.36496,8.82898],[-1.36099,8.81691],[-1.35657,8.7807],[-1.34804,8.76275],[-1.33302,8.74479],[-1.31433,8.73478],[-1.29505,8.73978],[-1.27489,8.7077],[-1.26385,8.69445],[-1.24736,8.68533],[-1.22911,8.68121],[-1.20895,8.68003],[-1.06133,8.70476],[-1.05235,8.70917],[-1.04867,8.71594],[-1.04396,8.71653],[-1.01393,8.69269],[-1.01305,8.73066],[-1.01688,8.74597],[-1.02821,8.75362],[-1.01658,8.76392],[-1.02541,8.77452],[-1.04234,8.78335],[-1.05559,8.78835],[-1.06971,8.79159],[-1.16538,8.79777],[-1.18069,8.80425],[-1.1723,8.81573],[-1.15935,8.81632],[-1.09709,8.80867],[-1.11446,8.83516],[-1.1723,8.90433],[-1.18128,8.92759],[-1.18481,8.95349],[-1.18378,8.98057],[-1.17907,9.00736],[-1.1648,8.97321],[-1.14066,9.02591],[-1.13801,9.04533],[-1.13992,9.06741],[-1.14875,9.09832],[-1.1517,9.11657],[-1.12844,9.1048],[-1.11004,9.08213],[-1.09886,9.05328],[-1.09709,9.0209],[-1.10739,8.99912],[-1.14375,8.96262],[-1.1517,8.93524],[-1.14375,8.91758],[-1.10018,8.84958],[-1.08561,8.84428],[-1.06059,8.82103],[-1.04528,8.81573],[-1.03704,8.82368],[-1.0207,8.87755],[-1.02291,8.82545],[-1.01938,8.79925],[-1.00702,8.7807],[-1.00083,8.78835],[-0.992,8.77158],[-0.98803,8.75892],[-0.98715,8.72271],[-0.98479,8.70564],[-0.97846,8.68915],[-0.96978,8.67502],[-0.95992,8.66472],[-0.92783,8.65059],[-0.91164,8.64088],[-0.90472,8.62704],[-0.90149,8.61792],[-0.89413,8.61321],[-0.88692,8.61026],[-0.88368,8.60644],[-0.88235,8.59496],[-0.87911,8.58848],[-0.87485,8.58318],[-0.87058,8.57612],[-0.86631,8.55904],[-0.86322,8.55227],[-0.8563,8.54815],[-0.846,8.54727],[-0.84232,8.55286],[-0.83967,8.56228],[-0.83261,8.57259],[-0.79654,8.59967],[-0.7886,8.61468],[-0.79551,8.63735],[-0.80729,8.64883],[-0.82304,8.65766],[-0.83673,8.66737],[-0.84261,8.68179],[-0.84173,8.69416],[-0.83835,8.70152],[-0.83099,8.70476],[-0.81877,8.70564],[-0.81259,8.70946],[-0.80729,8.7183],[-0.7964,8.75333],[-0.79493,8.76333],[-0.79551,8.77452],[-0.77049,8.7545],[-0.78168,8.72772],[-0.82215,8.68533],[-0.78404,8.68032],[-0.76608,8.65795],[-0.75386,8.63058],[-0.73281,8.60997],[-0.73326,8.62793],[-0.73002,8.64441],[-0.72133,8.65707],[-0.70544,8.66472],[-0.71324,8.63116],[-0.71133,8.61645],[-0.69926,8.60997],[-0.71957,8.59172],[-0.7493,8.58259],[-0.77623,8.57111],[-0.79375,8.53226],[-0.8067,8.52578],[-0.82039,8.52137],[-0.82893,8.5146],[-0.8304,8.49929],[-0.82422,8.48604],[-0.81273,8.47662],[-0.77167,8.46338],[-0.75357,8.44042],[-0.72663,8.39096],[-0.72133,8.38625],[-0.70544,8.37654],[-0.69941,8.37006],[-0.69646,8.36329],[-0.69219,8.35829],[-0.66717,8.3527],[-0.65702,8.34769],[-0.6501,8.35034],[-0.64465,8.36918],[-0.64024,8.35917],[-0.64038,8.33915],[-0.63774,8.32885],[-0.63214,8.32444],[-0.62272,8.31943],[-0.61389,8.31325],[-0.60565,8.29647],[-0.59623,8.29382],[-0.58681,8.2897],[-0.58254,8.27763],[-0.57769,8.26763],[-0.5665,8.26821],[-0.55487,8.27469],[-0.5484,8.28116],[-0.54089,8.28116],[-0.54236,8.26468],[-0.55075,8.25232],[-0.5612,8.24084],[-0.569,8.22583],[-0.53971,8.20404],[-0.52544,8.20286],[-0.51366,8.22583],[-0.51381,8.2008],[-0.51204,8.18903],[-0.50748,8.17814],[-0.48952,8.18579],[-0.48187,8.19345],[-0.47952,8.20551],[-0.46907,8.19904],[-0.44537,8.17814],[-0.43551,8.18403],[-0.42668,8.18579],[-0.42035,8.18196],[-0.41814,8.17137],[-0.39783,8.17843],[-0.39032,8.19197],[-0.38973,8.20787],[-0.39076,8.22259],[-0.394,8.227],[-0.40018,8.23142],[-0.40431,8.23642],[-0.40107,8.24319],[-0.39327,8.24702],[-0.37193,8.25085],[-0.3628,8.25379],[-0.3547,8.24525],[-0.34882,8.23525],[-0.34146,8.22759],[-0.32939,8.22583],[-0.321,8.22965],[-0.31659,8.2373],[-0.31511,8.24761],[-0.3157,8.25997],[-0.30231,8.25349],[-0.28685,8.24967],[-0.26036,8.24643],[-0.25565,8.24466],[-0.24653,8.23701],[-0.24005,8.23348],[-0.24049,8.23642],[-0.23416,8.24084],[-0.22563,8.24437],[-0.21944,8.24643],[-0.2268,8.22789],[-0.18898,8.22023],[-0.17794,8.20228],[-0.18383,8.17578],[-0.21635,8.19609],[-0.23313,8.17814],[-0.25653,8.19374],[-0.26919,8.19698],[-0.27464,8.18844],[-0.28259,8.18108],[-0.30025,8.18226],[-0.31879,8.18903],[-0.32939,8.19933],[-0.33086,8.16695],[-0.33601,8.13663],[-0.32188,8.14399],[-0.3107,8.1334],[-0.30113,8.13369],[-0.29333,8.14046],[-0.28774,8.15017],[-0.28273,8.13516],[-0.27979,8.12191],[-0.27317,8.11279],[-0.25698,8.10926],[-0.248,8.10543],[-0.24329,8.09601],[-0.24285,8.08512],[-0.24667,8.0757],[-0.22607,8.0654],[-0.21591,8.06275],[-0.20208,8.06186],[-0.19384,8.05568],[-0.18854,8.04332],[-0.18147,8.03625],[-0.16793,8.04509],[-0.1513,8.04685],[-0.13423,8.02742],[-0.10965,7.98621],[-0.11524,7.97797],[-0.1123,7.97061],[-0.10288,7.9662],[-0.08904,7.9659],[-0.08904,7.95854],[-0.09493,7.95295],[-0.09508,7.94647],[-0.09095,7.93911],[-0.08286,7.93175],[-0.0914,7.92145],[-0.09051,7.90644],[-0.08404,7.89054],[-0.0755,7.877],[-0.07844,7.87347],[-0.08168,7.87171],[-0.08904,7.87023],[-0.08256,7.86758],[-0.07903,7.86346],[-0.0755,7.84904],[-0.07565,7.84168],[-0.0783,7.83491],[-0.08124,7.82991],[-0.08286,7.82873],[-0.07785,7.81254],[-0.06211,7.78487],[-0.05489,7.76721],[-0.03915,7.78016],[-0.03311,7.78693],[-0.02767,7.79517],[-0.01928,7.79075],[-0.00971,7.79664],[0.00133,7.80665],[0.01399,7.81489],[0.02076,7.80753],[0.01134,7.80312],[0.00354,7.79635],[-0.0025,7.78663],[-0.00662,7.77398],[0.01104,7.77339],[0.0209,7.78075],[0.02723,7.79164],[0.03459,7.80135],[0.03547,7.79075],[0.0393,7.78428],[0.04578,7.7834],[0.0549,7.7884],[0.05799,7.78457],[0.05902,7.78104],[0.05976,7.77721],[0.06123,7.77398],[0.06638,7.77339],[0.08287,7.77398],[0.07095,7.78958],[0.07492,7.79929],[0.08449,7.80636],[0.08905,7.81489],[0.08404,7.82667],[0.07551,7.83579],[0.06889,7.84668],[0.06859,7.86287],[0.05844,7.86081],[0.04784,7.86435],[0.04048,7.872],[0.04063,7.88319],[0.04754,7.89084],[0.05505,7.88878],[0.06241,7.88407],[0.06859,7.88319],[0.07227,7.89408],[0.06417,7.9085],[0.04063,7.93853],[0.05358,7.93293],[0.06079,7.93882],[0.05991,7.94942],[0.04813,7.95854],[0.04813,7.9659],[0.06992,7.9662],[0.09037,7.97385],[0.1048,7.98739],[0.10951,8.00682],[0.10333,8.0183],[0.07271,8.00505],[0.0549,8.00682],[0.0602,8.01153],[0.06992,8.02271],[0.07536,8.02742],[0.05446,8.04155],[0.0396,8.05657],[0.03915,8.07393],[0.06123,8.09542],[0.06315,8.08571],[0.06874,8.07717],[0.07654,8.07393],[0.09023,8.08188],[0.09435,8.08217],[0.09862,8.08159],[0.10333,8.08247],[0.10951,8.10308],[0.12643,8.10602],[0.13953,8.10072],[0.14454,8.08777],[0.13688,8.06834],[0.18251,8.08424],[0.19163,8.09012],[0.1859,8.10043],[0.1438,8.13663],[0.14998,8.14046],[0.15057,8.1434],[0.1438,8.15017],[0.1541,8.15341],[0.15999,8.16107],[0.16293,8.17196],[0.16485,8.18491],[0.15057,8.18079],[0.13468,8.18697],[0.12172,8.19992],[0.11643,8.21611],[0.10642,8.21552],[0.0892,8.22612],[0.08404,8.23583],[0.10951,8.23348],[0.1073,8.23878],[0.10333,8.25379],[0.11142,8.24437],[0.12011,8.24113],[0.12879,8.24437],[0.13688,8.25379],[0.16867,8.24378],[0.1831,8.26645],[0.18295,8.30148],[0.17088,8.32885],[0.18089,8.33651],[0.19119,8.34092],[0.20267,8.34269],[0.21563,8.34328],[0.22858,8.34651],[0.22858,8.35534],[0.22298,8.36741],[0.21945,8.38007],[0.20709,8.38566],[0.13056,8.36918],[0.10318,8.37065],[0.0889,8.38066],[0.08375,8.39803],[0.08287,8.42099],[0.08007,8.43394],[0.07477,8.44189],[0.07168,8.44895],[0.07536,8.45926],[0.08213,8.46367],[0.11643,8.47309],[0.11643,8.47927],[0.10082,8.48369],[0.08905,8.48987],[0.08095,8.49958],[0.07536,8.5146],[0.07845,8.52196],[0.08478,8.53108],[0.08743,8.53873],[0.07242,8.54492],[0.07742,8.5511],[0.08566,8.5561],[0.08905,8.55551],[0.10966,8.59466],[0.11643,8.60261],[0.13041,8.60732],[0.13953,8.6029],[0.14925,8.59496],[0.16485,8.58907],[0.1594,8.60732],[0.14483,8.6241],[0.13335,8.64353],[0.13688,8.6709],[0.14601,8.68209],[0.15734,8.68974],[0.16706,8.69887],[0.17088,8.71594],[0.16882,8.72801],[0.16573,8.73743],[0.16706,8.74391],[0.17795,8.74744],[0.18928,8.75244],[0.20047,8.75362],[0.21062,8.75156],[0.21945,8.74744],[0.20341,8.73007],[0.1984,8.72624],[0.20577,8.71064],[0.19752,8.70211],[0.18457,8.69445],[0.17795,8.68179],[0.17177,8.67532],[0.16043,8.65766],[0.15352,8.63911],[0.16117,8.63058],[0.17971,8.61909],[0.18089,8.59643],[0.16455,8.58053],[0.13056,8.58907],[0.11363,8.55463],[0.10951,8.54168],[0.10877,8.53432],[0.10951,8.51077],[0.11186,8.50164],[0.11746,8.50047],[0.12423,8.50017],[0.13056,8.4934],[0.13438,8.48192],[0.13468,8.47133],[0.13114,8.46132],[0.12378,8.4519],[0.11746,8.45072],[0.09965,8.45248],[0.09582,8.44866],[0.09891,8.43953],[0.10494,8.4307],[0.10907,8.42246],[0.10642,8.41422],[0.10862,8.3995],[0.14145,8.39773],[0.23344,8.40509],[0.24727,8.40215],[0.25301,8.3942],[0.25978,8.36918],[0.26081,8.35476],[0.25301,8.34328],[0.26272,8.3315],[0.27597,8.32826],[0.28789,8.33239],[0.29452,8.34328],[0.30143,8.34328],[0.29819,8.32208],[0.28598,8.31855],[0.26935,8.32061],[0.25301,8.31531],[0.23814,8.32208],[0.22048,8.3265],[0.20356,8.32709],[0.19163,8.32267],[0.19973,8.31855],[0.20738,8.3159],[0.21577,8.31472],[0.22622,8.31531],[0.22107,8.30942],[0.2093,8.3003],[0.20577,8.29471],[0.20473,8.28499],[0.20724,8.2635],[0.20577,8.25379],[0.1937,8.23995],[0.15778,8.22612],[0.1438,8.21287],[0.1619,8.21405],[0.22078,8.20316],[0.21813,8.19815],[0.21018,8.19345],[0.20577,8.19168],[0.18825,8.16107],[0.17736,8.12898],[0.20488,8.11426],[0.26729,8.10926],[0.26935,8.1122],[0.27097,8.11514],[0.2742,8.11691],[0.28097,8.11603],[0.26935,8.0863],[0.2639,8.08247],[0.25301,8.08453],[0.23564,8.09336],[0.22961,8.09542],[0.21327,8.09042],[0.19502,8.06716],[0.1307,8.04891],[0.12378,8.04832],[0.12467,8.03302],[0.13497,8.01388],[0.14969,7.99799],[0.16485,7.99328],[0.15543,7.98239],[0.12923,7.97414],[0.12378,7.96207],[0.1176,7.95825],[0.08669,7.94677],[0.07536,7.94471],[0.11937,7.93853],[0.13056,7.93175],[0.13247,7.92234],[0.1204,7.90232],[0.11643,7.88995],[0.12378,7.88995],[0.13703,7.90291],[0.15793,7.91115],[0.17692,7.90762],[0.18531,7.88672],[0.18236,7.88407],[0.16779,7.8458],[0.1619,7.8355],[0.15734,7.81578],[0.15057,7.80753],[0.15057,7.80135],[0.1675,7.80488],[0.17751,7.8199],[0.18575,7.83756],[0.1984,7.84904],[0.19163,7.86287],[0.19796,7.86611],[0.20091,7.86817],[0.20415,7.86729],[0.21195,7.86287],[0.21018,7.87553],[0.20886,7.87906],[0.20577,7.88319],[0.21165,7.89349],[0.22004,7.89967],[0.23049,7.90291],[0.2433,7.90379],[0.24771,7.9085],[0.25949,7.93117],[0.26729,7.93853],[0.27465,7.91733],[0.26876,7.90791],[0.26155,7.90085],[0.25213,7.89731],[0.23991,7.89761],[0.23991,7.88995],[0.24433,7.88907],[0.24683,7.8876],[0.25301,7.88319],[0.24712,7.88201],[0.23314,7.877],[0.24271,7.877],[0.25095,7.87553],[0.26729,7.87023],[0.26729,7.86287],[0.2483,7.86228],[0.23903,7.8561],[0.24212,7.84992],[0.26037,7.84904],[0.26037,7.84227],[0.2511,7.83785],[0.25066,7.83579],[0.24683,7.82873],[0.23711,7.83226],[0.22917,7.83108],[0.21975,7.82902],[0.20577,7.82873],[0.21798,7.80665],[0.23564,7.80312],[0.25389,7.80194],[0.26729,7.7884],[0.26729,7.79517],[0.27347,7.79017],[0.27641,7.78869],[0.28097,7.7884],[0.27273,7.77928],[0.26876,7.77044],[0.2692,7.7622],[0.27465,7.75425],[0.28097,7.75425],[0.28392,7.75749],[0.28774,7.76044],[0.28907,7.72923],[0.28568,7.71716],[0.27465,7.71187],[0.27774,7.70804],[0.2795,7.7048],[0.28201,7.70186],[0.28774,7.69891],[0.27891,7.69067],[0.27406,7.68096],[0.26729,7.65741],[0.28245,7.65299],[0.28642,7.64269],[0.28583,7.62944],[0.28774,7.61649],[0.27465,7.62267],[0.27465,7.61178],[0.277,7.60295],[0.28333,7.59765],[0.29452,7.59589],[0.28878,7.5897],[0.28392,7.58235],[0.28097,7.57292],[0.28097,7.56115],[0.26876,7.56998],[0.24727,7.59412],[0.23314,7.60266],[0.23932,7.58882],[0.24639,7.5794],[0.25036,7.57116],[0.24683,7.56115],[0.24065,7.55791],[0.20577,7.54761],[0.21165,7.53731],[0.22063,7.52995],[0.2324,7.52789],[0.24683,7.53436],[0.2533,7.51435],[0.24536,7.50139],[0.23476,7.48903],[0.23314,7.47225],[0.24168,7.45783],[0.25124,7.45989],[0.26052,7.47137],[0.26832,7.48638],[0.28495,7.48991],[0.29172,7.50081],[0.29172,7.51464],[0.28774,7.52759],[0.30143,7.52023],[0.30806,7.53907],[0.30806,7.54761],[0.31188,7.54526],[0.32174,7.54054],[0.3216,7.54732],[0.32233,7.56115],[0.32174,7.56792],[0.32925,7.56792],[0.32984,7.54732],[0.32086,7.51405]],[[0.17088,6.69837],[0.1828,6.7228],[0.17765,6.74282],[0.15057,6.7805],[0.14086,6.76755],[0.13836,6.76195],[0.13688,6.75312],[0.13056,6.75989],[0.12908,6.75665],[0.12938,6.75459],[0.12864,6.75342],[0.12378,6.75312],[0.12378,6.76666],[0.10804,6.76195],[0.10333,6.75989],[0.10524,6.76342],[0.10759,6.7699],[0.10951,6.77343],[0.09582,6.77343],[0.09582,6.7805],[0.10568,6.7855],[0.10951,6.79374],[0.10848,6.80375],[0.10333,6.81435],[0.09435,6.81464],[0.08714,6.81376],[0.08095,6.8117],[0.07536,6.80817],[0.08287,6.79404],[0.06859,6.80081],[0.06241,6.78226],[0.06079,6.77255],[0.06123,6.75989],[0.04931,6.76519],[0.04224,6.7749],[0.03945,6.78727],[0.04063,6.80081],[0.03459,6.80081],[0.00604,6.76048],[-0.00309,6.73487],[0.00648,6.70455],[0.02076,6.74547],[0.02767,6.74547],[0.0315,6.73634],[0.03268,6.7281],[0.03135,6.72045],[0.02767,6.7122],[0.03915,6.71691],[0.04902,6.71691],[0.05652,6.7125],[0.06123,6.70455],[0.06123,6.69837],[0.05358,6.69749],[0.0496,6.69543],[0.04622,6.69337],[0.04063,6.69101],[0.04563,6.6913],[0.06123,6.69101],[0.0549,6.67747],[0.06491,6.67364],[0.07271,6.67305],[0.07875,6.67629],[0.08287,6.68483],[0.08905,6.67747],[0.09317,6.67983],[0.09567,6.68218],[0.09847,6.68365],[0.10333,6.68483],[0.09582,6.67776],[0.09096,6.67011],[0.08876,6.66099],[0.08905,6.65009],[0.09582,6.65009],[0.10391,6.67335],[0.12555,6.68306],[0.15116,6.68807],[0.17088,6.69837]]]]}},{"type":"Feature","properties":{"name":"Chardara Reservoir","rank":6},"geometry":{"type":"MultiPolygon","coordinates":[[[[68.43834,41.12543],[68.45129,41.11925],[68.45571,41.10689],[68.42568,41.09423],[68.41715,41.08157],[68.36916,41.05037],[68.35857,41.05007],[68.32442,41.05743],[68.29969,41.03977],[68.27349,41.01622],[68.23111,41.03889],[68.21815,41.04301],[68.21138,41.04242],[68.19166,41.03683],[68.16958,41.04801],[68.11689,41.06685],[68.0954,41.06538],[68.08186,41.04301],[68.07097,41.05361],[68.05861,41.05508],[68.04595,41.05037],[68.03388,41.04301],[68.02064,41.05949],[68.01269,41.09806],[68.00268,41.11601],[67.95852,41.15958],[67.95146,41.17076],[67.94911,41.17224],[67.93085,41.21521],[67.93027,41.21551],[67.92703,41.21639],[67.92055,41.21639],[67.91378,41.21727],[67.90995,41.22169],[67.91202,41.242],[67.92821,41.25024],[68.01239,41.24671],[68.02917,41.242],[68.04389,41.23258],[68.08128,41.18224],[68.09158,41.17459],[68.11012,41.17901],[68.13809,41.20049],[68.15752,41.20815],[68.18048,41.21021],[68.23994,41.20756],[68.24995,41.19932],[68.26349,41.18489],[68.27526,41.1687],[68.28056,41.15663],[68.33502,41.13309],[68.34973,41.13309],[68.38388,41.13809],[68.39301,41.13662],[68.40831,41.1272],[68.43834,41.12543]]]]}},{"type":"Feature","properties":{"name":"Kostroma","rank":7},"geometry":{"type":"MultiPolygon","coordinates":[[[[41.1811,57.52416],[41.25322,57.51092],[41.34242,57.51092],[41.34242,57.48295],[41.3121,57.48648],[41.27677,57.49473],[41.24263,57.49767],[41.21554,57.48648],[41.21025,57.46794],[41.21584,57.45204],[41.21201,57.44586],[41.17816,57.45646],[41.17845,57.47559],[41.15549,57.48825],[41.124,57.49531],[41.09898,57.49738],[41.09014,57.50091],[41.08337,57.50944],[41.0716,57.5277],[41.06424,57.53329],[41.03392,57.54447],[41.0613,57.5483],[41.12253,57.51474],[41.14343,57.52416],[41.11899,57.53741],[41.09221,57.5589],[41.07042,57.58333],[41.0613,57.60659],[41.05247,57.64073],[41.03068,57.6578],[41.00184,57.66987],[40.97269,57.68842],[40.96563,57.69784],[40.94797,57.72933],[40.94473,57.74052],[40.93767,57.75023],[40.88998,57.77437],[40.86466,57.78055],[40.80697,57.77555],[40.78018,57.7779],[40.76399,57.78615],[40.77665,57.79056],[40.82169,57.79851],[40.67068,57.79763],[40.63977,57.7885],[40.62505,57.77967],[40.58767,57.77025],[40.57118,57.76113],[40.565,57.75053],[40.55646,57.72256],[40.54675,57.70961],[40.52791,57.73875],[40.50024,57.74759],[40.3978,57.73081],[40.37042,57.72139],[40.35276,57.70225],[40.34894,57.66811],[40.32421,57.679],[40.30066,57.679],[40.21059,57.64485],[40.19145,57.63072],[40.1838,57.61041],[40.16143,57.57155],[40.10874,57.55684],[40.04751,57.55772],[39.99923,57.56626],[40.00541,57.56626],[40.0949,57.58598],[40.11492,57.59628],[40.12816,57.60806],[40.15318,57.63779],[40.19027,57.66634],[40.38661,57.75436],[40.42989,57.76613],[40.57442,57.78468],[40.58384,57.78791],[40.59944,57.80204],[40.60915,57.80528],[40.62358,57.80675],[40.64919,57.81235],[40.6642,57.81264],[40.62947,57.82589],[40.63712,57.83766],[40.633,57.84855],[40.62181,57.85856],[40.59502,57.87799],[40.58266,57.88388],[40.56824,57.88711],[40.54675,57.8877],[40.55352,57.90301],[40.54999,57.91478],[40.53851,57.92126],[40.52026,57.92126],[40.52703,57.90831],[40.50878,57.9086],[40.49259,57.91626],[40.4764,57.92685],[40.45815,57.93568],[40.48376,57.94363],[40.57471,57.93568],[40.59591,57.93951],[40.60827,57.93922],[40.63005,57.92685],[40.64301,57.92833],[40.65537,57.93451],[40.6642,57.94304],[40.65125,57.95099],[40.60886,57.96365],[40.61828,57.96571],[40.63535,57.97189],[40.64301,57.9766],[40.64095,57.98043],[40.63624,57.98779],[40.63506,57.99456],[40.6433,57.9978],[40.73249,58.00398],[40.72484,57.99132],[40.7219,57.97483],[40.72572,57.95923],[40.73926,57.94922],[40.74809,57.9504],[40.78695,57.96365],[40.84229,57.96365],[40.83787,57.97219],[40.80962,58.00456],[40.80873,58.00957],[40.82169,58.01752],[40.82669,58.0184],[40.83787,58.01251],[40.84229,58.01134],[40.84671,58.01398],[40.85936,58.02811],[40.86937,58.034],[40.88115,58.03606],[40.89322,58.03489],[40.9044,58.03106],[40.88026,57.96188],[40.88056,57.9295],[40.9044,57.90831],[40.88174,57.90124],[40.84994,57.8983],[40.81756,57.89948],[40.77105,57.90978],[40.74368,57.9086],[40.72778,57.89948],[40.73926,57.88034],[40.71571,57.87416],[40.66302,57.87387],[40.64301,57.86033],[40.69864,57.82265],[40.76664,57.81146],[40.83846,57.80793],[40.9044,57.79233],[40.92766,57.78055],[40.97152,57.75112],[41.02244,57.69401],[41.04305,57.67782],[41.06836,57.66811],[41.08514,57.6687],[41.11958,57.67959],[41.13636,57.68224],[41.15667,57.67929],[41.15903,57.67223],[41.14872,57.66516],[41.12988,57.66192],[41.10486,57.65251],[41.09986,57.63072],[41.10663,57.60541],[41.11605,57.58598],[41.129,57.5695],[41.13695,57.56214],[41.15756,57.55331],[41.16933,57.52946],[41.1811,57.52416]]]]}},{"type":"Feature","properties":{"name":"Uglich","rank":7},"geometry":{"type":"MultiPolygon","coordinates":[[[[38.04936,57.34578],[38.02169,57.31693],[38.00521,57.30575],[37.98166,57.29721],[37.93191,57.28661],[37.90895,57.27778],[37.87422,57.25247],[37.85685,57.24599],[37.83389,57.2504],[37.78061,57.28367],[37.75794,57.29132],[37.76089,57.29073],[37.77472,57.29544],[37.78944,57.29662],[37.80475,57.29485],[37.82005,57.29132],[37.82947,57.2872],[37.84419,57.27925],[37.8542,57.27778],[37.86303,57.27984],[37.87775,57.28926],[37.88511,57.29132],[37.90159,57.29368],[37.93545,57.30339],[37.97254,57.30869],[37.9849,57.31664],[38.00521,57.33989],[38.08292,57.39199],[38.0944,57.41172],[38.10912,57.42938],[38.22333,57.48678],[38.23893,57.49855],[38.26837,57.5277],[38.30105,57.57155],[38.30605,57.56626],[38.30487,57.55095],[38.29192,57.51003],[38.28574,57.49738],[38.26955,57.48177],[38.25041,57.47177],[38.20979,57.45646],[38.13561,57.41554],[38.12708,57.40612],[38.11825,57.3867],[38.11147,57.37727],[38.10147,57.37139],[38.07644,57.36432],[38.06644,57.3602],[38.04936,57.34578]]]]}},{"type":"Feature","properties":{"name":"Ivankovo","rank":7},"geometry":{"type":"MultiPolygon","coordinates":[[[[37.00525,56.76382],[36.99701,56.75734],[36.98406,56.72202],[36.94668,56.76706],[36.92519,56.78001],[36.82481,56.79355],[36.80921,56.78796],[36.77653,56.76706],[36.77182,56.76029],[36.77182,56.71231],[36.76711,56.70289],[36.72149,56.67845],[36.68764,56.67257],[36.67174,56.66432],[36.66026,56.65667],[36.63524,56.6446],[36.59815,56.61929],[36.56812,56.60428],[36.53604,56.59309],[36.50425,56.58573],[36.4545,56.58279],[36.36707,56.56512],[36.35236,56.55924],[36.32616,56.54393],[36.31232,56.53775],[36.29348,56.53392],[36.23696,56.53039],[36.13717,56.50743],[36.11333,56.51037],[36.13217,56.53569],[36.16043,56.55512],[36.24874,56.59073],[36.2558,56.59103],[36.27965,56.58485],[36.2926,56.58455],[36.30231,56.58926],[36.31674,56.60104],[36.33558,56.60957],[36.35559,56.61311],[36.37384,56.60957],[36.40917,56.60692],[36.46127,56.61369],[36.50042,56.62723],[36.49748,56.64372],[36.44685,56.6605],[36.42006,56.6814],[36.37443,56.7023],[36.37443,56.70642],[36.49806,56.66756],[36.55429,56.66315],[36.57254,56.65402],[36.5799,56.64254],[36.58284,56.63077],[36.58785,56.62665],[36.63112,56.65814],[36.72355,56.70848],[36.75033,56.73497],[36.74386,56.75705],[36.7156,56.77177],[36.67557,56.77736],[36.77477,56.80915],[36.80921,56.8121],[36.87014,56.81062],[36.88839,56.81533],[36.89899,56.82358],[36.92195,56.85301],[36.93961,56.85419],[36.95845,56.84919],[36.97641,56.84094],[36.99142,56.83211],[37.01261,56.81533],[37.02086,56.8118],[37.0288,56.81533],[37.0397,56.82387],[37.05176,56.82946],[37.06177,56.82799],[37.07119,56.79826],[37.08414,56.78678],[37.11152,56.76971],[37.11181,56.76353],[37.11446,56.75558],[37.12065,56.74999],[37.12683,56.7491],[37.13448,56.74999],[37.15214,56.75411],[37.12388,56.73262],[37.12065,56.72585],[37.11476,56.72408],[37.08562,56.73497],[37.07355,56.73644],[37.06383,56.72761],[37.06531,56.71643],[37.06472,56.70642],[37.0497,56.7023],[37.03675,56.70436],[37.03145,56.70995],[37.03234,56.71849],[37.0394,56.72967],[37.02998,56.75587],[37.02086,56.76441],[37.00525,56.76382]]]]}},{"type":"Feature","properties":{"name":"Roseires Reservoir","rank":7},"geometry":{"type":"MultiPolygon","coordinates":[[[[34.32948,11.59394],[34.31918,11.62249],[34.35215,11.63221],[34.34567,11.65487],[34.33508,11.67224],[34.32801,11.6899],[34.33125,11.71404],[34.34096,11.73494],[34.35627,11.75849],[34.37423,11.77851],[34.39336,11.7894],[34.42015,11.79175],[34.4437,11.79852],[34.46401,11.79911],[34.48255,11.78322],[34.48873,11.75996],[34.48932,11.7267],[34.48167,11.70285],[34.46224,11.70756],[34.45636,11.71728],[34.45223,11.72758],[34.44635,11.73288],[34.43487,11.72787],[34.43045,11.71787],[34.4281,11.68725],[34.42397,11.67666],[34.41721,11.6637],[34.4228,11.65399],[34.44105,11.63839],[34.45547,11.6013],[34.46165,11.59129],[34.48314,11.57422],[34.52877,11.55273],[34.54761,11.52918],[34.56262,11.50445],[34.58087,11.48532],[34.65093,11.43704],[34.67124,11.41614],[34.68243,11.41026],[34.69714,11.40584],[34.71039,11.39878],[34.71599,11.38523],[34.72099,11.3558],[34.73394,11.33225],[34.75366,11.31282],[34.77751,11.29634],[34.73659,11.29575],[34.70686,11.32312],[34.68184,11.3611],[34.65535,11.392],[34.63886,11.40201],[34.58558,11.42321],[34.56615,11.43498],[34.55026,11.45029],[34.52082,11.48444],[34.50404,11.49621],[34.48785,11.49856],[34.47196,11.49798],[34.45518,11.5018],[34.43928,11.51505],[34.42721,11.53094],[34.41367,11.54419],[34.39366,11.54978],[34.36098,11.56362],[34.32948,11.59394]]]]}},{"type":"Feature","properties":{"name":"Votkinsk","rank":7},"geometry":{"type":"MultiPolygon","coordinates":[[[[55.56344,57.27749],[55.57757,57.25982],[55.58817,57.24187],[55.58552,57.22656],[55.56638,57.22244],[55.54696,57.23951],[55.52017,57.27778],[55.47131,57.30722],[55.42097,57.3081],[55.26025,57.27101],[55.24965,57.27395],[55.2311,57.28808],[55.1322,57.30839],[55.10335,57.30575],[55.07833,57.29485],[55.06655,57.28749],[55.0642,57.28102],[55.07803,57.27601],[55.09422,57.27425],[55.10217,57.26895],[55.09246,57.25364],[55.08804,57.24422],[55.0904,57.22008],[55.08893,57.20949],[55.08127,57.20095],[55.06184,57.19124],[55.05478,57.18152],[55.05507,57.13501],[55.04977,57.11029],[55.03035,57.09969],[55.00856,57.09469],[54.96205,57.07202],[54.93821,57.06525],[54.89111,57.06613],[54.87669,57.06201],[54.86904,57.05347],[54.85756,57.02904],[54.85285,57.02374],[54.78043,57.0311],[54.72597,57.01521],[54.70125,57.01109],[54.64679,57.0102],[54.62324,57.01609],[54.60146,57.02845],[54.57732,57.03876],[54.54759,57.03817],[54.52669,57.02845],[54.48401,57.00255],[54.44015,56.99284],[54.3695,56.9631],[54.33918,56.95663],[54.25323,56.95545],[54.23056,56.94897],[54.22026,56.9322],[54.21202,56.88716],[54.18788,56.82181],[54.18464,56.8015],[54.1711,56.79591],[54.08838,56.77118],[54.09015,56.78531],[54.09515,56.79797],[54.0872,56.82534],[54.08809,56.84712],[54.0925,56.8692],[54.09515,56.89717],[54.0875,56.93602],[54.08838,56.94868],[54.09869,56.96605],[54.1137,56.97311],[54.13048,56.97753],[54.17522,57.00314],[54.20672,57.00903],[54.34095,57.01197],[54.37274,57.01903],[54.39629,57.03817],[54.44456,57.06849],[54.46693,57.08998],[54.46517,57.10646],[54.47841,57.11617],[54.49343,57.11264],[54.50962,57.1041],[54.52699,57.09969],[54.63237,57.09792],[54.65503,57.09321],[54.69801,57.07908],[54.7248,57.06613],[54.74069,57.06289],[54.76012,57.06525],[54.77042,57.07202],[54.79633,57.09586],[54.80163,57.10293],[54.80722,57.12206],[54.82105,57.12383],[54.86256,57.11146],[54.88434,57.10146],[54.897,57.09969],[54.90495,57.10146],[54.95146,57.12971],[54.96235,57.14002],[54.97147,57.15474],[54.96117,57.16857],[54.95352,57.18741],[54.95234,57.20772],[54.97736,57.25894],[54.98178,57.28014],[54.98796,57.28514],[54.99473,57.2872],[54.99944,57.29132],[55.00444,57.31487],[54.99767,57.33224],[54.9806,57.34283],[54.94734,57.34843],[54.94704,57.35284],[54.95175,57.35726],[54.95852,57.3602],[54.96853,57.3602],[54.98472,57.35431],[54.99355,57.35284],[55.00856,57.35343],[55.0174,57.35608],[55.07156,57.39464],[55.09364,57.40141],[55.10335,57.38405],[55.11954,57.36903],[55.15751,57.3602],[55.22551,57.35284],[55.31853,57.32723],[55.33913,57.329],[55.36121,57.33842],[55.45276,57.34666],[55.47984,57.35225],[55.49279,57.35667],[55.5031,57.36373],[55.50987,57.37492],[55.50751,57.38375],[55.5028,57.39111],[55.49986,57.39788],[55.48661,57.41937],[55.4557,57.43114],[55.4195,57.43585],[55.39035,57.43527],[55.48161,57.47707],[55.50663,57.49738],[55.51958,57.52092],[55.52076,57.54801],[55.50869,57.57008],[55.48278,57.57921],[55.41773,57.58186],[55.39742,57.58598],[55.34738,57.60982],[55.33237,57.61335],[55.33766,57.61865],[55.34326,57.63131],[55.34591,57.64691],[55.34267,57.66192],[55.33295,57.67252],[55.29557,57.69607],[55.31912,57.69784],[55.35032,57.6946],[55.3777,57.69754],[55.39035,57.71638],[55.38152,57.73581],[55.35827,57.74435],[55.3303,57.74847],[55.30793,57.75436],[55.27231,57.77673],[55.24317,57.80175],[55.23199,57.80734],[55.20314,57.8094],[55.19136,57.81264],[55.18342,57.81882],[55.16458,57.83943],[55.17871,57.8565],[55.19814,57.86827],[55.22139,57.87416],[55.2467,57.87416],[55.23081,57.86386],[55.22639,57.84826],[55.23022,57.83207],[55.23964,57.81882],[55.25701,57.80822],[55.3986,57.75671],[55.43628,57.73699],[55.45276,57.71314],[55.45158,57.70343],[55.44628,57.68606],[55.44511,57.679],[55.44098,57.6737],[55.42215,57.66575],[55.39977,57.62925],[55.39654,57.60894],[55.41449,57.59981],[55.5031,57.59981],[55.51899,57.59687],[55.5343,57.58922],[55.54872,57.57833],[55.56138,57.56626],[55.57551,57.52593],[55.55432,57.49355],[55.52606,57.4647],[55.52017,57.43527],[55.53548,57.41613],[55.57463,57.37845],[55.58228,57.35637],[55.57639,57.33283],[55.55402,57.31134],[55.55461,57.29132],[55.56344,57.27749]]]]}},{"type":"Feature","properties":{"name":"Kama","rank":7},"geometry":{"type":"MultiPolygon","coordinates":[[[[57.05027,58.15351],[57.04556,58.14439],[57.02702,58.1282],[57.01024,58.12172],[56.99169,58.12408],[56.92517,58.15763],[56.90103,58.1647],[56.88072,58.15881],[56.86188,58.14822],[56.83509,58.14203],[56.81155,58.14586],[56.80154,58.16529],[56.80242,58.17412],[56.80772,58.19001],[56.80889,58.19973],[56.80831,58.21062],[56.79359,58.26773],[56.78594,58.27126],[56.77092,58.26125],[56.75885,58.24212],[56.75827,58.20738],[56.74679,58.18943],[56.72647,58.18265],[56.68438,58.19443],[56.66495,58.18943],[56.67349,58.18501],[56.68232,58.17677],[56.68762,58.16647],[56.68526,58.15528],[56.67378,58.14792],[56.65671,58.14615],[56.62315,58.14792],[56.65023,58.13379],[56.6573,58.12732],[56.65995,58.12143],[56.66201,58.107],[56.66495,58.09994],[56.67996,58.08699],[56.6991,58.07874],[56.78829,58.05225],[56.79918,58.04401],[56.80154,58.03783],[56.80065,58.03194],[56.80154,58.02488],[56.80948,58.00339],[56.80948,57.99191],[56.80036,57.98278],[56.78093,57.96983],[56.76121,57.97042],[56.72971,57.97277],[56.69821,57.97042],[56.66495,57.96365],[56.66495,57.95688],[56.70057,57.95688],[56.71764,57.95482],[56.73324,57.94922],[56.71175,57.9242],[56.70587,57.91508],[56.74737,57.92891],[56.76768,57.93215],[56.78476,57.92509],[56.79388,57.90654],[56.78387,57.89506],[56.74679,57.88034],[56.7615,57.87652],[56.79329,57.87505],[56.8086,57.87092],[56.82096,57.86357],[56.83215,57.85297],[56.83421,57.84355],[56.8192,57.83943],[56.80448,57.83854],[56.79035,57.83501],[56.77916,57.82795],[56.77475,57.81588],[56.78299,57.81087],[56.80154,57.81264],[56.83274,57.81882],[56.84893,57.81676],[56.85482,57.81029],[56.85658,57.78468],[56.86247,57.76819],[56.86335,57.76113],[56.85953,57.75759],[56.84157,57.75965],[56.83627,57.75818],[56.83627,57.7417],[56.86247,57.7049],[56.87101,57.68224],[56.85805,57.69018],[56.82597,57.72639],[56.79948,57.74611],[56.79506,57.75053],[56.79653,57.76142],[56.80242,57.76436],[56.81184,57.76554],[56.82244,57.77055],[56.83686,57.78438],[56.83833,57.79086],[56.82715,57.79233],[56.80507,57.79233],[56.78682,57.78821],[56.77004,57.78114],[56.75267,57.77996],[56.73324,57.79233],[56.73648,57.80263],[56.73413,57.81146],[56.73295,57.82088],[56.7406,57.83324],[56.75179,57.83884],[56.7824,57.84325],[56.79506,57.84679],[56.77387,57.85179],[56.72088,57.85032],[56.70234,57.85709],[56.6991,57.87181],[56.71205,57.88535],[56.72971,57.89742],[56.7406,57.90831],[56.68909,57.89977],[56.67113,57.9033],[56.68202,57.92509],[56.67761,57.93303],[56.65789,57.9401],[56.63905,57.95099],[56.63699,57.96983],[56.65435,57.98425],[56.68291,57.99279],[56.77004,58.00044],[56.78358,58.0078],[56.77828,58.0184],[56.75355,58.03106],[56.6991,58.04754],[56.67496,58.05843],[56.63669,58.09287],[56.61844,58.10347],[56.46508,58.16352],[56.40473,58.17206],[56.35616,58.14792],[56.34998,58.13703],[56.34616,58.12408],[56.34409,58.0967],[56.33997,58.08493],[56.33026,58.07521],[56.30848,58.05843],[56.31377,58.07639],[56.31583,58.10171],[56.31377,58.12496],[56.30524,58.13497],[56.29641,58.14733],[56.31142,58.1753],[56.34409,58.2168],[56.33762,58.2536],[56.2234,58.28245],[56.20486,58.3266],[56.2393,58.36016],[56.36352,58.35927],[56.4115,58.38135],[56.40768,58.41255],[56.36647,58.4417],[56.24931,58.49321],[56.23076,58.49233],[56.21399,58.48291],[56.19544,58.46672],[56.18867,58.46348],[56.18308,58.46672],[56.17954,58.47319],[56.17837,58.48055],[56.18013,58.48673],[56.18484,58.48968],[56.19044,58.49174],[56.20486,58.50027],[56.21487,58.50469],[56.22282,58.51058],[56.22605,58.52147],[56.2131,58.53648],[56.18396,58.5409],[56.15158,58.53825],[56.1298,58.53207],[56.11037,58.51499],[56.09241,58.49262],[56.07269,58.47437],[56.04796,58.46995],[56.06651,58.50204],[56.0671,58.51794],[56.04826,58.52471],[56.02441,58.52382],[56.00322,58.52029],[55.98409,58.51234],[55.96584,58.49792],[55.97467,58.51617],[55.99262,58.53059],[56.00499,58.54472],[55.9885,58.58152],[56.00234,58.59624],[56.02118,58.61184],[56.02795,58.6345],[56.01499,58.65452],[55.99233,58.65393],[55.9679,58.64098],[55.93728,58.6139],[55.9314,58.61508],[55.92168,58.63156],[55.90961,58.63627],[55.89578,58.6348],[55.87046,58.62832],[55.70356,58.60507],[55.65057,58.58682],[55.64527,58.58299],[55.64233,58.57563],[55.63703,58.57298],[55.62791,58.57269],[55.62143,58.57504],[55.61554,58.57799],[55.60907,58.57975],[55.55137,58.57975],[55.52782,58.57416],[55.4822,58.54973],[55.45276,58.54649],[55.38653,58.56415],[55.36327,58.56562],[55.393,58.5718],[55.46512,58.56091],[55.48985,58.56945],[55.50957,58.58534],[55.5343,58.59477],[55.64469,58.60595],[55.95377,58.68955],[56.07534,58.74048],[56.09948,58.7443],[56.13804,58.75961],[56.14393,58.76108],[56.13804,58.77551],[56.12332,58.77757],[56.08947,58.77168],[56.0618,58.77462],[56.03531,58.7811],[55.98644,58.79964],[55.98644,58.80641],[56.03266,58.81495],[56.07917,58.80641],[56.16453,58.77168],[56.20133,58.79169],[56.21134,58.80994],[56.19809,58.82937],[56.11008,58.88825],[56.09565,58.90267],[56.09359,58.91091],[56.1033,58.91621],[56.12362,58.92239],[56.10595,58.92975],[56.00087,58.93623],[55.8631,58.97096],[55.64939,58.9636],[55.58228,58.98391],[55.8631,58.99834],[55.90991,58.98627],[56.01853,58.98038],[56.05827,58.96007],[56.09094,58.95006],[56.14334,58.95153],[56.19367,58.96154],[56.21987,58.97714],[56.1663,59.02719],[56.15129,59.05191],[56.12273,59.06928],[56.11626,59.07723],[56.11714,59.09165],[56.12097,59.10343],[56.12921,59.11137],[56.14393,59.11432],[56.16659,59.12315],[56.17748,59.14464],[56.18514,59.19674],[56.19279,59.22264],[56.20545,59.2406],[56.22311,59.25385],[56.34409,59.30124],[56.40915,59.31301],[56.43711,59.32861],[56.48745,59.36806],[56.46567,59.38307],[56.4115,59.39485],[56.39119,59.41604],[56.40797,59.40485],[56.47303,59.39544],[56.52601,59.37159],[56.54514,59.36806],[56.58577,59.36924],[56.63198,59.3763],[56.66966,59.39367],[56.68526,59.42576],[56.66407,59.44577],[56.62138,59.45755],[56.58812,59.47344],[56.59666,59.50464],[56.65435,59.53938],[56.66289,59.54733],[56.64964,59.56499],[56.61697,59.59472],[56.62933,59.59972],[56.64287,59.60149],[56.67172,59.6009],[56.67172,59.60767],[56.61638,59.63976],[56.59695,59.66066],[56.58959,59.69333],[56.58459,59.70511],[56.56104,59.721],[56.55574,59.7313],[56.5578,59.73925],[56.56222,59.74573],[56.56722,59.75044],[56.56928,59.75191],[56.5684,59.75868],[56.56369,59.77104],[56.56251,59.77575],[56.54956,59.79842],[56.51924,59.8152],[56.45949,59.8411],[56.3959,59.90351],[56.36382,59.91558],[56.36382,59.92294],[56.41474,59.91234],[56.43682,59.90351],[56.44594,59.88555],[56.45448,59.8726],[56.47479,59.85788],[56.49805,59.84611],[56.55545,59.8258],[56.62668,59.75633],[56.66495,59.73808],[56.65494,59.71335],[56.66024,59.69569],[56.66672,59.68097],[56.65524,59.64535],[56.67614,59.63093],[56.73324,59.61444],[56.70734,59.56823],[56.70499,59.55174],[56.72677,59.55998],[56.69674,59.49434],[56.69203,59.47403],[56.69998,59.45431],[56.72824,59.42723],[56.72677,59.40839],[56.71028,59.39396],[56.66142,59.3713],[56.65112,59.35746],[56.66024,59.34216],[56.71941,59.293],[56.66495,59.30683],[56.64611,59.30713],[56.48745,59.27887],[56.46949,59.27975],[56.43446,59.28681],[56.41827,59.28564],[56.40827,59.27916],[56.40149,59.26974],[56.39355,59.26179],[56.3806,59.25826],[56.32202,59.25797],[56.29611,59.25385],[56.24048,59.23736],[56.22812,59.2303],[56.21987,59.21676],[56.21958,59.20351],[56.22458,59.19321],[56.23047,59.18526],[56.23371,59.17937],[56.24695,59.17348],[56.30936,59.1676],[56.32908,59.16142],[56.34645,59.13345],[56.33144,59.12521],[56.3023,59.12403],[56.27757,59.11726],[56.26579,59.11608],[56.23901,59.1311],[56.22988,59.13139],[56.21222,59.1152],[56.20486,59.10608],[56.19927,59.09371],[56.19485,59.06074],[56.21193,59.06016],[56.23989,59.07105],[56.26756,59.0734],[56.27404,59.06869],[56.27786,59.06222],[56.28081,59.05515],[56.28434,59.04956],[56.29317,59.04131],[56.29906,59.04102],[56.30524,59.04397],[56.37736,59.0528],[56.34851,59.04102],[56.33997,59.03543],[56.32997,59.02719],[56.32702,59.02189],[56.32584,59.01571],[56.32231,59.00511],[56.32378,59.0057],[56.3179,58.98185],[56.31583,58.98068],[56.31142,58.97302],[56.30171,58.96419],[56.29199,58.95359],[56.28758,58.93946],[56.29376,58.91827],[56.30936,58.90944],[56.35292,58.90826],[56.37589,58.91445],[56.41827,58.94241],[56.43888,58.95036],[56.44771,58.94947],[56.45595,58.94506],[56.46331,58.93888],[56.46949,58.9324],[56.48245,58.92681],[56.49864,58.92857],[56.52748,58.93623],[56.6152,58.92033],[56.65877,58.92975],[56.6676,58.92828],[56.67202,58.92298],[56.67172,58.91562],[56.66525,58.91327],[56.652,58.90355],[56.64258,58.89325],[56.64758,58.88825],[56.65583,58.88471],[56.65965,58.87647],[56.66201,58.86764],[56.66495,58.86116],[56.6729,58.85469],[56.68202,58.84939],[56.70587,58.83997],[56.67908,58.83291],[56.65376,58.84615],[56.63139,58.8647],[56.61314,58.87412],[56.60225,58.87794],[56.58194,58.89649],[56.56928,58.90208],[56.55221,58.90179],[56.50835,58.88825],[56.41562,58.87971],[56.38737,58.86411],[56.38001,58.85587],[56.36382,58.82643],[56.34733,58.80788],[56.33997,58.79758],[56.33585,58.78522],[56.3909,58.77521],[56.41121,58.76373],[56.41827,58.73753],[56.35116,58.76815],[56.32908,58.77168],[56.31171,58.76432],[56.28816,58.73164],[56.26756,58.7237],[56.26079,58.71339],[56.26815,58.70456],[56.28522,58.69868],[56.30848,58.69662],[56.30848,58.68984],[56.29229,58.68455],[56.23989,58.67542],[56.22134,58.66924],[56.20692,58.66188],[56.17837,58.64128],[56.12362,58.61302],[56.11155,58.59859],[56.1298,58.57975],[56.16483,58.56503],[56.23901,58.54561],[56.27374,58.53207],[56.32584,58.50086],[56.35057,58.4935],[56.38354,58.49792],[56.37912,58.46377],[56.40856,58.4417],[56.44418,58.42021],[56.45949,58.38812],[56.45183,58.37075],[56.43711,58.35869],[56.40414,58.33955],[56.39885,58.33308],[56.39737,58.32778],[56.39443,58.32336],[56.38354,58.31924],[56.37294,58.31983],[56.33585,58.33278],[56.3126,58.33543],[56.28345,58.33543],[56.26197,58.32925],[56.26079,58.31306],[56.2705,58.30393],[56.28287,58.30128],[56.29582,58.30099],[56.30848,58.29863],[56.31937,58.29393],[56.32496,58.29245],[56.33261,58.29186],[56.33615,58.2901],[56.33585,58.28598],[56.33467,58.28156],[56.33585,58.27832],[56.37059,58.26302],[56.38001,58.25212],[56.38354,58.23034],[56.38118,58.21003],[56.37324,58.19561],[56.34969,58.16853],[56.36323,58.17029],[56.40414,58.18207],[56.44271,58.18236],[56.4798,58.17589],[56.53572,58.14674],[56.56516,58.13556],[56.58959,58.14115],[56.57223,58.14792],[56.55368,58.15763],[56.54456,58.16941],[56.55574,58.18207],[56.57929,58.1853],[56.63257,58.17088],[56.6573,58.16853],[56.64346,58.18589],[56.62757,58.19943],[56.61844,58.21298],[56.62315,58.23034],[56.64611,58.248],[56.6726,58.24771],[56.69674,58.23387],[56.71264,58.21003],[56.72294,58.21621],[56.72706,58.22475],[56.72677,58.24771],[56.72942,58.25772],[56.73589,58.26508],[56.75355,58.27832],[56.81861,58.3057],[56.84363,58.33013],[56.86983,58.32248],[56.88572,58.30688],[56.84952,58.29128],[56.84069,58.27332],[56.83715,58.25065],[56.83598,58.21062],[56.8398,58.19531],[56.8504,58.18383],[56.87101,58.17589],[56.88543,58.17382],[56.93223,58.17589],[56.94371,58.17265],[56.96579,58.15852],[56.97698,58.15528],[56.99111,58.1541],[56.99817,58.15293],[57.00406,58.1544],[57.01495,58.16205],[57.0229,58.17],[57.03879,58.19296],[57.06028,58.20385],[57.08089,58.19884],[57.09855,58.18472],[57.11062,58.16853],[57.08707,58.17942],[57.07382,58.18324],[57.06264,58.18207],[57.05322,58.17353],[57.05116,58.16352],[57.05027,58.15351]]]]}},{"type":"Feature","properties":{"name":"Assad","rank":7},"geometry":{"type":"MultiPolygon","coordinates":[[[[38.55773,35.88928],[38.56686,35.88899],[38.57363,35.89017],[38.56479,35.87339],[38.56126,35.86456],[38.55979,35.85278],[38.55361,35.85101],[38.51917,35.836],[38.51917,35.84277],[38.5121,35.84277],[38.50416,35.83335],[38.45824,35.80127],[38.44999,35.80127],[38.44175,35.81216],[38.43174,35.81098],[38.42056,35.80657],[38.40908,35.80863],[38.40967,35.8151],[38.40231,35.83335],[38.39377,35.84719],[38.38935,35.83953],[38.38494,35.83571],[38.36581,35.82511],[38.36139,35.81864],[38.36816,35.78773],[38.36816,35.77389],[38.36139,35.77389],[38.35756,35.78949],[38.3505,35.7945],[38.32724,35.7945],[38.32636,35.79155],[38.319,35.78684],[38.31017,35.78537],[38.30605,35.79067],[38.30929,35.79891],[38.31665,35.80362],[38.32401,35.80716],[38.32724,35.81186],[38.32989,35.82335],[38.3346,35.82953],[38.33549,35.8363],[38.32724,35.84954],[38.31812,35.85926],[38.30752,35.86573],[38.29427,35.86897],[38.27573,35.87015],[38.25365,35.87751],[38.22363,35.91548],[38.2039,35.93167],[38.19243,35.93579],[38.15975,35.94374],[38.14592,35.94521],[38.13444,35.94874],[38.11736,35.96611],[38.10824,35.97318],[38.11295,35.98201],[38.11,35.98966],[38.10235,35.99231],[38.0944,35.98613],[38.08763,35.98613],[38.07409,35.99378],[38.07409,35.99996],[38.08734,36.00791],[38.07998,36.01498],[38.0529,36.02705],[38.04407,36.03676],[38.02493,36.06207],[38.01875,36.07561],[38.01492,36.11329],[38.02493,36.14597],[38.0423,36.17246],[38.07968,36.21043],[38.0841,36.21338],[38.09116,36.21632],[38.09264,36.22339],[38.09205,36.23222],[38.0944,36.24016],[38.10382,36.24958],[38.11501,36.25665],[38.14238,36.26754],[38.14415,36.26519],[38.15151,36.26224],[38.15916,36.26283],[38.16269,36.27078],[38.16446,36.27637],[38.17329,36.29286],[38.17653,36.30139],[38.17535,36.33083],[38.17859,36.3426],[38.18948,36.33642],[38.19684,36.33642],[38.22245,36.28079],[38.22569,36.25223],[38.20037,36.24016],[38.17476,36.23369],[38.14415,36.2175],[38.12531,36.19542],[38.13561,36.17187],[38.09999,36.14273],[38.0944,36.1339],[38.09676,36.12065],[38.11059,36.08445],[38.11825,36.07179],[38.1259,36.0662],[38.14297,36.05913],[38.14915,36.05501],[38.15416,36.04824],[38.15798,36.03558],[38.16269,36.02705],[38.16946,36.01821],[38.17476,36.0138],[38.18948,36.00673],[38.19419,36.00585],[38.20508,36.00732],[38.20979,36.00673],[38.21274,36.00409],[38.21597,35.99938],[38.21774,35.99525],[38.21715,35.99378],[38.22863,35.99202],[38.25483,35.99378],[38.25483,35.98878],[38.26101,35.97906],[38.26837,35.97023],[38.28221,35.9667],[38.35109,35.94021],[38.3608,35.9299],[38.37169,35.92048],[38.38935,35.91842],[38.40466,35.92784],[38.41143,35.95787],[38.4235,35.96582],[38.42468,35.95846],[38.42968,35.94521],[38.43704,35.94521],[38.43704,35.95257],[38.44322,35.95257],[38.45205,35.93167],[38.46383,35.91165],[38.46854,35.90783],[38.47325,35.90753],[38.47678,35.90488],[38.47796,35.8937],[38.48149,35.88781],[38.48885,35.89193],[38.49591,35.89959],[38.49797,35.90429],[38.50357,35.90106],[38.51446,35.89193],[38.51564,35.89017],[38.5333,35.89605],[38.5333,35.89753],[38.54036,35.90371],[38.54448,35.90371],[38.54625,35.8937],[38.54978,35.89046],[38.55773,35.88928]]]]}},{"type":"Feature","properties":{"name":"Keban Dam","rank":7},"geometry":{"type":"MultiPolygon","coordinates":[[[[39.85117,38.69045],[39.86059,38.69075],[39.86206,38.67249],[39.84734,38.641],[39.81908,38.61892],[39.78493,38.61009],[39.75226,38.61804],[39.74667,38.62275],[39.73842,38.63364],[39.73166,38.63835],[39.72165,38.64012],[39.71075,38.63982],[39.70192,38.64129],[39.69839,38.64895],[39.6878,38.65513],[39.62186,38.64512],[39.5989,38.65218],[39.58712,38.65277],[39.58624,38.65012],[39.54385,38.62658],[39.4158,38.59331],[39.37135,38.59302],[39.35428,38.61186],[39.36547,38.62392],[39.40727,38.63894],[39.42552,38.65895],[39.46673,38.68221],[39.47791,38.69987],[39.47821,38.71047],[39.47703,38.72107],[39.47173,38.74079],[39.47173,38.7452],[39.4735,38.74962],[39.47438,38.75492],[39.47173,38.76257],[39.46732,38.76375],[39.45348,38.76198],[39.45083,38.76522],[39.44259,38.78023],[39.42346,38.77552],[39.40108,38.76493],[39.38254,38.76257],[39.37871,38.76787],[39.37282,38.78847],[39.36812,38.79613],[39.35605,38.80437],[39.34633,38.80614],[39.32426,38.80349],[39.3063,38.80731],[39.28775,38.81673],[39.25891,38.83705],[39.25596,38.84087],[39.2542,38.84647],[39.25125,38.85235],[39.24507,38.85824],[39.24007,38.85471],[39.23506,38.85235],[39.22888,38.85088],[39.21858,38.85059],[39.21858,38.8444],[39.22417,38.83351],[39.22034,38.82851],[39.21034,38.82762],[39.19738,38.83028],[39.17354,38.85176],[39.16324,38.85824],[39.13527,38.8656],[39.11702,38.86089],[39.10466,38.84588],[39.09495,38.82262],[39.08052,38.83587],[39.07876,38.85412],[39.08435,38.87796],[39.06404,38.87973],[39.05344,38.87796],[39.04667,38.87472],[39.04255,38.87001],[39.03813,38.86619],[39.0296,38.86442],[39.00928,38.86972],[38.99692,38.87855],[38.98515,38.8812],[38.96778,38.86766],[38.96013,38.8653],[38.95071,38.86942],[38.9407,38.87502],[38.9304,38.87796],[38.92745,38.8759],[38.92274,38.87119],[38.91568,38.86648],[38.90596,38.86442],[38.89537,38.86413],[38.88918,38.86324],[38.88448,38.86059],[38.86829,38.84264],[38.85474,38.8444],[38.84827,38.84705],[38.84562,38.85176],[38.8415,38.85618],[38.83061,38.85824],[38.81,38.85853],[38.80088,38.85647],[38.79263,38.85059],[38.78881,38.83646],[38.78733,38.81821],[38.77998,38.80761],[38.75908,38.81644],[38.74966,38.83028],[38.75319,38.84293],[38.76437,38.85265],[38.77909,38.85824],[38.7732,38.87148],[38.76114,38.88002],[38.7473,38.88679],[38.73523,38.89533],[38.72522,38.89886],[38.71404,38.89474],[38.69991,38.8918],[38.68342,38.89916],[38.66665,38.89916],[38.64928,38.92771],[38.63898,38.96392],[38.64192,38.98776],[38.65104,38.98717],[38.65693,38.97245],[38.66164,38.95508],[38.66635,38.94684],[38.67135,38.94272],[38.67813,38.92388],[38.68077,38.91976],[38.71463,38.91976],[38.7264,38.92477],[38.73965,38.93683],[38.75908,38.96038],[38.76555,38.97098],[38.77026,38.98452],[38.7685,38.9963],[38.75525,39.00159],[38.74318,39.00395],[38.71198,39.0169],[38.70403,39.02191],[38.69991,39.03339],[38.70992,39.03397],[38.72728,39.03044],[38.74553,39.02956],[38.74553,39.03633],[38.74083,39.04398],[38.73582,39.06577],[38.73199,39.07725],[38.73965,39.07842],[38.74524,39.07872],[38.74907,39.07813],[38.75113,39.07725],[38.75966,39.07077],[38.76408,39.059],[38.76644,39.04751],[38.76879,39.04251],[38.77056,39.03751],[38.80058,39.0169],[38.80647,39.01514],[38.8103,39.00248],[38.80912,38.99188],[38.80912,38.98187],[38.81707,38.97069],[38.84739,38.94007],[38.82972,38.928],[38.81765,38.92359],[38.78645,38.92653],[38.78645,38.91976],[38.81854,38.91387],[38.82678,38.91329],[38.87535,38.91976],[38.87535,38.92653],[38.86887,38.92947],[38.86063,38.93683],[38.85474,38.94007],[38.86799,38.96392],[38.87564,38.97098],[38.87535,38.97922],[38.87447,38.98835],[38.87535,38.99541],[38.87976,38.99747],[38.88683,38.99806],[38.89301,38.99983],[38.89566,39.00513],[38.89743,39.01219],[38.9095,39.02956],[38.91627,39.02956],[38.90302,38.98217],[38.89566,38.96745],[38.90655,38.95155],[38.91097,38.9386],[38.92098,38.92977],[38.94717,38.92653],[38.95718,38.92977],[38.95571,38.93801],[38.9513,38.94802],[38.95394,38.95744],[38.96278,38.96038],[38.96837,38.95302],[38.97278,38.94154],[38.97838,38.93271],[38.98662,38.92653],[38.99162,38.92506],[39.00516,38.92653],[39.00634,38.93065],[39.014,38.93772],[39.02224,38.93801],[39.02901,38.91211],[39.03637,38.90269],[39.04637,38.89798],[39.06875,38.90769],[39.08023,38.90357],[39.09495,38.8918],[39.1806,38.88532],[39.1912,38.88326],[39.20975,38.87355],[39.22152,38.87119],[39.23477,38.87384],[39.23918,38.87973],[39.24036,38.8865],[39.24507,38.8918],[39.26185,38.8915],[39.2698,38.87943],[39.27686,38.86501],[39.2904,38.85824],[39.296,38.85382],[39.30336,38.84411],[39.31248,38.8344],[39.32426,38.83028],[39.34604,38.82792],[39.36812,38.82262],[39.38048,38.81526],[39.39019,38.80584],[39.39755,38.79436],[39.40285,38.7817],[39.40962,38.7817],[39.42169,38.79142],[39.43611,38.78818],[39.44995,38.78023],[39.46084,38.77552],[39.4785,38.77582],[39.49175,38.77788],[39.50234,38.782],[39.51147,38.79171],[39.52413,38.81085],[39.52648,38.8132],[39.53031,38.81644],[39.54974,38.81732],[39.5571,38.81968],[39.57505,38.83646],[39.58065,38.8447],[39.58712,38.85824],[39.5936,38.8762],[39.59566,38.89003],[39.59478,38.91652],[39.58859,38.92918],[39.57859,38.94419],[39.57652,38.95479],[39.59478,38.9542],[39.61568,38.93683],[39.61832,38.9071],[39.61097,38.87531],[39.60213,38.85059],[39.63069,38.84676],[39.65483,38.84794],[39.70457,38.85824],[39.72842,38.85971],[39.77581,38.85647],[39.80054,38.85824],[39.76315,38.8447],[39.61803,38.83616],[39.60125,38.83263],[39.59478,38.83028],[39.58359,38.82321],[39.57682,38.81644],[39.56976,38.81144],[39.53737,38.80879],[39.53001,38.80584],[39.52295,38.79966],[39.49234,38.76257],[39.48792,38.75021],[39.48674,38.74138],[39.48822,38.73284],[39.49734,38.70782],[39.50146,38.70164],[39.51589,38.68986],[39.53149,38.68133],[39.5568,38.67397],[39.60213,38.66631],[39.68073,38.67249],[39.70134,38.66808],[39.73077,38.64865],[39.75226,38.64512],[39.82379,38.66337],[39.83557,38.66955],[39.84057,38.68044],[39.85117,38.69045]]]]}},{"type":"Feature","properties":{"name":"Volgograd","rank":7},"geometry":{"type":"MultiPolygon","coordinates":[[[[46.34337,50.18302],[46.33778,50.17889],[46.31923,50.1786],[46.31246,50.18949],[46.30952,50.20509],[46.30363,50.21981],[46.29774,50.22423],[46.25771,50.2466],[46.25359,50.25042],[46.25035,50.24925],[46.24181,50.24042],[46.23799,50.23188],[46.23769,50.21186],[46.23563,50.20568],[46.22768,50.20362],[46.19383,50.20568],[46.19648,50.21275],[46.19795,50.21599],[46.20119,50.21981],[46.19442,50.23217],[46.19942,50.24071],[46.20914,50.24895],[46.21473,50.26073],[46.18559,50.24925],[46.17234,50.24778],[46.16645,50.25749],[46.17411,50.27633],[46.17028,50.28428],[46.14909,50.28751],[46.1379,50.28192],[46.12583,50.27044],[46.11347,50.26161],[46.08492,50.26897],[46.04812,50.25837],[46.00661,50.27604],[45.9707,50.27545],[45.90653,50.26073],[45.84648,50.23836],[45.82323,50.22099],[45.83765,50.20568],[45.81027,50.19332],[45.78408,50.18567],[45.75847,50.18478],[45.73521,50.19244],[45.70401,50.20774],[45.69076,50.21039],[45.67781,50.20862],[45.65603,50.23276],[45.66339,50.24365],[45.69371,50.3093],[45.70872,50.32549],[45.72874,50.34079],[45.75052,50.35198],[45.78231,50.35905],[45.81027,50.377],[45.84383,50.38701],[45.85178,50.39113],[45.85767,50.42263],[45.82941,50.46119],[45.75552,50.52772],[45.73139,50.55509],[45.72785,50.55745],[45.69694,50.57246],[45.66898,50.59307],[45.65956,50.60337],[45.64514,50.62898],[45.63837,50.63751],[45.64867,50.66695],[45.64396,50.72671],[45.65956,50.75408],[45.67075,50.76262],[45.71402,50.78087],[45.76082,50.79205],[45.78702,50.8053],[45.80792,50.80795],[45.85737,50.80883],[45.87709,50.81296],[45.9239,50.82944],[45.94745,50.84357],[45.96511,50.84828],[45.98483,50.84975],[45.99837,50.85299],[46.01545,50.86123],[46.03164,50.87242],[46.04312,50.88449],[46.01545,50.9254],[46.0022,50.93924],[45.97865,50.95837],[45.976,50.96926],[45.9813,50.98692],[45.98748,50.99487],[45.99425,50.99958],[45.99985,51.00576],[46.0022,51.01813],[45.99955,51.02902],[45.99337,51.03697],[45.98454,51.04285],[45.95863,51.05669],[45.85561,51.09201],[45.81999,51.11144],[45.79467,51.14088],[45.7829,51.18621],[45.7773,51.27658],[45.78584,51.31573],[45.81027,51.35017],[45.92567,51.40816],[45.94745,51.43259],[45.95569,51.47792],[45.96717,51.49441],[46.0128,51.5053],[46.13496,51.56535],[46.15615,51.56918],[46.16969,51.5786],[46.1747,51.60038],[46.17676,51.62569],[46.18088,51.64483],[46.18794,51.65601],[46.19265,51.65749],[46.20001,51.65425],[46.21414,51.6516],[46.22327,51.65601],[46.24476,51.67632],[46.24917,51.68221],[46.2424,51.72902],[46.24181,51.75345],[46.24917,51.76846],[46.25771,51.76934],[46.27655,51.75786],[46.28655,51.75463],[46.29038,51.75904],[46.321,51.78524],[46.34513,51.79525],[46.3731,51.79525],[46.42697,51.78818],[46.47436,51.7976],[46.51469,51.82292],[46.54383,51.8603],[46.55767,51.90563],[46.57474,51.89327],[46.5715,51.87267],[46.5506,51.82998],[46.59122,51.81615],[46.59122,51.80997],[46.54501,51.80997],[46.51999,51.80673],[46.5091,51.79908],[46.51881,51.78406],[46.54177,51.77994],[46.56914,51.78141],[46.67188,51.77405],[46.69072,51.76493],[46.70691,51.75168],[46.72045,51.74727],[46.75724,51.74668],[46.77667,51.74108],[46.75194,51.72813],[46.73075,51.7196],[46.7075,51.71518],[46.64686,51.714],[46.59093,51.71901],[46.53765,51.73549],[46.52528,51.74108],[46.51292,51.75109],[46.49732,51.7664],[46.48702,51.77288],[46.47877,51.7717],[46.46082,51.75816],[46.43815,51.7455],[46.39312,51.72696],[46.34131,51.72225],[46.31511,51.71636],[46.30363,51.70341],[46.29745,51.68015],[46.28243,51.66573],[46.26624,51.65395],[46.25535,51.63747],[46.27772,51.63894],[46.31452,51.66013],[46.33454,51.66543],[46.34543,51.65925],[46.33483,51.64571],[46.31629,51.63158],[46.25506,51.59979],[46.22209,51.59155],[46.20914,51.57948],[46.18706,51.54945],[46.15939,51.52914],[45.99985,51.48028],[45.98483,51.47056],[45.97365,51.45379],[45.98101,51.44584],[45.99837,51.44584],[46.01574,51.4532],[46.0231,51.44672],[46.02928,51.43966],[46.00897,51.42317],[45.99985,51.41228],[45.99572,51.40168],[45.99661,51.37048],[45.99455,51.35576],[45.98836,51.34311],[45.94303,51.32073],[45.93715,51.31661],[45.92949,51.3122],[45.8924,51.28188],[45.87445,51.25921],[45.86355,51.23419],[45.85825,51.20534],[45.85796,51.17208],[45.86473,51.14117],[45.88033,51.12174],[45.90359,51.10879],[46.00308,51.06994],[46.01927,51.05904],[46.03311,51.04433],[46.04076,51.03343],[46.04164,51.02107],[46.0281,50.97456],[46.03075,50.96102],[46.06019,50.93541],[46.06961,50.91775],[46.07196,50.8939],[46.0699,50.86947],[46.06402,50.84975],[46.03929,50.81884],[46.02251,50.7847],[46.00897,50.7741],[45.97924,50.77439],[45.92743,50.78087],[45.9133,50.77704],[45.88858,50.7638],[45.87915,50.76115],[45.83176,50.76203],[45.80115,50.74849],[45.74934,50.74025],[45.73521,50.727],[45.75435,50.72406],[45.75228,50.71081],[45.72756,50.67843],[45.71932,50.66342],[45.7152,50.64752],[45.71843,50.63074],[45.73139,50.61367],[45.84089,50.52389],[45.88769,50.46649],[45.92154,50.40084],[45.91948,50.33932],[45.85796,50.29487],[46.02222,50.309],[46.04282,50.32107],[46.03546,50.34286],[46.05254,50.34227],[46.06195,50.33373],[46.06843,50.32313],[46.07726,50.31548],[46.09257,50.31283],[46.10699,50.31548],[46.12083,50.3199],[46.13555,50.32225],[46.2268,50.30959],[46.25535,50.31548],[46.25447,50.29281],[46.26095,50.28516],[46.27243,50.28192],[46.28655,50.27103],[46.29627,50.27221],[46.32276,50.30165],[46.33454,50.3093],[46.3572,50.31136],[46.36574,50.31784],[46.36633,50.32961],[46.36515,50.34639],[46.36839,50.35551],[46.37663,50.35522],[46.38605,50.3511],[46.39312,50.35021],[46.39782,50.35463],[46.40342,50.3614],[46.40989,50.36788],[46.41696,50.37053],[46.43433,50.37465],[46.44375,50.37406],[46.44787,50.36729],[46.44728,50.36111],[46.4461,50.35875],[46.44375,50.3564],[46.4358,50.33932],[46.43138,50.33373],[46.42844,50.32873],[46.42697,50.31872],[46.4305,50.31371],[46.43697,50.31047],[46.44021,50.30518],[46.43462,50.29487],[46.42079,50.28751],[46.38105,50.28075],[46.36515,50.27456],[46.36397,50.27103],[46.35397,50.25337],[46.35161,50.25013],[46.34837,50.24895],[46.331,50.23276],[46.38693,50.22011],[46.40666,50.21981],[46.39429,50.21481],[46.37015,50.21039],[46.35897,50.20568],[46.35131,50.19803],[46.34337,50.18302]]]]}},{"type":"Feature","properties":{"name":"Gorky","rank":7},"geometry":{"type":"MultiPolygon","coordinates":[[[[42.65175,57.41554],[42.59317,57.42084],[42.5758,57.41554],[42.58787,57.42732],[42.60877,57.43468],[42.69943,57.4491],[42.74565,57.44704],[42.76037,57.4491],[42.77626,57.45587],[42.77773,57.46117],[42.7742,57.46735],[42.77185,57.47442],[42.76979,57.47795],[42.76832,57.48295],[42.76773,57.48648],[42.77067,57.49149],[42.77685,57.49031],[42.78186,57.48648],[42.78127,57.48295],[42.81688,57.49561],[42.82395,57.50473],[42.82925,57.52416],[42.83425,57.51415],[42.84338,57.50562],[42.85574,57.49973],[42.87017,57.49738],[42.85927,57.48354],[42.84338,57.47883],[42.82866,57.47206],[42.82218,57.45263],[42.82101,57.44262],[42.81895,57.43497],[42.81836,57.42673],[42.82218,57.41554],[42.82748,57.41289],[42.85044,57.39788],[42.85339,57.39435],[42.97319,57.38758],[43.00116,57.39082],[43.04296,57.40494],[43.14216,57.41937],[43.15805,57.42849],[43.16011,57.43703],[43.15805,57.45764],[43.16159,57.46617],[43.16836,57.47294],[43.17277,57.47942],[43.1763,57.48707],[43.17895,57.49738],[43.18042,57.5171],[43.17542,57.53329],[43.16924,57.54889],[43.16541,57.56626],[43.16747,57.58892],[43.17571,57.60511],[43.20692,57.63396],[43.19249,57.59569],[43.18749,57.57656],[43.18602,57.55537],[43.18926,57.55007],[43.19662,57.54565],[43.20397,57.53918],[43.20692,57.5277],[43.20839,57.49384],[43.20692,57.48295],[43.19249,57.44527],[43.19308,57.42467],[43.2131,57.41554],[43.23959,57.4176],[43.26344,57.42437],[43.28257,57.43703],[43.29523,57.45646],[43.30318,57.49973],[43.3123,57.5171],[43.33291,57.52416],[43.35086,57.52799],[43.41857,57.5589],[43.43593,57.57303],[43.46125,57.60806],[43.47685,57.62395],[43.48627,57.62837],[43.53896,57.63632],[43.57635,57.65516],[43.5837,57.65516],[43.60666,57.68135],[43.63581,57.70637],[43.66966,57.72433],[43.70675,57.72963],[43.65553,57.68842],[43.64905,57.68577],[43.64464,57.67959],[43.64169,57.67282],[43.63846,57.66811],[43.63051,57.6631],[43.61461,57.65663],[43.59371,57.64279],[43.57958,57.6372],[43.57252,57.63013],[43.58017,57.61718],[43.58841,57.61394],[43.60019,57.61188],[43.6099,57.60806],[43.61108,57.59981],[43.60343,57.59628],[43.5893,57.59687],[43.57458,57.59981],[43.55603,57.60806],[43.54161,57.60894],[43.51423,57.60717],[43.50629,57.60393],[43.50835,57.59599],[43.51364,57.58657],[43.51482,57.57921],[43.50658,57.56802],[43.49569,57.55831],[43.48244,57.55036],[43.39973,57.52357],[43.36911,57.5065],[43.35057,57.48295],[43.3594,57.48148],[43.36352,57.47883],[43.37088,57.46941],[43.36146,57.46411],[43.34998,57.45558],[43.34027,57.44645],[43.33614,57.4388],[43.34085,57.42614],[43.36352,57.41436],[43.37088,57.40112],[43.32349,57.4023],[43.3123,57.39788],[43.28463,57.38081],[43.26726,57.3758],[43.26255,57.36344],[43.26138,57.34754],[43.25431,57.33224],[43.22046,57.31016],[43.20574,57.29603],[43.19985,57.27425],[43.19897,57.26777],[43.1972,57.26277],[43.19397,57.25865],[43.18955,57.25364],[43.1872,57.24923],[43.19308,57.24216],[43.19279,57.23657],[43.18837,57.22921],[43.17218,57.20949],[43.15393,57.18005],[43.14275,57.14973],[43.14128,57.11853],[43.15452,57.07673],[43.1554,57.0676],[43.15894,57.06113],[43.16895,57.05848],[43.1766,57.06201],[43.17954,57.07055],[43.17895,57.08968],[43.1872,57.10499],[43.20633,57.12029],[43.2287,57.13119],[43.24695,57.13354],[43.23223,57.12324],[43.21663,57.10587],[43.20456,57.08644],[43.1972,57.05642],[43.19455,57.05083],[43.19779,57.04847],[43.2131,57.04494],[43.22164,57.0467],[43.22811,57.0523],[43.23547,57.05612],[43.24695,57.05171],[43.23194,57.04582],[43.2234,57.03876],[43.22252,57.03051],[43.23547,57.01197],[43.23989,57.00167],[43.24607,56.99313],[43.27168,56.98636],[43.29905,56.97164],[43.31554,56.96929],[43.32731,56.97194],[43.36352,56.9896],[43.36146,56.97164],[43.36381,56.96075],[43.37294,56.95398],[43.39001,56.94868],[43.39001,56.94191],[43.37441,56.93632],[43.36087,56.93455],[43.33291,56.93514],[43.3176,56.93073],[43.30612,56.9213],[43.30082,56.91218],[43.30553,56.90776],[43.32084,56.90364],[43.32849,56.89364],[43.33379,56.88215],[43.34291,56.87303],[43.35204,56.87097],[43.37294,56.87156],[43.38442,56.86685],[43.37588,56.85978],[43.36911,56.85125],[43.36499,56.84094],[43.36352,56.82887],[43.36617,56.81622],[43.37353,56.81062],[43.39825,56.80533],[43.36823,56.77972],[43.37588,56.73909],[43.40326,56.69906],[43.4324,56.67492],[43.41945,56.66815],[43.4062,56.66874],[43.39266,56.67257],[43.37765,56.67492],[43.36617,56.67286],[43.34291,56.66344],[43.32937,56.66138],[43.19985,56.67492],[43.16836,56.67463],[43.15393,56.67168],[43.14128,56.66432],[43.13686,56.65726],[43.13303,56.64696],[43.12832,56.63783],[43.07828,56.61046],[43.05414,56.60251],[43.05885,56.61664],[43.06768,56.62429],[43.08829,56.63871],[43.09712,56.64696],[43.1086,56.66285],[43.11449,56.66904],[43.12391,56.67492],[43.24695,56.69199],[43.23547,56.70701],[43.20957,56.71819],[43.15805,56.72967],[43.13156,56.72761],[43.10477,56.72202],[43.08211,56.72173],[43.06916,56.73644],[43.1189,56.73821],[43.2131,56.72997],[43.2393,56.73115],[43.24695,56.7438],[43.23989,56.74999],[43.21899,56.74999],[43.2131,56.75705],[43.21663,56.76205],[43.22546,56.76647],[43.26314,56.77648],[43.25873,56.78855],[43.23312,56.8121],[43.22546,56.82681],[43.21899,56.84742],[43.21487,56.87009],[43.2131,56.89069],[43.20338,56.90776],[43.18042,56.90423],[43.15511,56.89275],[43.13745,56.88716],[43.13244,56.89128],[43.12773,56.90482],[43.12096,56.90776],[43.06857,56.90659],[43.05944,56.90924],[43.05562,56.91836],[43.04619,56.93426],[43.03001,56.94662],[43.025,56.95398],[43.04884,56.95545],[43.06209,56.95427],[43.07651,56.95104],[43.09005,56.94603],[43.10036,56.93838],[43.11243,56.93279],[43.1295,56.9322],[43.15864,56.93514],[43.18366,56.94221],[43.1919,56.95928],[43.1869,56.97988],[43.17218,56.99725],[43.14775,57.00667],[43.08682,57.01668],[43.06592,57.02757],[43.06327,57.03522],[43.06474,57.05612],[43.06238,57.06525],[43.05414,57.07467],[43.04325,57.08173],[43.02147,57.09262],[43.03442,57.10734],[43.03884,57.11882],[43.03589,57.12913],[43.02765,57.1412],[43.02353,57.14532],[43.00793,57.15474],[43.00292,57.16003],[42.9935,57.17475],[42.97584,57.18329],[42.95965,57.18594],[42.94346,57.18476],[42.92521,57.18152],[42.91461,57.17711],[42.90637,57.1724],[42.90255,57.17416],[42.9049,57.18829],[42.9102,57.19654],[42.92815,57.21449],[42.93228,57.22656],[42.93699,57.23186],[42.96112,57.24187],[42.98909,57.25865],[43.06238,57.27778],[43.0877,57.2872],[43.10212,57.29839],[43.1086,57.31546],[43.11007,57.34313],[43.09741,57.36285],[43.0671,57.37139],[42.96995,57.37463],[42.95789,57.36962],[42.95318,57.35637],[42.94817,57.34754],[42.9364,57.34696],[42.92345,57.35108],[42.9152,57.35637],[42.90578,57.36491],[42.89519,57.37109],[42.88312,57.37433],[42.87017,57.37404],[42.85957,57.36874],[42.85397,57.35284],[42.84338,57.34666],[42.83043,57.34754],[42.81865,57.35373],[42.80629,57.35696],[42.79157,57.3496],[42.7639,57.31546],[42.72387,57.28308],[42.69973,57.26983],[42.67824,57.26453],[42.70915,57.30192],[42.71415,57.30516],[42.7271,57.30869],[42.73329,57.31193],[42.73917,57.31693],[42.74153,57.32164],[42.74329,57.32664],[42.74712,57.33224],[42.80541,57.37315],[42.81541,57.38405],[42.80335,57.40789],[42.77479,57.42113],[42.74065,57.42732],[42.71239,57.42849],[42.69796,57.42673],[42.66764,57.4179],[42.65175,57.41554]]]]}},{"type":"Feature","properties":{"name":"Kayrakkum","rank":7},"geometry":{"type":"MultiPolygon","coordinates":[[[[70.37319,40.41219],[70.38173,40.40424],[70.38468,40.39982],[70.37084,40.36509],[70.36171,40.35685],[70.35023,40.34949],[70.34023,40.34095],[70.3361,40.32771],[70.32551,40.31505],[70.30137,40.30416],[70.18333,40.26559],[70.16125,40.26206],[70.15183,40.26442],[70.12976,40.27413],[70.12004,40.27649],[70.10827,40.27443],[70.08119,40.2653],[69.91193,40.23204],[69.86983,40.23557],[69.85011,40.24175],[69.83098,40.25117],[69.82215,40.2653],[69.83245,40.2862],[69.85099,40.2968],[69.92517,40.30357],[70.13682,40.36509],[70.18274,40.38893],[70.19569,40.39247],[70.19864,40.39453],[70.20364,40.40336],[70.2057,40.4063],[70.21718,40.40924],[70.22425,40.40924],[70.26634,40.401],[70.27929,40.40189],[70.29166,40.40983],[70.30284,40.41484],[70.31756,40.41425],[70.33228,40.41072],[70.34288,40.4063],[70.28842,40.37215],[70.30814,40.37745],[70.32933,40.37951],[70.34199,40.38275],[70.3467,40.39129],[70.34964,40.41366],[70.34935,40.41572],[70.352,40.42661],[70.35494,40.43544],[70.35671,40.43073],[70.35818,40.42808],[70.37172,40.41336],[70.37084,40.41366],[70.37319,40.41219]]]]}},{"type":"Feature","properties":{"name":"Embalse de Entrepeñas","rank":7},"geometry":{"type":"MultiPolygon","coordinates":[[[[-2.60203,40.71892],[-2.58687,40.72568],[-2.57686,40.72421],[-2.59953,40.70331],[-2.60968,40.69654],[-2.62469,40.68977],[-2.63102,40.68536],[-2.65192,40.66681],[-2.65766,40.66034],[-2.65766,40.65298],[-2.65663,40.64591],[-2.65884,40.63944],[-2.67768,40.6206],[-2.69343,40.60088],[-2.69534,40.58174],[-2.67297,40.56379],[-2.69063,40.54818],[-2.70918,40.50992],[-2.72389,40.50226],[-2.73758,40.51198],[-2.73243,40.53288],[-2.71403,40.56379],[-2.72713,40.5838],[-2.71506,40.61147],[-2.69269,40.6362],[-2.67621,40.6468],[-2.67518,40.65121],[-2.66193,40.66799],[-2.65884,40.67034],[-2.65487,40.67682],[-2.62837,40.69978],[-2.60203,40.71892]]]]}},{"type":"Feature","properties":{"name":"Kossou","rank":7},"geometry":{"type":"MultiPolygon","coordinates":[[[[-5.34491,7.43075],[-5.31842,7.43781],[-5.30223,7.43605],[-5.31091,7.41044],[-5.31695,7.40455],[-5.34109,7.38748],[-5.34874,7.38365],[-5.36154,7.37923],[-5.36699,7.36923],[-5.37096,7.35775],[-5.37921,7.34891],[-5.39363,7.34744],[-5.41173,7.34891],[-5.42734,7.34597],[-5.43381,7.33184],[-5.43837,7.31595],[-5.44647,7.30152],[-5.44985,7.28916],[-5.44058,7.28003],[-5.42542,7.27915],[-5.40982,7.28415],[-5.3951,7.29092],[-5.36743,7.29858],[-5.35948,7.29799],[-5.36272,7.29092],[-5.37582,7.27797],[-5.38289,7.27473],[-5.39289,7.27385],[-5.39098,7.26914],[-5.38863,7.25796],[-5.38657,7.25325],[-5.40025,7.25325],[-5.39554,7.24294],[-5.39289,7.23912],[-5.40732,7.23264],[-5.42145,7.23323],[-5.43322,7.24029],[-5.44058,7.25325],[-5.44647,7.24088],[-5.45603,7.23823],[-5.46648,7.23794],[-5.47487,7.23294],[-5.47591,7.22234],[-5.46737,7.20026],[-5.47164,7.18819],[-5.47914,7.1773],[-5.47708,7.17288],[-5.47164,7.16788],[-5.46855,7.15404],[-5.4631,7.15346],[-5.45103,7.16023],[-5.43911,7.16082],[-5.43381,7.14345],[-5.42763,7.14345],[-5.42616,7.15493],[-5.42042,7.16317],[-5.41159,7.16847],[-5.40025,7.17082],[-5.40275,7.16199],[-5.40393,7.16023],[-5.40717,7.15699],[-5.40084,7.14698],[-5.39981,7.13697],[-5.40423,7.12843],[-5.41394,7.12284],[-5.41394,7.11607],[-5.4057,7.11166],[-5.39657,7.11019],[-5.38745,7.11166],[-5.37921,7.11607],[-5.38921,7.09164],[-5.40482,7.09164],[-5.4213,7.10076],[-5.43381,7.10253],[-5.44014,7.08723],[-5.43087,7.07192],[-5.41276,7.06309],[-5.39289,7.0678],[-5.39098,7.06103],[-5.38907,7.05926],[-5.38907,7.05867],[-5.39289,7.05455],[-5.38657,7.04719],[-5.37921,7.05455],[-5.38333,7.04013],[-5.37935,7.02982],[-5.36846,7.02658],[-5.35198,7.03365],[-5.3561,7.02364],[-5.35934,6.99273],[-5.35713,6.99362],[-5.35242,6.99303],[-5.34786,6.99067],[-5.34565,6.98567],[-5.34727,6.97949],[-5.35109,6.97949],[-5.35566,6.98096],[-5.35934,6.9789],[-5.35978,6.97478],[-5.35845,6.96241],[-5.35934,6.95918],[-5.36346,6.95829],[-5.36905,6.95859],[-5.37288,6.96094],[-5.37244,6.96536],[-5.37818,6.96094],[-5.38436,6.9577],[-5.38804,6.95152],[-5.38657,6.93798],[-5.39584,6.94004],[-5.40114,6.94063],[-5.41394,6.93798],[-5.41394,6.97213],[-5.42895,6.963],[-5.43381,6.95918],[-5.42763,6.97213],[-5.43381,6.9789],[-5.44161,6.97713],[-5.44573,6.97772],[-5.44765,6.98273],[-5.44809,6.99273],[-5.455,6.99273],[-5.45559,6.98508],[-5.45707,6.98096],[-5.45913,6.97743],[-5.46119,6.97213],[-5.48577,7.01304],[-5.49445,7.01687],[-5.50166,7.026],[-5.50696,7.03718],[-5.50961,7.04719],[-5.52403,7.04307],[-5.53919,7.04484],[-5.54802,7.05131],[-5.54361,7.06073],[-5.55288,7.06485],[-5.55877,7.06426],[-5.56495,7.0622],[-5.57481,7.06073],[-5.58335,7.06456],[-5.58408,7.0728],[-5.58276,7.08193],[-5.58467,7.08811],[-5.59895,7.09193],[-5.625,7.08664],[-5.63663,7.09193],[-5.64605,7.09311],[-5.65311,7.08075],[-5.66209,7.07045],[-5.67754,7.07839],[-5.68166,7.08546],[-5.68314,7.09723],[-5.68844,7.10253],[-5.69756,7.10518],[-5.70448,7.10253],[-5.70845,7.09841],[-5.70889,7.09576],[-5.71993,7.10577],[-5.71964,7.11578],[-5.6955,7.15611],[-5.6905,7.16994],[-5.69197,7.17642],[-5.72199,7.15552],[-5.73097,7.15669],[-5.73465,7.16788],[-5.73553,7.18819],[-5.7398,7.20762],[-5.74981,7.2085],[-5.76144,7.20732],[-5.77027,7.2191],[-5.75687,7.22087],[-5.74481,7.22587],[-5.72185,7.23912],[-5.73612,7.24559],[-5.74966,7.2453],[-5.76129,7.24383],[-5.77027,7.24648],[-5.77513,7.25501],[-5.77689,7.26708],[-5.77645,7.29416],[-5.79853,7.2659],[-5.81163,7.25413],[-5.81751,7.26355],[-5.81899,7.28504],[-5.8234,7.30034],[-5.83915,7.32831],[-5.8159,7.32213],[-5.80309,7.32066],[-5.79765,7.32478],[-5.7947,7.33714],[-5.78822,7.3392],[-5.77645,7.33508],[-5.76865,7.33361],[-5.76247,7.33007],[-5.7582,7.33155],[-5.75673,7.34568],[-5.76011,7.35068],[-5.77748,7.36775],[-5.78396,7.37629],[-5.76159,7.38836],[-5.76232,7.40219],[-5.76512,7.41691],[-5.74908,7.43075],[-5.76056,7.43546],[-5.77071,7.4331],[-5.77881,7.42633],[-5.78396,7.41779],[-5.78543,7.42486],[-5.7869,7.4278],[-5.79073,7.43075],[-5.76276,7.47932],[-5.76379,7.48403],[-5.77645,7.49963],[-5.77203,7.50051],[-5.77115,7.50139],[-5.77145,7.50316],[-5.77027,7.50728],[-5.75378,7.49963],[-5.7454,7.50787],[-5.74333,7.52082],[-5.74584,7.52759],[-5.75791,7.53378],[-5.76703,7.5479],[-5.77071,7.56174],[-5.76644,7.56792],[-5.75717,7.5638],[-5.73244,7.5479],[-5.72185,7.54761],[-5.7164,7.55673],[-5.71978,7.56792],[-5.72096,7.57734],[-5.70889,7.58176],[-5.71331,7.58735],[-5.71434,7.59294],[-5.71184,7.59883],[-5.70536,7.60589],[-5.70256,7.61237],[-5.70992,7.61384],[-5.7192,7.61208],[-5.72185,7.60884],[-5.73185,7.61767],[-5.73907,7.6265],[-5.74275,7.63827],[-5.7423,7.65741],[-5.73553,7.65741],[-5.73288,7.64887],[-5.72803,7.64239],[-5.72111,7.63827],[-5.71228,7.6368],[-5.70256,7.64034],[-5.70242,7.64799],[-5.70639,7.65505],[-5.70889,7.65741],[-5.71302,7.66653],[-5.71964,7.67713],[-5.72096,7.68655],[-5.70889,7.69155],[-5.70889,7.69891],[-5.71449,7.7051],[-5.71257,7.70922],[-5.70889,7.71363],[-5.70889,7.71952],[-5.71552,7.73129],[-5.71993,7.73541],[-5.72185,7.72953],[-5.72656,7.72658],[-5.73671,7.72953],[-5.74613,7.73865],[-5.74908,7.75425],[-5.73936,7.74807],[-5.72906,7.74601],[-5.71861,7.74807],[-5.70889,7.75425],[-5.73318,7.7675],[-5.75187,7.78958],[-5.75408,7.80577],[-5.72935,7.80135],[-5.72096,7.79282],[-5.71331,7.78045],[-5.70345,7.76985],[-5.68844,7.76721],[-5.67946,7.77427],[-5.68431,7.78604],[-5.70198,7.80753],[-5.69535,7.80871],[-5.68093,7.81489],[-5.69565,7.82078],[-5.70198,7.82196],[-5.69447,7.83844],[-5.69962,7.84639],[-5.71199,7.85139],[-5.72553,7.85934],[-5.73333,7.87023],[-5.73494,7.8823],[-5.72935,7.91115],[-5.72185,7.91115],[-5.71478,7.90732],[-5.70978,7.90526],[-5.70198,7.90379],[-5.71272,7.88289],[-5.71316,7.87583],[-5.70463,7.87936],[-5.68844,7.88995],[-5.68093,7.88995],[-5.67534,7.86582],[-5.67033,7.85316],[-5.66047,7.84227],[-5.63987,7.86287],[-5.64825,7.88525],[-5.6434,7.90615],[-5.62559,7.93853],[-5.62279,7.94029],[-5.61838,7.9397],[-5.6144,7.94088],[-5.61264,7.94853],[-5.6147,7.95118],[-5.61852,7.95472],[-5.62117,7.95943],[-5.61941,7.9659],[-5.60807,7.97679],[-5.59674,7.98239],[-5.58806,7.98916],[-5.57731,8.0286],[-5.56112,8.04479],[-5.54493,8.05715],[-5.53743,8.07187],[-5.5386,8.0963],[-5.53566,8.10572],[-5.52653,8.10926],[-5.49975,8.10778],[-5.48606,8.10366],[-5.47487,8.09542],[-5.47841,8.09336],[-5.4815,8.09218],[-5.48326,8.08924],[-5.48223,8.08247],[-5.50181,8.08365],[-5.51285,8.07364],[-5.52035,8.06216],[-5.5233,8.05156],[-5.52845,8.04509],[-5.53846,8.03655],[-5.54434,8.02419],[-5.53743,8.00682],[-5.54891,7.99946],[-5.55244,7.99298],[-5.55053,7.96914],[-5.55332,7.95619],[-5.56024,7.94942],[-5.56937,7.94471],[-5.57849,7.93853],[-5.56495,7.93205],[-5.55347,7.93323],[-5.5442,7.94029],[-5.53743,7.95207],[-5.53022,7.94647],[-5.52403,7.9397],[-5.51903,7.93264],[-5.51579,7.92499],[-5.523,7.9244],[-5.52771,7.92234],[-5.53198,7.91969],[-5.53743,7.91733],[-5.53448,7.91174],[-5.53007,7.89761],[-5.55936,7.90732],[-5.5729,7.9085],[-5.57849,7.90055],[-5.57702,7.87112],[-5.58085,7.86022],[-5.59218,7.85581],[-5.58997,7.85139],[-5.58688,7.83991],[-5.58467,7.8355],[-5.59748,7.83255],[-5.60999,7.82637],[-5.62014,7.81784],[-5.62559,7.80753],[-5.61705,7.80665],[-5.61131,7.804],[-5.59895,7.79517],[-5.61794,7.78604],[-5.62897,7.77309],[-5.62662,7.7625],[-5.60572,7.76044],[-5.61102,7.75484],[-5.61632,7.74454],[-5.61941,7.73983],[-5.60543,7.74071],[-5.59556,7.74572],[-5.57849,7.76044],[-5.58438,7.77574],[-5.58202,7.7884],[-5.5726,7.79429],[-5.55803,7.7884],[-5.49592,7.82873],[-5.50578,7.80783],[-5.53698,7.77663],[-5.54361,7.75043],[-5.5517,7.72894],[-5.58099,7.67978],[-5.57849,7.66359],[-5.57849,7.65741],[-5.59306,7.65829],[-5.60616,7.65505],[-5.61573,7.64681],[-5.61941,7.63356],[-5.61823,7.62738],[-5.61264,7.60884],[-5.61484,7.60325],[-5.62368,7.59029],[-5.62559,7.58911],[-5.61808,7.55556],[-5.60233,7.5535],[-5.58129,7.56557],[-5.55803,7.57528],[-5.56098,7.56086],[-5.5751,7.54084],[-5.57849,7.53113],[-5.57113,7.51199],[-5.57202,7.50139],[-5.58467,7.49345],[-5.58659,7.50287],[-5.58982,7.50699],[-5.5938,7.50581],[-5.59895,7.49963],[-5.60572,7.49963],[-5.61013,7.50581],[-5.6147,7.51111],[-5.62,7.51611],[-5.62559,7.52023],[-5.63309,7.52023],[-5.63766,7.50228],[-5.64752,7.50198],[-5.65929,7.50875],[-5.67033,7.51346],[-5.68623,7.50552],[-5.69315,7.48756],[-5.69138,7.46725],[-5.68093,7.45253],[-5.68829,7.44664],[-5.69388,7.44046],[-5.69815,7.4334],[-5.70198,7.42457],[-5.69771,7.4228],[-5.68461,7.41956],[-5.68093,7.41779],[-5.67916,7.4175],[-5.66562,7.40543],[-5.66665,7.40426],[-5.66312,7.40131],[-5.66003,7.3969],[-5.65547,7.39248],[-5.64737,7.38983],[-5.61941,7.41044],[-5.62706,7.37423],[-5.63486,7.36334],[-5.65355,7.36923],[-5.65885,7.35833],[-5.66121,7.34715],[-5.65812,7.33891],[-5.64737,7.33508],[-5.65076,7.33096],[-5.65267,7.32743],[-5.65517,7.32419],[-5.66047,7.32095],[-5.65179,7.31065],[-5.63957,7.30682],[-5.62559,7.30829],[-5.61264,7.31477],[-5.61264,7.25325],[-5.61543,7.24677],[-5.62117,7.24177],[-5.62515,7.23617],[-5.6225,7.2294],[-5.61381,7.22351],[-5.6044,7.22204],[-5.59453,7.22145],[-5.58467,7.2191],[-5.57878,7.21262],[-5.57393,7.20379],[-5.56878,7.1982],[-5.56142,7.20173],[-5.55995,7.20762],[-5.55803,7.23294],[-5.55671,7.23176],[-5.55421,7.23411],[-5.5517,7.23823],[-5.55053,7.24265],[-5.55273,7.24883],[-5.55774,7.25148],[-5.56259,7.25354],[-5.5648,7.25707],[-5.56848,7.25854],[-5.586,7.26855],[-5.59218,7.27385],[-5.58408,7.2818],[-5.57967,7.29092],[-5.5779,7.30182],[-5.57849,7.31477],[-5.56892,7.30034],[-5.552,7.29446],[-5.53257,7.29505],[-5.51579,7.30123],[-5.53169,7.33508],[-5.55067,7.35745],[-5.55656,7.36864],[-5.55891,7.38159],[-5.55803,7.39719],[-5.53728,7.36805],[-5.53007,7.36245],[-5.51344,7.35598],[-5.50858,7.35775],[-5.50961,7.37629],[-5.51358,7.37629],[-5.5205,7.38129],[-5.52447,7.38689],[-5.51947,7.38983],[-5.51785,7.39189],[-5.50269,7.40426],[-5.50784,7.41397],[-5.51491,7.41809],[-5.53743,7.42457],[-5.54744,7.42074],[-5.54788,7.43163],[-5.54641,7.449],[-5.55053,7.46548],[-5.53993,7.47579],[-5.52683,7.49727],[-5.51579,7.50728],[-5.5155,7.47991],[-5.51388,7.46813],[-5.50961,7.45871],[-5.50269,7.45871],[-5.49739,7.4752],[-5.49592,7.48373],[-5.49592,7.49345],[-5.48915,7.49345],[-5.48061,7.47314],[-5.47679,7.45341],[-5.47075,7.4487],[-5.43631,7.50169],[-5.43381,7.51023],[-5.43705,7.52347],[-5.45162,7.54938],[-5.455,7.56439],[-5.45059,7.57499],[-5.44029,7.57616],[-5.42881,7.57234],[-5.42071,7.56792],[-5.41262,7.56203],[-5.40614,7.55497],[-5.40187,7.54496],[-5.40025,7.53113],[-5.40496,7.48256],[-5.39952,7.46283],[-5.37921,7.45871],[-5.37921,7.45253],[-5.40379,7.44076],[-5.42307,7.41927],[-5.43249,7.39366],[-5.42763,7.36923],[-5.42056,7.37629],[-5.39289,7.39719],[-5.38171,7.40278],[-5.37244,7.40573],[-5.3667,7.41279],[-5.36625,7.43075],[-5.34491,7.43075]]]]}},{"type":"Feature","properties":{"name":"García Sola","rank":7},"geometry":{"type":"MultiPolygon","coordinates":[[[[-5.08734,39.28713],[-5.05923,39.30361],[-5.02347,39.36013],[-5.00257,39.35719],[-5.01773,39.32628],[-5.02906,39.31009],[-5.04554,39.30008],[-5.05541,39.28595],[-5.06409,39.28095],[-5.06497,39.27624],[-5.06497,39.273],[-5.08734,39.28713]]]]}},{"type":"Feature","properties":{"name":"Orellana","rank":7},"geometry":{"type":"MultiPolygon","coordinates":[[[[-5.06497,39.273],[-5.06453,39.26564],[-5.06703,39.26181],[-5.07277,39.26181],[-5.07954,39.26299],[-5.08499,39.26211],[-5.09441,39.25799],[-5.11075,39.25298],[-5.11972,39.24857],[-5.13606,39.23738],[-5.15829,39.21825],[-5.16358,39.2156],[-5.16623,39.21059],[-5.16756,39.18704],[-5.16977,39.17733],[-5.17389,39.16997],[-5.18066,39.16585],[-5.18066,39.15908],[-5.19258,39.17291],[-5.19273,39.18881],[-5.18066,39.22119],[-5.16859,39.26917],[-5.1602,39.28271],[-5.11796,39.26888],[-5.08734,39.28713],[-5.06497,39.273]]]]}},{"type":"Feature","properties":{"name":"Embalse de Cala","rank":7},"geometry":{"type":"MultiPolygon","coordinates":[[[[-5.02347,39.36013],[-5.05025,39.41253],[-5.05025,39.41989],[-5.04348,39.41989],[-5.03392,39.41223],[-5.0164,39.40546],[-4.99845,39.40075],[-4.98814,39.39928],[-4.97534,39.40723],[-4.96636,39.41841],[-4.9565,39.42489],[-4.84479,39.39251],[-4.84479,39.38515],[-4.8729,39.38839],[-4.91867,39.40281],[-4.94414,39.40605],[-4.95959,39.40193],[-4.94458,39.39192],[-4.88041,39.3669],[-4.87187,39.3619],[-4.86686,39.35424],[-4.86525,39.341],[-4.86201,39.33011],[-4.84803,39.31333],[-4.84479,39.30685],[-4.83434,39.29095],[-4.78503,39.26652],[-4.76973,39.24857],[-4.81285,39.25828],[-4.83257,39.26682],[-4.84832,39.27889],[-4.86127,39.29772],[-4.87982,39.33305],[-4.89262,39.34423],[-4.91588,39.34688],[-4.92677,39.35101],[-4.93192,39.35601],[-4.93692,39.36278],[-4.94487,39.36896],[-4.95812,39.37161],[-4.96121,39.37338],[-4.98299,39.38103],[-4.98814,39.38191],[-4.9905,39.38544],[-4.9958,39.38397],[-5.00168,39.38074],[-5.00625,39.37897],[-5.0114,39.37544],[-5.00948,39.36837],[-5.00257,39.35719],[-5.02347,39.36013]]]]}},{"type":"Feature","properties":{"name":"Buyo","rank":7},"geometry":{"type":"MultiPolygon","coordinates":[[[[-6.92933,6.51704],[-6.93477,6.51292],[-6.93507,6.50497],[-6.928,6.49084],[-6.92844,6.48496],[-6.93257,6.48231],[-6.97363,6.47318],[-6.98629,6.46818],[-6.99733,6.45817],[-6.97819,6.4408],[-6.98025,6.42785],[-6.991,6.41549],[-6.99733,6.40047],[-6.99688,6.3675],[-6.9985,6.35249],[-7.00351,6.3416],[-7.03456,6.33542],[-7.03795,6.331],[-7.03927,6.32129],[-7.0381,6.31158],[-7.02867,6.29892],[-7.0328,6.28037],[-7.04457,6.2527],[-7.05693,6.26183],[-7.07195,6.263],[-7.10948,6.25888],[-7.11433,6.25594],[-7.11846,6.25005],[-7.12317,6.24623],[-7.13965,6.25417],[-7.14554,6.25064],[-7.14804,6.24181],[-7.1476,6.23151],[-7.15393,6.23681],[-7.16703,6.25005],[-7.17115,6.2527],[-7.18204,6.25064],[-7.19396,6.24181],[-7.20206,6.23916],[-7.21722,6.2371],[-7.21574,6.27655],[-7.21354,6.28538],[-7.20838,6.29421],[-7.20206,6.28685],[-7.19794,6.30098],[-7.20529,6.30451],[-7.2181,6.30451],[-7.23002,6.30745],[-7.23812,6.31805],[-7.24356,6.32983],[-7.25077,6.33571],[-7.26372,6.32777],[-7.27182,6.33218],[-7.27933,6.33866],[-7.2836,6.34543],[-7.28095,6.35249],[-7.27388,6.36279],[-7.28021,6.36544],[-7.29051,6.36397],[-7.29507,6.3625],[-7.3095,6.36721],[-7.32407,6.37869],[-7.33555,6.394],[-7.33997,6.41048],[-7.35969,6.40724],[-7.3669,6.41931],[-7.37073,6.43521],[-7.38029,6.44463],[-7.39899,6.44109],[-7.4218,6.43403],[-7.44108,6.43491],[-7.44918,6.45493],[-7.45123,6.46906],[-7.45668,6.46994],[-7.46419,6.467],[-7.47287,6.46877],[-7.47714,6.47818],[-7.47302,6.48849],[-7.4664,6.49909],[-7.46286,6.50968],[-7.46492,6.53323],[-7.4711,6.54883],[-7.4817,6.55914],[-7.49701,6.56738],[-7.49701,6.57503],[-7.45889,6.56679],[-7.43887,6.53382],[-7.42548,6.49555],[-7.40767,6.472],[-7.40002,6.46906],[-7.39457,6.46818],[-7.38883,6.46935],[-7.3666,6.47671],[-7.36116,6.48054],[-7.35763,6.48613],[-7.34953,6.49585],[-7.33997,6.49967],[-7.33481,6.49173],[-7.3329,6.47907],[-7.33246,6.46877],[-7.33055,6.46582],[-7.32569,6.46494],[-7.31524,6.46553],[-7.31068,6.46229],[-7.31229,6.45493],[-7.31612,6.44787],[-7.31818,6.44463],[-7.307,6.43109],[-7.26358,6.41195],[-7.25372,6.41048],[-7.23723,6.41637],[-7.22722,6.41814],[-7.22266,6.41372],[-7.22443,6.37898],[-7.22266,6.36898],[-7.21972,6.35897],[-7.21722,6.35426],[-7.21236,6.35161],[-7.20206,6.34896],[-7.19823,6.35072],[-7.19381,6.35602],[-7.18837,6.36132],[-7.18175,6.3625],[-7.17998,6.36015],[-7.17453,6.35102],[-7.17115,6.34896],[-7.17203,6.33983],[-7.16688,6.32247],[-7.1526,6.31128],[-7.1264,6.32099],[-7.12066,6.32953],[-7.10609,6.36898],[-7.10668,6.37781],[-7.11169,6.39341],[-7.11286,6.40047],[-7.11066,6.40518],[-7.10609,6.40842],[-7.10138,6.41254],[-7.09903,6.42049],[-7.09711,6.43815],[-7.09049,6.45258],[-7.07901,6.46199],[-7.06164,6.46553],[-7.05958,6.45876],[-7.06179,6.44316],[-7.0615,6.42667],[-7.05193,6.41725],[-7.05723,6.40253],[-7.05826,6.38575],[-7.05267,6.37604],[-7.03839,6.38252],[-7.03,6.39724],[-7.03132,6.41313],[-7.03633,6.42903],[-7.03839,6.44463],[-7.03559,6.45287],[-7.02617,6.46199],[-7.02397,6.46877],[-7.02647,6.47789],[-7.03206,6.47789],[-7.03883,6.47612],[-7.04457,6.47877],[-7.04766,6.47848],[-7.05635,6.48319],[-7.06179,6.48937],[-7.05502,6.49231],[-7.03957,6.49202],[-7.035,6.48996],[-7.03088,6.48496],[-7.0119,6.49909],[-7.01793,6.5138],[-7.03559,6.5244],[-7.05193,6.52705],[-7.0796,6.51292],[-7.08799,6.51351],[-7.07931,6.53323],[-7.05134,6.54942],[-7.04648,6.55766],[-7.0718,6.5612],[-7.08402,6.55825],[-7.09167,6.55295],[-7.09962,6.55001],[-7.11286,6.55443],[-7.11919,6.56002],[-7.12376,6.56826],[-7.1264,6.57827],[-7.1264,6.58857],[-7.10948,6.57945],[-7.08917,6.57444],[-7.07224,6.57709],[-7.06503,6.59152],[-7.06238,6.60329],[-7.05561,6.60623],[-7.04693,6.60653],[-7.03839,6.60918],[-7.03368,6.60977],[-7.02161,6.608],[-7.0172,6.60918],[-7.01616,6.613],[-7.0169,6.61919],[-7.01955,6.6236],[-7.02397,6.62272],[-7.01926,6.63008],[-7.01764,6.63685],[-7.01337,6.64156],[-7.00042,6.64303],[-6.99541,6.64686],[-7.00071,6.6551],[-7.01381,6.66746],[-7.01072,6.6704],[-7.01013,6.69543],[-7.01116,6.70749],[-7.01558,6.72133],[-7.0172,6.73193],[-7.00189,6.72722],[-6.99733,6.72516],[-7.01499,6.76961],[-7.0172,6.78344],[-7.02102,6.79463],[-7.03029,6.80051],[-7.04163,6.80522],[-7.05193,6.81435],[-7.04766,6.82554],[-7.07224,6.85409],[-7.07931,6.87263],[-7.07519,6.88823],[-7.05914,6.90707],[-7.05826,6.92415],[-7.07842,6.9527],[-7.08711,6.97154],[-7.0824,6.9892],[-7.06238,7.026],[-7.05046,7.04219],[-7.03839,7.04101],[-7.03927,7.01893],[-7.05016,6.9789],[-7.05193,6.95918],[-7.04943,6.94799],[-7.04501,6.94063],[-7.0406,6.93533],[-7.03839,6.93121],[-7.03824,6.91973],[-7.04457,6.8903],[-7.04178,6.86439],[-7.03235,6.85527],[-7.01881,6.85114],[-7.00351,6.84173],[-6.99644,6.82465],[-6.99262,6.80581],[-6.98393,6.79639],[-6.96259,6.80817],[-6.95508,6.79404],[-6.96568,6.77696],[-6.9645,6.76107],[-6.95862,6.74341],[-6.95508,6.72162],[-6.95773,6.71427],[-6.96215,6.70573],[-6.96406,6.6966],[-6.95891,6.68777],[-6.94758,6.68277],[-6.93639,6.6813],[-6.92697,6.67688],[-6.92094,6.66364],[-6.95096,6.64303],[-6.96818,6.60447],[-6.96686,6.57297],[-6.94213,6.57503],[-6.94728,6.5556],[-6.94198,6.54913],[-6.93154,6.54677],[-6.91593,6.53706],[-6.91152,6.53794],[-6.90843,6.53618],[-6.9074,6.52705],[-6.92933,6.51704]]]]}},{"type":"Feature","properties":{"name":"Tsimlyansk","rank":7},"geometry":{"type":"MultiPolygon","coordinates":[[[[44.00818,49.19601],[44.02201,49.18453],[44.02466,49.1601],[44.007,49.15304],[43.98463,49.14685],[43.97374,49.12654],[43.97256,49.11506],[43.96814,49.10535],[43.96078,49.09828],[43.9493,49.09564],[43.94401,49.09063],[43.94842,49.07944],[43.96373,49.05619],[43.97138,49.05325],[43.97374,49.04736],[43.97256,49.04059],[43.96814,49.03647],[43.96343,49.03264],[43.9599,49.02764],[43.95225,49.00379],[43.94665,48.99408],[43.9075,48.95228],[43.8922,48.9408],[43.87071,48.93138],[43.82096,48.91754],[43.79359,48.91519],[43.74296,48.92638],[43.7091,48.92755],[43.67554,48.92461],[43.652,48.91754],[43.64169,48.90224],[43.62109,48.84189],[43.61196,48.83895],[43.5996,48.83159],[43.58871,48.82364],[43.5837,48.81805],[43.58047,48.80598],[43.57222,48.7998],[43.52189,48.78655],[43.5107,48.78155],[43.47803,48.75329],[43.47302,48.74299],[43.47273,48.72591],[43.48391,48.70443],[43.55221,48.65379],[43.57458,48.64231],[43.60578,48.64231],[43.66583,48.64997],[43.69762,48.65792],[43.72941,48.67293],[43.76003,48.68353],[43.78888,48.67793],[43.72353,48.65085],[43.70204,48.62701],[43.67496,48.62112],[43.62462,48.61582],[43.6155,48.60993],[43.59695,48.59227],[43.58694,48.58874],[43.54161,48.58845],[43.53484,48.58521],[43.52983,48.57078],[43.50481,48.53723],[43.49451,48.51986],[43.52307,48.5125],[43.61756,48.51927],[43.61432,48.51162],[43.59813,48.50514],[43.57635,48.50073],[43.48774,48.4969],[43.46655,48.49248],[43.42798,48.47776],[43.41121,48.46805],[43.39413,48.4548],[43.36175,48.43744],[43.35381,48.42684],[43.37088,48.41742],[43.3591,48.39652],[43.31672,48.36738],[43.302,48.34854],[43.30318,48.33205],[43.31613,48.31763],[43.35057,48.28702],[43.32879,48.28819],[43.29552,48.30909],[43.27786,48.31439],[43.25696,48.31115],[43.22046,48.29702],[43.18219,48.29025],[43.16865,48.28113],[43.15953,48.26818],[43.13921,48.2305],[43.13745,48.22196],[43.14039,48.21166],[43.15158,48.19547],[43.15187,48.18458],[43.14716,48.18046],[43.13009,48.17486],[43.12391,48.17104],[43.11861,48.16132],[43.11125,48.14013],[43.10683,48.13306],[43.09477,48.11894],[43.08682,48.10186],[43.08888,48.08773],[43.10683,48.08155],[43.11802,48.07919],[43.12155,48.07331],[43.12273,48.06565],[43.12773,48.05771],[43.13715,48.05152],[43.22782,48.02297],[43.24695,48.02003],[43.22458,48.00354],[43.18425,48.00384],[43.11007,48.01267],[43.08623,48.00001],[43.06415,47.97528],[43.04826,47.94408],[43.04207,47.91376],[43.04737,47.90552],[43.07092,47.88609],[43.07622,47.87226],[43.08034,47.85518],[43.08976,47.844],[43.09918,47.83487],[43.1033,47.82457],[43.098,47.81015],[43.0877,47.79366],[43.08093,47.77718],[43.08652,47.76246],[43.08858,47.75245],[43.08711,47.73626],[43.08829,47.7186],[43.09712,47.70417],[43.08799,47.69387],[43.07622,47.68592],[43.06297,47.6821],[43.04884,47.68357],[43.04355,47.68857],[43.03677,47.69799],[43.03354,47.70683],[43.03854,47.71095],[43.04325,47.71654],[43.04149,47.7289],[43.0353,47.74951],[43.03295,47.75363],[43.02912,47.75922],[43.02706,47.76364],[43.03148,47.7657],[43.03295,47.76835],[43.03913,47.77453],[43.0459,47.77953],[43.04884,47.77983],[43.04619,47.80102],[43.03501,47.82339],[43.01794,47.84105],[42.99733,47.84812],[42.93228,47.78748],[42.90961,47.77571],[42.88871,47.77188],[42.83631,47.77306],[42.72593,47.75952],[42.68089,47.74686],[42.65145,47.7239],[42.62525,47.69623],[42.59022,47.67062],[42.52193,47.63441],[42.51899,47.63058],[42.53488,47.6091],[42.52105,47.60968],[42.5131,47.61322],[42.50074,47.62234],[42.45923,47.63971],[42.43804,47.64177],[42.41302,47.635],[42.39035,47.62293],[42.37652,47.6091],[42.38505,47.6035],[42.38917,47.59467],[42.39065,47.58349],[42.39094,47.57112],[42.38476,47.56494],[42.37122,47.57171],[42.35827,47.5826],[42.35326,47.5882],[42.26525,47.58879],[42.23993,47.58113],[42.22521,47.56759],[42.21609,47.5517],[42.20255,47.53874],[42.17488,47.53344],[42.16546,47.54463],[42.15457,47.56906],[42.13749,47.59261],[42.10982,47.60174],[42.11512,47.61469],[42.11689,47.63235],[42.11659,47.66709],[42.12425,47.67916],[42.14279,47.69122],[42.16428,47.70035],[42.19548,47.70771],[42.21638,47.71683],[42.23463,47.73008],[42.23993,47.74627],[42.23404,47.75039],[42.22256,47.75363],[42.21167,47.75893],[42.20667,47.76923],[42.20284,47.77512],[42.19372,47.77894],[42.18194,47.78042],[42.17105,47.77983],[42.17517,47.78748],[42.17841,47.79072],[42.19224,47.79366],[42.20343,47.79425],[42.21079,47.7919],[42.21668,47.78895],[42.23169,47.78513],[42.24052,47.7813],[42.24876,47.77953],[42.2573,47.78365],[42.26436,47.78983],[42.27172,47.79484],[42.27967,47.79867],[42.2885,47.80102],[42.2732,47.82015],[42.25553,47.83222],[42.20667,47.84812],[42.23463,47.85283],[42.30763,47.8337],[42.33266,47.83811],[42.34178,47.85047],[42.3459,47.86225],[42.34973,47.88285],[42.37092,47.93084],[42.28468,47.95821],[42.27996,47.96233],[42.2573,47.98883],[42.24641,47.99677],[42.21226,48.01267],[42.2573,47.99972],[42.27908,47.98941],[42.29998,47.96027],[42.32677,47.95262],[42.35621,47.95203],[42.37652,47.95821],[42.39153,47.97823],[42.39742,47.99471],[42.40595,47.99883],[42.42833,47.98235],[42.43245,47.97322],[42.43127,47.95026],[42.43539,47.94114],[42.44569,47.93407],[42.45423,47.93054],[42.4607,47.92436],[42.466,47.91023],[42.46424,47.89051],[42.45806,47.86519],[42.45688,47.8437],[42.46954,47.83458],[42.49338,47.83016],[42.53871,47.81074],[42.56226,47.8072],[42.58581,47.8125],[42.6279,47.83046],[42.65469,47.83458],[42.65999,47.83664],[42.66676,47.84135],[42.67618,47.84606],[42.70002,47.84959],[42.76684,47.87402],[42.79186,47.87844],[42.79952,47.8858],[42.81218,47.9067],[42.85015,47.95586],[42.85486,47.96587],[42.85721,47.97911],[42.80923,47.9382],[42.80128,47.9535],[42.84249,47.99854],[42.83572,48.02003],[42.84308,48.03416],[42.8422,48.04593],[42.83837,48.05771],[42.83572,48.07095],[42.83985,48.07978],[42.8578,48.10834],[42.86398,48.12247],[42.85957,48.15661],[42.83337,48.16338],[42.76037,48.15661],[42.76037,48.16338],[42.87811,48.19076],[42.91844,48.19076],[42.90784,48.21048],[42.90461,48.21813],[43.02235,48.21843],[43.0353,48.22196],[43.0406,48.2302],[43.0671,48.25434],[43.07622,48.26641],[43.08799,48.31734],[43.09712,48.33529],[43.08858,48.34854],[43.09388,48.36561],[43.10242,48.38475],[43.1033,48.40358],[43.09859,48.40888],[43.08093,48.42007],[43.07622,48.42419],[43.07386,48.43155],[43.07239,48.44921],[43.06916,48.45834],[43.04119,48.48895],[43.00292,48.50926],[42.92521,48.54017],[42.92521,48.54694],[42.9364,48.54782],[42.95818,48.554],[42.96642,48.55459],[42.97731,48.549],[42.98791,48.54017],[43.0044,48.5231],[43.02736,48.50867],[43.05149,48.50632],[43.07563,48.51162],[43.09712,48.51986],[43.11566,48.53134],[43.12597,48.53546],[43.13745,48.53399],[43.14392,48.52663],[43.14186,48.5175],[43.13509,48.51014],[43.11095,48.49955],[43.11537,48.48336],[43.13186,48.46687],[43.15187,48.45834],[43.15158,48.46069],[43.15717,48.46569],[43.16541,48.4704],[43.17218,48.47247],[43.17748,48.47158],[43.18072,48.46658],[43.18602,48.46511],[43.20015,48.46569],[43.22782,48.47129],[43.24371,48.47247],[43.32172,48.46275],[43.34291,48.46511],[43.35675,48.47394],[43.40149,48.51044],[43.4115,48.5231],[43.41533,48.54017],[43.42563,48.55665],[43.43917,48.57108],[43.4954,48.60846],[43.51364,48.62583],[43.5213,48.64673],[43.51129,48.66586],[43.46331,48.69648],[43.44653,48.71208],[43.43623,48.75505],[43.45389,48.7839],[43.5213,48.82129],[43.5681,48.83866],[43.58871,48.84955],[43.59695,48.86603],[43.60284,48.88458],[43.61638,48.90695],[43.63257,48.92667],[43.64464,48.93756],[43.68614,48.9458],[43.798,48.94492],[43.8501,48.95169],[43.89014,48.9723],[43.91045,49.00291],[43.91751,49.04118],[43.9184,49.08533],[43.92163,49.09711],[43.92958,49.10152],[43.93871,49.10358],[43.94636,49.10947],[43.9493,49.1183],[43.94989,49.13626],[43.95254,49.14362],[43.98698,49.17335],[43.98904,49.18512],[43.9599,49.19189],[43.92016,49.20249],[43.87424,49.20573],[43.85128,49.20131],[43.80801,49.18247],[43.78534,49.17835],[43.76385,49.17865],[43.74766,49.181],[43.73206,49.18689],[43.69615,49.21073],[43.68232,49.22574],[43.68055,49.24046],[43.69998,49.25341],[43.68879,49.26254],[43.66524,49.2696],[43.65906,49.2802],[43.66171,49.28697],[43.67702,49.30993],[43.6938,49.32465],[43.69262,49.34673],[43.68585,49.36998],[43.67937,49.38382],[43.62227,49.45329],[43.58871,49.48272],[43.54897,49.50657],[43.58665,49.49626],[43.62374,49.46624],[43.70057,49.38029],[43.71322,49.35997],[43.71823,49.33848],[43.70999,49.31847],[43.69262,49.29551],[43.69586,49.28609],[43.70881,49.27844],[43.72088,49.26018],[43.71911,49.25783],[43.71558,49.25018],[43.71322,49.24076],[43.71352,49.23281],[43.72029,49.22309],[43.75149,49.19513],[43.77298,49.18601],[43.79476,49.19513],[43.83656,49.22545],[43.84745,49.22928],[43.85923,49.23163],[43.88425,49.23281],[43.89897,49.23075],[43.92369,49.22133],[43.93606,49.21927],[43.95607,49.21603],[43.98316,49.20749],[44.00818,49.19601]]]]}},{"type":"Feature","properties":{"name":"Buendía","rank":9},"geometry":{"type":"MultiPolygon","coordinates":[[[[-2.49723,40.43721],[-2.48296,40.43368],[-2.46692,40.43397],[-2.48723,40.4272],[-2.50975,40.43073],[-2.53035,40.44015],[-2.54551,40.45075],[-2.56141,40.45487],[-2.65266,40.44663],[-2.66914,40.44221],[-2.67989,40.4322],[-2.69151,40.39835],[-2.69034,40.39158],[-2.68298,40.38275],[-2.67282,40.37627],[-2.66399,40.37186],[-2.65855,40.36509],[-2.65884,40.35155],[-2.6712,40.36656],[-2.67444,40.35596],[-2.67297,40.32417],[-2.68592,40.33565],[-2.70152,40.34154],[-2.71477,40.35184],[-2.72434,40.40277],[-2.73596,40.40718],[-2.75333,40.40336],[-2.77541,40.4063],[-2.74995,40.42838],[-2.7286,40.43986],[-2.72257,40.44162],[-2.70314,40.44074],[-2.70182,40.44251],[-2.6765,40.44839],[-2.67297,40.44781],[-2.6659,40.45281],[-2.65913,40.45929],[-2.65398,40.46576],[-2.65192,40.47136],[-2.63617,40.46723],[-2.56067,40.46282],[-2.53521,40.46812],[-2.53212,40.46311],[-2.51019,40.44398],[-2.49723,40.43721]]]]}},{"type":"Feature","properties":{"name":"Kaunas","rank":9},"geometry":{"type":"MultiPolygon","coordinates":[[[[24.20336,54.85163],[24.22485,54.83456],[24.23368,54.81425],[24.21778,54.79747],[24.16774,54.81013],[24.14125,54.80924],[24.13536,54.78363],[24.13065,54.78304],[24.12918,54.78452],[24.12918,54.78687],[24.1283,54.79011],[24.12565,54.81366],[24.15391,54.82043],[24.19129,54.82072],[24.21778,54.82484],[24.20571,54.8322],[24.19983,54.83721],[24.19718,54.84162],[24.19217,54.84515],[24.18128,54.84339],[24.16303,54.83838],[24.1592,54.84074],[24.15508,54.84545],[24.1489,54.85016],[24.11976,54.85428],[24.1177,54.85958],[24.12182,54.86635],[24.12152,54.87253],[24.11652,54.87842],[24.11475,54.88283],[24.11004,54.88519],[24.09739,54.88607],[24.07708,54.89314],[24.06677,54.89314],[24.00496,54.85899],[23.99671,54.86664],[23.99289,54.87371],[23.99377,54.88018],[23.99877,54.88607],[24.01585,54.8843],[24.06766,54.90727],[24.09062,54.91345],[24.11299,54.90491],[24.15479,54.86723],[24.17981,54.85899],[24.20336,54.85163]]]]}},{"type":"Feature","properties":{"name":"IJsselmeer","rank":2},"geometry":{"type":"MultiPolygon","coordinates":[[[[5.87036,52.53999],[5.87448,52.52144],[5.87272,52.50143],[5.86065,52.47817],[5.84151,52.45786],[5.80089,52.42283],[5.77911,52.40811],[5.74673,52.3934],[5.71229,52.38251],[5.654,52.37161],[5.62368,52.35631],[5.57776,52.32275],[5.54538,52.27565],[5.53331,52.268],[5.44736,52.25505],[5.40468,52.2574],[5.36111,52.27006],[5.26839,52.31156],[5.24778,52.31274],[5.2051,52.3095],[5.18125,52.31156],[5.163,52.31657],[5.11237,52.33776],[5.09206,52.34218],[5.04702,52.34453],[5.03054,52.34777],[4.96814,52.37102],[4.97373,52.37573],[4.9802,52.3775],[4.98197,52.37809],[4.98197,52.38545],[4.99669,52.38398],[5.00228,52.38221],[5.00935,52.37809],[5.00935,52.38545],[5.02495,52.37809],[5.03407,52.38869],[5.04173,52.40399],[5.0538,52.41224],[5.06469,52.4143],[5.07528,52.42018],[5.0847,52.42901],[5.09177,52.43932],[5.07558,52.44432],[5.06792,52.45286],[5.06174,52.46139],[5.05026,52.46728],[5.06998,52.47287],[5.07823,52.47346],[5.07352,52.48377],[5.07057,52.48789],[5.09088,52.50084],[5.08323,52.52557],[5.05026,52.57031],[5.03643,52.59974],[5.03496,52.62506],[5.04967,52.64184],[5.085,52.64537],[5.11178,52.63919],[5.11885,52.63625],[5.13651,52.62506],[5.15093,52.62653],[5.16565,52.63007],[5.22717,52.65332],[5.24307,52.6645],[5.25632,52.68864],[5.27074,52.69689],[5.304,52.70689],[5.30077,52.7169],[5.29782,52.73074],[5.294,52.7431],[5.28693,52.7484],[5.23601,52.76223],[5.22011,52.76282],[5.20627,52.76165],[5.1945,52.75811],[5.1842,52.75164],[5.17036,52.74604],[5.158,52.75046],[5.14711,52.75811],[5.13651,52.76223],[5.12268,52.77548],[5.12032,52.83936],[5.11502,52.86114],[5.06527,52.92296],[5.04408,52.93355],[5.08588,52.94386],[5.12915,52.96005],[5.28781,53.04453],[5.3723,53.07691],[5.38319,53.05542],[5.38996,53.0463],[5.39967,53.03599],[5.40939,53.03217],[5.4138,53.0198],[5.41262,53.00685],[5.40644,52.99508],[5.41616,52.98389],[5.42028,52.9677],[5.41616,52.95151],[5.39967,52.94033],[5.41321,52.92443],[5.40409,52.91648],[5.3879,52.91118],[5.37671,52.89941],[5.37082,52.89823],[5.36611,52.89499],[5.36553,52.88498],[5.36906,52.87851],[5.37524,52.87556],[5.3826,52.87291],[5.38937,52.86821],[5.41086,52.85731],[5.44236,52.85231],[5.50594,52.85084],[5.5186,52.84878],[5.54214,52.83936],[5.55745,52.8373],[5.57364,52.83848],[5.58424,52.84171],[5.60573,52.85084],[5.62221,52.85437],[5.63752,52.85496],[5.70993,52.8423],[5.72171,52.8373],[5.68579,52.83259],[5.65636,52.81963],[5.63193,52.79991],[5.61191,52.77519],[5.60337,52.75046],[5.59631,52.70866],[5.59778,52.66951],[5.61574,52.65244],[5.6281,52.64625],[5.65224,52.61888],[5.66048,52.61152],[5.67667,52.60858],[5.80884,52.61299],[5.8265,52.61034],[5.84063,52.60416],[5.85093,52.59327],[5.8577,52.57679],[5.87036,52.53999]],[[5.85829,52.50643],[5.85888,52.52615],[5.83916,52.57031],[5.68079,52.59356],[5.65371,52.61152],[5.63575,52.60269],[5.57776,52.59091],[5.56039,52.58355],[5.51624,52.55677],[5.50682,52.55589],[5.48621,52.55706],[5.47856,52.55294],[5.45442,52.51526],[5.44118,52.50849],[5.4035,52.49907],[5.35846,52.47346],[5.28369,52.45521],[5.24101,52.42931],[5.17861,52.40841],[5.15005,52.39133],[5.13298,52.38545],[5.14299,52.36985],[5.14593,52.35542],[5.15299,52.34394],[5.17389,52.33688],[5.21923,52.33835],[5.23601,52.33688],[5.30459,52.32098],[5.33668,52.31009],[5.39643,52.28066],[5.42322,52.27388],[5.48916,52.27565],[5.52478,52.28419],[5.54568,52.30244],[5.55186,52.32746],[5.54362,52.35807],[5.57158,52.3672],[5.58571,52.37014],[5.6022,52.37102],[5.61662,52.37544],[5.63781,52.39457],[5.64988,52.39899],[5.67579,52.40223],[5.72377,52.41636],[5.75291,52.41959],[5.78117,52.42578],[5.80737,52.44138],[5.82944,52.46139],[5.84534,52.48082],[5.85829,52.50643]]]]}},{"type":"Feature","properties":{"name":"Syvash","rank":2},"geometry":{"type":"MultiPolygon","coordinates":[[[[35.38772,45.30658],[35.40656,45.3001],[35.42452,45.29745],[35.441,45.29216],[35.45543,45.2792],[35.43364,45.26125],[35.4201,45.25418],[35.4045,45.25124],[35.38655,45.25654],[35.37124,45.26831],[35.35917,45.28009],[35.34975,45.28538],[35.23495,45.31453],[35.2164,45.32336],[35.20934,45.33072],[35.19344,45.3366],[35.17519,45.34014],[35.16165,45.34043],[35.14428,45.33631],[35.13339,45.33219],[35.1228,45.33248],[35.06481,45.36457],[35.05185,45.37487],[35.02418,45.41284],[35.01035,45.42256],[35.01035,45.42992],[35.02242,45.43404],[35.05597,45.43963],[35.06893,45.4467],[35.07481,45.45082],[35.08777,45.45788],[35.09218,45.46348],[35.09571,45.47437],[35.09365,45.4776],[35.08924,45.48055],[35.07216,45.54914],[35.06687,45.5615],[35.04302,45.57769],[35.03773,45.59035],[35.0339,45.60477],[35.02566,45.61154],[35.01418,45.61566],[35.00328,45.62184],[34.97679,45.66305],[34.9656,45.66894],[34.91497,45.66541],[34.90026,45.66894],[34.89201,45.67483],[34.88024,45.69014],[34.87229,45.69691],[34.86523,45.69985],[34.83903,45.70368],[34.84727,45.7131],[34.86493,45.72487],[34.87229,45.73164],[34.87229,45.73723],[34.8511,45.73488],[34.81401,45.71957],[34.79164,45.71722],[34.75543,45.72605],[34.73718,45.7284],[34.71599,45.72428],[34.73129,45.74194],[34.75337,45.76196],[34.76485,45.78374],[34.75013,45.80612],[34.72423,45.81318],[34.69862,45.80553],[34.67301,45.79316],[34.6471,45.78551],[34.6524,45.79817],[34.66565,45.81612],[34.6683,45.83025],[34.67183,45.84056],[34.68037,45.84821],[34.69273,45.85292],[34.70598,45.85439],[34.70892,45.85586],[34.74012,45.85998],[34.74719,45.85822],[34.75455,45.86705],[34.7569,45.87765],[34.75543,45.88942],[34.75013,45.90237],[34.72275,45.87971],[34.70715,45.87146],[34.66477,45.86558],[34.64769,45.85881],[34.54643,45.79257],[34.5061,45.77786],[34.46165,45.77197],[34.46165,45.77874],[34.49227,45.79257],[34.50316,45.79993],[34.50816,45.80788],[34.51317,45.81936],[34.52082,45.82966],[34.53377,45.83408],[34.54113,45.83938],[34.54614,45.86293],[34.55467,45.86823],[34.56792,45.8694],[34.58087,45.87264],[34.59147,45.87706],[34.60001,45.88177],[34.60766,45.88824],[34.62267,45.90384],[34.62679,45.90973],[34.63268,45.92504],[34.63209,45.9324],[34.62856,45.9377],[34.62679,45.94741],[34.61561,45.95271],[34.54408,45.97066],[34.54408,45.96448],[34.56439,45.94947],[34.57528,45.93917],[34.57881,45.92975],[34.5691,45.91827],[34.55261,45.91915],[34.53731,45.92298],[34.53054,45.91974],[34.527,45.91091],[34.51847,45.89914],[34.49992,45.87853],[34.48815,45.87559],[34.47725,45.8853],[34.46165,45.90973],[34.47519,45.92533],[34.48255,45.92975],[34.46548,45.93623],[34.44488,45.9324],[34.4278,45.91915],[34.42044,45.89884],[34.41779,45.87411],[34.41161,45.86469],[34.4069,45.87117],[34.4069,45.8956],[34.40072,45.8956],[34.39807,45.88883],[34.39395,45.885],[34.38806,45.88324],[34.37953,45.88177],[34.38306,45.8853],[34.386,45.88883],[34.38747,45.89413],[34.38659,45.90237],[34.35921,45.88177],[34.36216,45.89178],[34.37099,45.90797],[34.37276,45.91974],[34.37776,45.92474],[34.40013,45.9324],[34.4069,45.93652],[34.41073,45.95624],[34.39689,45.96684],[34.3757,45.97449],[34.35921,45.98479],[34.36687,45.98568],[34.38659,45.99157],[34.36304,46.01688],[34.3498,46.02601],[34.33125,46.02512],[34.32742,46.02012],[34.32301,46.00305],[34.3183,45.99804],[34.30829,45.99686],[34.29769,45.99922],[34.28798,46.00334],[34.28062,46.00864],[34.27679,46.02306],[34.27915,46.03984],[34.27709,46.04602],[34.2397,46.00746],[34.22675,46.00452],[34.21586,46.01835],[34.22852,46.02924],[34.21203,46.03631],[34.16729,46.04632],[34.16111,46.03866],[34.1564,46.04337],[34.15022,46.04779],[34.14227,46.05132],[34.13344,46.05309],[34.12961,46.05427],[34.12137,46.05897],[34.11607,46.05986],[34.11313,46.0578],[34.11195,46.05309],[34.11313,46.04838],[34.11607,46.04632],[34.12696,46.04278],[34.18466,46.00864],[34.19525,46.0004],[34.20085,45.98862],[34.20202,45.96743],[34.19614,45.95006],[34.18201,45.94564],[34.16582,45.94447],[34.15375,45.93652],[34.12814,45.95477],[34.11725,45.96831],[34.11283,45.98479],[34.12961,45.9792],[34.14462,45.97891],[34.15728,45.98332],[34.16729,45.99157],[34.16729,45.99804],[34.11224,46.03337],[34.07898,46.04543],[34.03748,46.08723],[34.01893,46.09636],[33.99891,46.10077],[33.95182,46.10166],[33.93975,46.09871],[33.94328,46.09224],[33.96182,46.08046],[33.9736,46.07752],[33.98361,46.0784],[33.99126,46.07693],[33.99597,46.06692],[33.97654,46.06074],[33.97595,46.0522],[33.98419,46.04131],[33.9892,46.02895],[33.98155,46.01747],[33.96536,46.02012],[33.94976,46.02807],[33.94475,46.03278],[33.9371,46.0369],[33.93268,46.04632],[33.9265,46.05574],[33.91355,46.05986],[33.90383,46.05574],[33.89471,46.04661],[33.88293,46.03925],[33.86557,46.03866],[33.87322,46.04632],[33.86763,46.0525],[33.86615,46.05515],[33.86557,46.05986],[33.88558,46.06516],[33.87646,46.08164],[33.83848,46.1152],[33.84879,46.12226],[33.85232,46.13256],[33.85203,46.15935],[33.84584,46.16495],[33.80434,46.17672],[33.80434,46.14346],[33.79963,46.12786],[33.78697,46.12138],[33.74193,46.13963],[33.73222,46.14552],[33.68777,46.20292],[33.67982,46.21028],[33.66775,46.21764],[33.66775,46.22382],[33.69513,46.22382],[33.71397,46.21911],[33.7278,46.22558],[33.74076,46.23648],[33.75577,46.2456],[33.77137,46.24737],[33.79227,46.24472],[33.81023,46.23824],[33.81788,46.22765],[33.82288,46.22411],[33.83407,46.22323],[33.85556,46.22382],[33.86557,46.22529],[33.88117,46.23118],[33.89383,46.23118],[33.95211,46.21381],[33.97213,46.21087],[33.98184,46.20115],[34.00686,46.15906],[34.0204,46.14934],[34.026,46.14728],[34.02835,46.14257],[34.03041,46.13786],[34.03394,46.1358],[34.03954,46.13669],[34.04248,46.13875],[34.04454,46.14081],[34.05484,46.14405],[34.06044,46.14817],[34.06721,46.15082],[34.0778,46.14934],[34.0778,46.1467],[34.07986,46.13992],[34.08251,46.13286],[34.08546,46.12815],[34.08958,46.12727],[34.10106,46.12844],[34.10606,46.12815],[34.12637,46.12403],[34.13815,46.12432],[34.13668,46.13198],[34.13197,46.14169],[34.12343,46.16524],[34.11607,46.16995],[34.10489,46.17142],[34.09488,46.17525],[34.0778,46.18349],[34.0778,46.19026],[34.10489,46.18585],[34.11548,46.18908],[34.1196,46.20086],[34.12431,46.20969],[34.1352,46.20792],[34.14668,46.19998],[34.15375,46.19026],[34.15346,46.1832],[34.14757,46.1623],[34.15463,46.15052],[34.15905,46.14699],[34.16111,46.15288],[34.20202,46.18349],[34.167,46.20674],[34.15316,46.21999],[34.14757,46.23471],[34.14816,46.26002],[34.15257,46.27622],[34.16287,46.28269],[34.18171,46.27916],[34.21321,46.26061],[34.23735,46.23441],[34.28975,46.16141],[34.29328,46.15435],[34.2971,46.14198],[34.29652,46.11755],[34.29858,46.10637],[34.308,46.10166],[34.3183,46.11255],[34.32654,46.13728],[34.33125,46.16289],[34.33125,46.17672],[34.32242,46.18172],[34.29858,46.18408],[34.29092,46.19026],[34.2921,46.19733],[34.29946,46.20351],[34.3077,46.20881],[34.31123,46.2144],[34.32036,46.21263],[34.37953,46.19026],[34.4487,46.15229],[34.48461,46.14552],[34.51729,46.1623],[34.52288,46.1779],[34.5273,46.18643],[34.53377,46.19026],[34.54437,46.18732],[34.55732,46.17937],[34.56821,46.16936],[34.57263,46.15935],[34.57263,46.13198],[34.57057,46.12079],[34.56056,46.10784],[34.5585,46.09813],[34.55232,46.08517],[34.53907,46.09813],[34.527,46.11844],[34.52406,46.12815],[34.51228,46.12167],[34.5011,46.10431],[34.49286,46.09459],[34.48962,46.11167],[34.49197,46.11696],[34.49551,46.12256],[34.49433,46.12697],[34.48255,46.12815],[34.4487,46.10784],[34.43958,46.09077],[34.43987,46.07281],[34.44958,46.05721],[34.46901,46.04632],[34.46136,46.03425],[34.45253,46.0366],[34.44134,46.04396],[34.42751,46.04632],[34.41691,46.03896],[34.40572,46.02483],[34.40131,46.01129],[34.41073,46.0054],[34.43811,46.00569],[34.46165,46.00305],[34.47254,45.99304],[34.46165,45.97066],[34.48285,45.96684],[34.51434,45.9948],[34.55526,45.98244],[34.57557,45.99686],[34.62944,46.07134],[34.63327,46.084],[34.62944,46.10225],[34.62149,46.12138],[34.61649,46.1414],[34.62032,46.1623],[34.65211,46.18437],[34.69773,46.18055],[34.74218,46.1623],[34.77074,46.14198],[34.77868,46.12962],[34.78722,46.11137],[34.7881,46.09459],[34.77427,46.08723],[34.76603,46.09047],[34.75278,46.1046],[34.74689,46.10784],[34.72187,46.10961],[34.68302,46.10195],[34.67036,46.09636],[34.66094,46.08723],[34.68007,46.07958],[34.69803,46.06604],[34.71098,46.05014],[34.71599,46.03572],[34.74601,46.01541],[34.75366,46.01158],[34.76308,46.01629],[34.76603,46.0263],[34.77074,46.03601],[34.78457,46.03866],[34.79517,46.02924],[34.804,46.00834],[34.81018,45.98479],[34.81224,45.96743],[34.81254,45.94535],[34.81548,45.93564],[34.82225,45.92651],[34.82608,45.92386],[34.83844,45.91709],[34.84256,45.91591],[34.84786,45.91297],[34.84609,45.90708],[34.84138,45.90237],[34.83903,45.90237],[34.83667,45.90178],[34.82725,45.8959],[34.82549,45.8956],[34.82549,45.88972],[34.82784,45.88412],[34.83079,45.88118],[34.83285,45.88177],[34.81312,45.8279],[34.81136,45.81789],[34.81577,45.81347],[34.82725,45.81465],[34.83726,45.8173],[34.8458,45.82142],[34.85257,45.82672],[34.85905,45.83526],[34.86169,45.8435],[34.86464,45.84998],[34.87229,45.85439],[34.88377,45.85321],[34.89466,45.84644],[34.90438,45.83761],[34.91085,45.83025],[34.92027,45.81406],[34.93293,45.77638],[34.94206,45.75902],[34.97709,45.71781],[34.97915,45.70986],[34.98121,45.70603],[34.99651,45.6869],[34.99975,45.67483],[35.0074,45.66953],[35.01624,45.66688],[35.02389,45.66276],[35.03243,45.65187],[35.05185,45.62184],[35.07835,45.59712],[35.08453,45.58711],[35.12692,45.55296],[35.33827,45.34014],[35.34533,45.33543],[35.35681,45.33396],[35.36682,45.33042],[35.3733,45.32277],[35.37919,45.31394],[35.38772,45.30658]]]]}},{"type":"Feature","properties":{"name":"Vistula Lagoon","rank":3},"geometry":{"type":"MultiPolygon","coordinates":[[[[19.7932,54.54343],[19.89387,54.61761],[19.89946,54.62291],[19.90711,54.62821],[19.92066,54.63292],[19.9339,54.6338],[19.94568,54.63292],[19.95539,54.63557],[19.96157,54.64646],[19.94774,54.65323],[19.9445,54.66913],[19.94833,54.68738],[19.9548,54.70121],[19.96628,54.71181],[19.98188,54.71799],[20.00013,54.72093],[20.02015,54.72182],[20.03987,54.71652],[20.04458,54.70327],[20.04576,54.68649],[20.054,54.6706],[20.07284,54.65735],[20.08579,54.65647],[20.11258,54.67383],[20.11258,54.67383],[20.11258,54.67383],[20.11258,54.67383],[20.17675,54.69562],[20.40665,54.68767],[20.40665,54.68002],[20.33365,54.66029],[20.31805,54.65235],[20.29361,54.63586],[20.28037,54.62909],[20.25299,54.6235],[20.1217,54.5814],[20.10228,54.57758],[20.09227,54.57463],[20.07902,54.5605],[20.06813,54.55727],[20.05547,54.55815],[20.0487,54.5605],[20.04223,54.56492],[20.03045,54.57081],[19.99101,54.57257],[19.96658,54.54696],[19.94303,54.51252],[19.90652,54.48839],[19.84,54.47072],[19.7932,54.54343]]]]}},{"type":"Feature","properties":{"name":"Vistula Lagoon","rank":3},"geometry":{"type":"MultiPolygon","coordinates":[[[[19.84,54.47072],[19.82116,54.46837],[19.81527,54.46425],[19.80997,54.45483],[19.8035,54.44541],[19.79349,54.44099],[19.76435,54.43628],[19.75405,54.43304],[19.74315,54.43363],[19.74492,54.42922],[19.74757,54.41833],[19.74933,54.41391],[19.73373,54.41185],[19.72579,54.40214],[19.72049,54.39095],[19.71166,54.38595],[19.69753,54.38477],[19.68399,54.38153],[19.61923,54.35357],[19.57978,54.35033],[19.5633,54.3465],[19.48559,54.31765],[19.47293,54.31559],[19.45998,54.31088],[19.43466,54.29705],[19.40934,54.27291],[19.40316,54.26908],[19.3961,54.2632],[19.37844,54.23582],[19.36519,54.22817],[19.36578,54.24289],[19.3699,54.25496],[19.37696,54.26408],[19.38638,54.26908],[19.38638,54.27674],[19.36284,54.27497],[19.27394,54.28174],[19.24892,54.29028],[19.2495,54.29852],[19.25186,54.30441],[19.25627,54.30824],[19.26275,54.3103],[19.25245,54.31383],[19.22919,54.33178],[19.22919,54.33796],[19.2704,54.34709],[19.35724,54.35151],[19.39934,54.35857],[19.44231,54.37182],[19.74109,54.50487],[19.7932,54.54343],[19.84,54.47072]]]]}},{"type":"Feature","properties":{"name":"Milh","rank":3},"geometry":{"type":"MultiPolygon","coordinates":[[[[43.82626,32.72457],[43.89809,32.70397],[43.89956,32.69455],[43.8919,32.66246],[43.8919,32.61831],[43.88631,32.60182],[43.87336,32.58799],[43.83421,32.5615],[43.81242,32.55266],[43.80212,32.54619],[43.7927,32.53618],[43.77887,32.51528],[43.76886,32.50527],[43.76385,32.5144],[43.75738,32.51734],[43.74972,32.51587],[43.74089,32.51175],[43.74884,32.52617],[43.74502,32.53589],[43.73766,32.5459],[43.73471,32.56061],[43.72735,32.56061],[43.72559,32.55561],[43.72088,32.54619],[43.71352,32.54619],[43.71205,32.55178],[43.70822,32.5615],[43.70675,32.56679],[43.70263,32.56415],[43.69998,32.56061],[43.6938,32.56061],[43.68232,32.5665],[43.67908,32.5562],[43.67702,32.54089],[43.66907,32.53324],[43.65641,32.53824],[43.6517,32.55031],[43.652,32.58063],[43.66083,32.57798],[43.66642,32.57769],[43.67937,32.58063],[43.66377,32.58799],[43.64758,32.58475],[43.62992,32.57769],[43.61108,32.57415],[43.61903,32.58563],[43.62374,32.59034],[43.6311,32.59476],[43.61844,32.59711],[43.59666,32.60594],[43.5837,32.60771],[43.5737,32.59093],[43.53778,32.59564],[43.49893,32.61242],[43.48068,32.63185],[43.44506,32.67924],[43.42916,32.71044],[43.43917,32.73134],[43.43005,32.73694],[43.42563,32.73812],[43.42563,32.74488],[43.43476,32.75283],[43.43093,32.76902],[43.4115,32.807],[43.41503,32.80523],[43.41827,32.80435],[43.42151,32.80288],[43.42563,32.79964],[43.43387,32.81347],[43.44359,32.82554],[43.44947,32.83673],[43.44653,32.84791],[43.43211,32.84232],[43.42563,32.85086],[43.41945,32.86292],[43.40503,32.86852],[43.40503,32.87588],[43.41444,32.87853],[43.42916,32.88706],[43.43917,32.88883],[43.45124,32.88176],[43.46154,32.87735],[43.47273,32.87588],[43.47273,32.88206],[43.45566,32.88383],[43.45536,32.88912],[43.46213,32.89707],[43.46655,32.9062],[43.46979,32.90973],[43.48362,32.90914],[43.48686,32.91297],[43.48715,32.92239],[43.48833,32.92945],[43.49068,32.93622],[43.49451,32.94417],[43.48303,32.95182],[43.45772,32.97684],[43.45301,32.98509],[43.45772,32.99745],[43.4795,33.01658],[43.48686,33.026],[43.50452,33.01805],[43.51777,33.02188],[43.52601,33.03307],[43.52925,33.04661],[43.5213,33.08664],[43.52159,33.1046],[43.53484,33.1149],[43.53337,33.09253],[43.53513,33.07369],[43.5419,33.05662],[43.55544,33.03984],[43.57105,33.03012],[43.6099,33.01982],[43.62462,33.01246],[43.61608,32.99009],[43.62403,32.97272],[43.63757,32.95889],[43.64464,32.94741],[43.64817,32.93357],[43.66613,32.89001],[43.73206,32.7755],[43.75444,32.75224],[43.76327,32.7493],[43.79565,32.74488],[43.81949,32.72752],[43.82626,32.72457]]]]}},{"type":"Feature","properties":{"name":"Dead Sea","rank":3},"geometry":{"type":"MultiPolygon","coordinates":[[[[35.55904,31.76553],[35.58642,31.75288],[35.58819,31.73051],[35.57847,31.70136],[35.55463,31.53829],[35.56846,31.49678],[35.572,31.46823],[35.54462,31.35401],[35.54521,31.34577],[35.54756,31.33871],[35.54756,31.33194],[35.5402,31.3234],[35.52372,31.31015],[35.51283,31.30486],[35.5037,31.30633],[35.50135,31.3181],[35.51253,31.35431],[35.51047,31.36755],[35.49134,31.36697],[35.44218,31.32222],[35.41481,31.32664],[35.40597,31.34489],[35.40185,31.39522],[35.39361,31.43585],[35.40067,31.47235],[35.39273,31.51415],[35.39832,31.5324],[35.40803,31.54859],[35.41481,31.56625],[35.41422,31.57773],[35.40774,31.60216],[35.40803,31.61482],[35.41274,31.62424],[35.43541,31.65574],[35.45454,31.69518],[35.47662,31.73051],[35.50694,31.75582],[35.55139,31.76553],[35.55904,31.76553]]]]}},{"type":"Feature","properties":{"name":"Urmia","rank":4},"geometry":{"type":"MultiPolygon","coordinates":[[[[45.90212,37.40084],[45.91036,37.38877],[45.9133,37.37405],[45.90889,37.36287],[45.89888,37.3667],[45.88651,37.37435],[45.87562,37.37405],[45.86297,37.36611],[45.83471,37.3561],[45.82382,37.34992],[45.82205,37.3458],[45.81763,37.32637],[45.8141,37.32313],[45.74846,37.28486],[45.73521,37.28221],[45.71755,37.28545],[45.70254,37.29428],[45.69518,37.30723],[45.70048,37.32313],[45.69017,37.32107],[45.6678,37.31401],[45.65956,37.30959],[45.6366,37.27927],[45.62865,37.27485],[45.62365,37.26396],[45.61835,37.19273],[45.61128,37.17242],[45.6001,37.14975],[45.58509,37.1315],[45.56683,37.12385],[45.55477,37.12708],[45.54505,37.13415],[45.53769,37.14121],[45.53239,37.14445],[45.51208,37.14445],[45.50384,37.14269],[45.50296,37.13856],[45.50413,37.13385],[45.50178,37.13003],[45.47764,37.1209],[45.46292,37.1212],[45.45144,37.13062],[45.40494,37.18095],[45.39964,37.19125],[45.39581,37.19626],[45.39022,37.1992],[45.37756,37.19803],[45.37197,37.1995],[45.35636,37.21068],[45.34488,37.22776],[45.34135,37.23747],[45.34135,37.24601],[45.33841,37.25189],[45.32752,37.25425],[45.31692,37.26514],[45.30309,37.33608],[45.29955,37.34344],[45.28248,37.36346],[45.29514,37.36729],[45.30721,37.37199],[45.31751,37.37965],[45.32428,37.39083],[45.31663,37.40644],[45.3075,37.43734],[45.29543,37.45766],[45.29249,37.47473],[45.28631,37.48356],[45.26482,37.50004],[45.26217,37.50446],[45.26511,37.51888],[45.27895,37.54508],[45.28248,37.55597],[45.28218,37.57363],[45.276,37.58423],[45.24863,37.60425],[45.26276,37.61485],[45.25628,37.63339],[45.24245,37.65311],[45.23479,37.66901],[45.23921,37.68019],[45.24863,37.68638],[45.25805,37.6905],[45.26217,37.69579],[45.25422,37.75614],[45.25304,37.76026],[45.24863,37.76821],[45.2242,37.79411],[45.22066,37.80589],[45.18328,37.82296],[45.18151,37.82443],[45.17445,37.8315],[45.16886,37.83856],[45.15944,37.8365],[45.1456,37.82973],[45.07849,37.85416],[45.05994,37.85769],[45.06288,37.86859],[45.04934,37.93276],[45.04787,37.95395],[45.0514,37.97161],[45.05994,37.9878],[45.07348,38.00429],[45.09144,38.01518],[45.13853,38.02313],[45.15914,38.02902],[45.18122,38.03843],[45.18975,38.04638],[45.19329,38.05933],[45.19388,38.0926],[45.19682,38.0979],[45.20094,38.10261],[45.19947,38.1135],[45.19329,38.13116],[45.18681,38.1394],[45.17886,38.145],[45.17298,38.15235],[45.17268,38.16589],[45.16591,38.16589],[45.15443,38.14117],[45.14001,38.12998],[45.12499,38.13499],[45.11145,38.15912],[45.09438,38.14706],[45.07348,38.13499],[45.05052,38.12645],[45.02874,38.12439],[45.00372,38.13793],[44.99753,38.15942],[45.00372,38.17561],[45.0152,38.17237],[45.02403,38.18297],[45.02727,38.19415],[45.03315,38.20328],[45.04934,38.20711],[45.04728,38.25038],[45.09409,38.26804],[45.30838,38.27245],[45.36166,38.26598],[45.4173,38.22506],[45.46528,38.1762],[45.48471,38.16589],[45.49354,38.15648],[45.49766,38.13499],[45.49884,38.11379],[45.49795,38.10408],[45.50266,38.09554],[45.49501,38.07611],[45.47382,38.04256],[45.48618,38.03343],[45.47676,38.00341],[45.48795,37.9878],[45.4538,37.97368],[45.4588,37.96896],[45.46322,37.96308],[45.46763,37.96013],[45.46028,37.95366],[45.43879,37.94041],[45.43408,37.936],[45.43084,37.93129],[45.40964,37.90921],[45.40611,37.90097],[45.40464,37.88802],[45.40611,37.86447],[45.412,37.84769],[45.41377,37.81737],[45.41288,37.8159],[45.42171,37.79823],[45.43614,37.77822],[45.4535,37.76144],[45.47911,37.75055],[45.485,37.74142],[45.48971,37.732],[45.49413,37.72729],[45.50708,37.72906],[45.51797,37.73759],[45.52386,37.74937],[45.52209,37.76144],[45.54947,37.76615],[45.64543,37.76733],[45.66633,37.75791],[45.71107,37.72464],[45.74198,37.71169],[45.75552,37.72729],[45.75611,37.71169],[45.76053,37.69962],[45.77613,37.67872],[45.78172,37.67489],[45.78731,37.67342],[45.79261,37.67136],[45.79673,37.66518],[45.79732,37.65723],[45.79467,37.65252],[45.79143,37.6484],[45.78967,37.64134],[45.77289,37.63427],[45.6628,37.64458],[45.65985,37.64046],[45.66662,37.63103],[45.67811,37.62161],[45.70519,37.61337],[45.70901,37.60278],[45.70931,37.58953],[45.71402,37.57628],[45.72579,37.56392],[45.76582,37.53154],[45.77377,37.5283],[45.78408,37.52801],[45.79291,37.52595],[45.79673,37.51829],[45.79762,37.51152],[45.80027,37.50652],[45.80468,37.50299],[45.81027,37.50063],[45.81145,37.47973],[45.83147,37.45],[45.85708,37.42351],[45.87562,37.41203],[45.89034,37.40908],[45.90212,37.40084]],[[45.5427,37.34374],[45.55771,37.3405],[45.55653,37.35198],[45.5427,37.37729],[45.53652,37.38583],[45.52974,37.39702],[45.52974,37.40702],[45.5427,37.41203],[45.54122,37.41792],[45.53828,37.42292],[45.53416,37.42763],[45.52916,37.43175],[45.51061,37.4394],[45.49678,37.43646],[45.49413,37.42616],[45.50855,37.41203],[45.48824,37.40702],[45.48382,37.40025],[45.49001,37.3926],[45.50178,37.38465],[45.50885,37.38171],[45.52592,37.37788],[45.53239,37.37405],[45.53652,37.36729],[45.5427,37.34374]],[[45.6525,37.48709],[45.66633,37.48032],[45.66398,37.50181],[45.64749,37.50799],[45.60422,37.50799],[45.59951,37.51329],[45.59509,37.52242],[45.58921,37.5283],[45.58067,37.52477],[45.5686,37.51241],[45.56683,37.50681],[45.57007,37.50063],[45.57007,37.49445],[45.56683,37.49268],[45.56566,37.49268],[45.56507,37.4918],[45.56389,37.48709],[45.57302,37.48739],[45.58067,37.48503],[45.60422,37.47208],[45.60893,37.46737],[45.61158,37.45972],[45.61835,37.45972],[45.62453,37.46855],[45.64249,37.47914],[45.6525,37.48709]]]]}},{"type":"Feature","properties":{"name":"Sarygamysh","rank":4},"geometry":{"type":"MultiPolygon","coordinates":[[[[57.86537,41.8272],[57.88362,41.81689],[57.88627,41.80747],[57.87862,41.79776],[57.86537,41.78863],[57.85477,41.77568],[57.85065,41.75596],[57.85654,41.68973],[57.85389,41.68266],[57.848,41.6809],[57.83888,41.67972],[57.80149,41.66824],[57.73173,41.66353],[57.70847,41.65882],[57.68787,41.64822],[57.67521,41.63527],[57.66432,41.61584],[57.65254,41.6076],[57.63576,41.60024],[57.6184,41.59524],[57.59926,41.59524],[57.55864,41.60819],[57.54628,41.60377],[57.53332,41.59347],[57.5139,41.5814],[57.49447,41.57551],[57.48211,41.57875],[57.47092,41.58729],[57.45444,41.5973],[57.4356,41.59936],[57.42029,41.58994],[57.38761,41.5552],[57.36907,41.54255],[57.35229,41.54048],[57.33581,41.54637],[57.24161,41.6129],[57.23602,41.62232],[57.23131,41.63939],[57.22866,41.65705],[57.23072,41.66824],[57.23396,41.67854],[57.23661,41.69208],[57.23219,41.7068],[57.21983,41.71799],[57.16243,41.75007],[57.15271,41.76067],[57.13711,41.79658],[57.1271,41.80011],[57.11798,41.79423],[57.1118,41.78334],[57.10738,41.77244],[57.07942,41.72064],[57.07971,41.7171],[57.08118,41.71033],[57.0803,41.68855],[57.07471,41.66736],[57.06735,41.6653],[57.05852,41.67413],[57.04556,41.69385],[57.0335,41.73947],[57.03585,41.75184],[57.05204,41.7798],[57.05822,41.79688],[57.06823,41.93228],[57.07206,41.947],[57.19716,42.24048],[57.22925,42.28846],[57.23837,42.29641],[57.26457,42.31378],[57.30725,42.33144],[57.36465,42.34528],[57.38997,42.34734],[57.40704,42.3441],[57.41911,42.33615],[57.44089,42.3126],[57.45326,42.30436],[57.46503,42.29877],[57.47534,42.29612],[57.51772,42.29259],[57.57041,42.2708],[57.59455,42.25638],[57.61398,42.23989],[57.62811,42.21958],[57.63694,42.19456],[57.64577,42.13981],[57.64518,42.12215],[57.6393,42.11744],[57.61575,42.11891],[57.60456,42.11391],[57.59867,42.10566],[57.59602,42.09477],[57.59485,42.08182],[57.59779,42.06975],[57.60751,42.06004],[57.62193,42.05268],[57.6652,42.04179],[57.7229,42.01323],[57.72672,42.00882],[57.72819,41.9994],[57.7279,41.98939],[57.72378,41.9835],[57.69846,41.97291],[57.68404,41.96496],[57.67845,41.95466],[57.6755,41.92051],[57.68021,41.90314],[57.69523,41.89608],[57.74674,41.89431],[57.76234,41.8896],[57.77824,41.88254],[57.84123,41.83838],[57.86537,41.8272]]]]}},{"type":"Feature","properties":{"name":"Tuz","rank":4},"geometry":{"type":"MultiPolygon","coordinates":[[[[33.43079,38.96038],[33.42049,38.9545],[33.42049,38.94037],[33.42638,38.92477],[33.43432,38.91329],[33.41696,38.87737],[33.41372,38.86766],[33.41754,38.85971],[33.42608,38.85059],[33.54677,38.75286],[33.55531,38.7611],[33.55266,38.77935],[33.54736,38.78936],[33.54736,38.80378],[33.5715,38.8918],[33.57827,38.8918],[33.58415,38.84647],[33.62949,38.78641],[33.64038,38.75168],[33.64391,38.73137],[33.65274,38.71341],[33.6863,38.65954],[33.69866,38.64689],[33.71603,38.64041],[33.74282,38.63835],[33.74282,38.63099],[33.71102,38.62157],[33.62949,38.61509],[33.59887,38.59743],[33.59004,38.55063],[33.58445,38.54474],[33.56826,38.53179],[33.55855,38.51619],[33.55001,38.49705],[33.54147,38.4844],[33.53058,38.48763],[33.51704,38.49823],[33.50821,38.51413],[33.49791,38.52885],[33.47907,38.53532],[33.46258,38.53885],[33.42078,38.56329],[33.35484,38.58271],[33.29656,38.63835],[33.26477,38.65778],[33.18735,38.6881],[33.1532,38.70723],[33.13849,38.73814],[33.14673,38.77935],[33.20207,38.90475],[33.21944,38.92035],[33.24564,38.92653],[33.29892,38.92947],[33.32247,38.93831],[33.33247,38.95744],[33.33453,38.98393],[33.33247,38.99541],[33.32629,39.00954],[33.30922,39.03603],[33.30392,39.04928],[33.3051,39.06106],[33.31746,39.07931],[33.31775,39.09079],[33.30981,39.10286],[33.2892,39.11787],[33.28302,39.1317],[33.32482,39.15084],[33.33807,39.15231],[33.34513,39.14701],[33.36603,39.11816],[33.44227,39.04487],[33.46847,38.99276],[33.47259,38.98099],[33.45993,38.97775],[33.44433,38.96362],[33.43079,38.96038]]]]}},{"type":"Feature","properties":{"name":"Van","rank":4},"geometry":{"type":"MultiPolygon","coordinates":[[[[43.13127,38.3169],[43.10419,38.31425],[43.01911,38.31661],[43.00086,38.32691],[42.99439,38.33545],[42.97908,38.33663],[42.96054,38.33545],[42.94552,38.33663],[42.93522,38.34399],[42.93699,38.35164],[42.94523,38.36076],[42.95318,38.37165],[42.95318,38.37754],[42.94317,38.3852],[42.9361,38.39285],[42.92845,38.39638],[42.91844,38.39197],[42.91432,38.39844],[42.91138,38.40168],[42.90696,38.40374],[42.89784,38.4058],[42.9049,38.43288],[42.91167,38.43288],[42.91461,38.42876],[42.9208,38.42346],[42.92521,38.41875],[42.92433,38.42788],[42.92698,38.43053],[42.93228,38.43112],[42.93905,38.43288],[42.92845,38.4476],[42.92521,38.45349],[42.91079,38.44672],[42.89784,38.4476],[42.88488,38.45113],[42.87017,38.45349],[42.87752,38.46085],[42.87105,38.46762],[42.87223,38.47174],[42.87929,38.47351],[42.89106,38.47409],[42.88459,38.47674],[42.879,38.48086],[42.87399,38.48675],[42.87017,38.49441],[42.87988,38.50059],[42.87635,38.50588],[42.8684,38.50471],[42.85662,38.4738],[42.83926,38.46968],[42.81895,38.47409],[42.80187,38.48145],[42.79805,38.45643],[42.79128,38.44672],[42.77391,38.44024],[42.76449,38.44407],[42.69178,38.43877],[42.68707,38.4423],[42.66323,38.47233],[42.65175,38.4788],[42.59876,38.48557],[42.58375,38.49352],[42.5758,38.50795],[42.56726,38.50265],[42.55019,38.49764],[42.54165,38.49441],[42.53665,38.48969],[42.53312,38.4841],[42.5287,38.47821],[42.52076,38.47409],[42.50133,38.47115],[42.48631,38.47527],[42.47483,38.4841],[42.466,38.49441],[42.46865,38.49499],[42.47012,38.50118],[42.46983,38.50883],[42.466,38.51501],[42.45717,38.51678],[42.44864,38.51413],[42.43863,38.50795],[42.40978,38.49617],[42.39565,38.49588],[42.38417,38.50795],[42.36975,38.49764],[42.34973,38.49087],[42.32795,38.48734],[42.30822,38.48763],[42.29969,38.50765],[42.3097,38.51795],[42.34973,38.52855],[42.3618,38.53797],[42.37946,38.56652],[42.39094,38.57712],[42.40948,38.57889],[42.42008,38.58124],[42.42509,38.58684],[42.42126,38.59155],[42.41361,38.59861],[42.40801,38.60744],[42.41066,38.61804],[42.42391,38.62275],[42.49397,38.62481],[42.48867,38.6304],[42.48219,38.63393],[42.47601,38.63629],[42.47277,38.63835],[42.466,38.65895],[42.45717,38.67014],[42.44422,38.69222],[42.43539,38.7037],[42.43833,38.72077],[42.46777,38.73667],[42.60082,38.77847],[42.62054,38.7817],[42.64763,38.78288],[42.70915,38.79319],[42.73329,38.80349],[42.74741,38.79966],[42.80187,38.7926],[42.80982,38.78553],[42.82837,38.78465],[42.89813,38.79583],[42.91638,38.79672],[42.92874,38.7926],[42.9417,38.78524],[42.95641,38.78435],[43.09241,38.80408],[43.12391,38.81644],[43.16217,38.84117],[43.17571,38.8444],[43.18366,38.85059],[43.19514,38.88061],[43.20692,38.8918],[43.19397,38.89768],[43.17778,38.90033],[43.1451,38.89916],[43.1454,38.90063],[43.14451,38.90357],[43.14216,38.90593],[43.13745,38.90593],[43.13333,38.90269],[43.13127,38.89356],[43.12391,38.88974],[43.11007,38.87796],[43.14392,38.88032],[43.14775,38.8653],[43.1295,38.85176],[43.09712,38.85824],[43.08829,38.86678],[43.07916,38.87973],[43.0721,38.89297],[43.06916,38.90269],[43.06592,38.92565],[43.0721,38.93095],[43.11066,38.93389],[43.12096,38.93742],[43.13068,38.94213],[43.1451,38.94684],[43.16188,38.94802],[43.20338,38.94007],[43.21957,38.94272],[43.23164,38.9489],[43.24224,38.95567],[43.25431,38.96038],[43.27109,38.96244],[43.28757,38.96097],[43.31554,38.9542],[43.31348,38.96097],[43.31083,38.97451],[43.30877,38.98099],[43.31554,38.98099],[43.31966,38.97275],[43.32731,38.96833],[43.33761,38.96657],[43.35057,38.96745],[43.35116,38.97775],[43.35351,38.98482],[43.35999,38.98776],[43.37353,38.98717],[43.37706,38.98776],[43.38383,38.99129],[43.38825,38.99571],[43.39296,38.99983],[43.40149,39.00159],[43.40473,39.00042],[43.40767,38.99836],[43.41209,38.996],[43.47773,38.99306],[43.5422,38.98099],[43.57899,38.98246],[43.59018,38.98099],[43.59666,38.97746],[43.61314,38.96509],[43.62462,38.96038],[43.63227,38.96392],[43.6414,38.95979],[43.65906,38.94684],[43.65494,38.94566],[43.65141,38.94508],[43.64817,38.9439],[43.64464,38.94007],[43.65906,38.93271],[43.64052,38.93095],[43.59695,38.91976],[43.5475,38.91799],[43.53484,38.91329],[43.53131,38.90828],[43.5213,38.88532],[43.50128,38.87119],[43.4845,38.86825],[43.46979,38.86884],[43.45713,38.86707],[43.44653,38.85824],[43.42887,38.85883],[43.41268,38.85029],[43.39943,38.83705],[43.39001,38.82262],[43.38442,38.82262],[43.3697,38.84087],[43.33909,38.84588],[43.30877,38.83557],[43.29523,38.80673],[43.2967,38.7873],[43.29199,38.77905],[43.27786,38.77552],[43.26138,38.77405],[43.2446,38.76993],[43.22988,38.76345],[43.21957,38.75492],[43.21634,38.7505],[43.21428,38.74579],[43.21369,38.73991],[43.2131,38.73107],[43.21104,38.72077],[43.20545,38.71577],[43.19897,38.71223],[43.19279,38.70723],[43.1763,38.68574],[43.16865,38.67161],[43.16541,38.65572],[43.15599,38.63747],[43.13303,38.62481],[43.08299,38.61186],[43.08299,38.6042],[43.08976,38.6042],[43.10065,38.61333],[43.12391,38.61951],[43.17571,38.62481],[43.19073,38.62069],[43.20015,38.61127],[43.21663,38.58684],[43.22693,38.58065],[43.24254,38.57506],[43.25873,38.57094],[43.27109,38.56947],[43.31613,38.54239],[43.32525,38.48646],[43.30641,38.43965],[43.26726,38.44024],[43.22664,38.41817],[43.21957,38.41551],[43.2131,38.40816],[43.18425,38.38902],[43.17571,38.3852],[43.16247,38.38284],[43.15334,38.37607],[43.14746,38.36547],[43.1451,38.35105],[43.14805,38.33515],[43.15305,38.32662],[43.15069,38.3222],[43.13127,38.3169]]]]}},{"type":"Feature","properties":{"name":"Abaya","rank":5},"geometry":{"type":"MultiPolygon","coordinates":[[[[37.99991,6.61654],[38.0058,6.61801],[38.0111,6.62213],[38.02434,6.58504],[38.05555,6.5612],[38.07438,6.55472],[38.09175,6.55943],[38.1103,6.58681],[38.13885,6.59446],[38.15004,6.5503],[38.1362,6.51115],[38.10853,6.48702],[38.12237,6.44993],[38.10677,6.4511],[38.0944,6.44993],[38.09146,6.4302],[38.08322,6.40018],[38.03612,6.37045],[38.00727,6.31511],[38.0055,6.28538],[38.00285,6.25565],[37.97254,6.23092],[37.93868,6.2165],[37.92544,6.19589],[37.91425,6.17528],[37.88452,6.14497],[37.86274,6.10994],[37.85921,6.07844],[37.85008,6.04988],[37.83654,6.05901],[37.8333,6.08904],[37.82005,6.07108],[37.81387,6.04429],[37.78532,6.03428],[37.75,6.02222],[37.73999,6.00897],[37.72792,5.99984],[37.71673,6.00544],[37.70555,6.01103],[37.68523,6.01015],[37.68082,6.02663],[37.69318,6.05872],[37.69436,6.09404],[37.70731,6.117],[37.73204,6.13054],[37.74411,6.13731],[37.75559,6.14438],[37.75765,6.15762],[37.76736,6.16763],[37.80416,6.17793],[37.82771,6.20001],[37.82771,6.19442],[37.82771,6.18882],[37.84978,6.18353],[37.84449,6.14438],[37.87569,6.19854],[37.87775,6.26124],[37.89659,6.27566],[37.88334,6.30569],[37.88658,6.34572],[37.87333,6.38193],[37.8542,6.44728],[37.87216,6.51115],[37.9066,6.51557],[37.93603,6.55266],[37.94987,6.57327],[37.964,6.59328],[37.98078,6.60594],[37.99991,6.61654]]]]}},{"type":"Feature","properties":{"name":"Dead Sea","rank":5},"geometry":{"type":"MultiPolygon","coordinates":[[[[35.51106,31.19947],[35.52637,31.18888],[35.53108,31.16974],[35.52755,31.16356],[35.50724,31.14472],[35.5037,31.13913],[35.50576,31.1353],[35.50959,31.13177],[35.51224,31.12264],[35.51666,31.11646],[35.51783,31.11028],[35.51047,31.10381],[35.48545,31.0885],[35.47633,31.08644],[35.45925,31.08732],[35.41598,31.0938],[35.40067,31.10086],[35.39302,31.11264],[35.38831,31.14178],[35.36359,31.17563],[35.35858,31.21036],[35.36977,31.23539],[35.40067,31.23038],[35.40509,31.23597],[35.42128,31.25158],[35.46131,31.2192],[35.47574,31.21066],[35.51106,31.19947]]]]}},{"type":"Feature","properties":{"name":"Hammar","rank":5},"geometry":{"type":"MultiPolygon","coordinates":[[[[46.70544,30.75057],[46.73193,30.75763],[46.74871,30.75822],[46.7699,30.75057],[46.7699,30.7438],[46.75607,30.7438],[46.75813,30.73938],[46.76048,30.72849],[46.76225,30.72407],[46.74341,30.72702],[46.72427,30.73261],[46.68718,30.75057],[46.70544,30.75057]]],[[[47.60325,30.71201],[47.62444,30.70465],[47.63327,30.68257],[47.56704,30.66402],[47.54084,30.66196],[47.53819,30.66402],[47.53054,30.67374],[47.53024,30.67609],[47.52289,30.67345],[47.51876,30.66874],[47.51729,30.66402],[47.517,30.66196],[47.4905,30.66255],[47.47991,30.65931],[47.47549,30.64813],[47.46872,30.64813],[47.46136,30.65284],[47.45194,30.65166],[47.44076,30.64872],[47.4278,30.64813],[47.4125,30.65196],[47.40426,30.65784],[47.40072,30.66844],[47.39984,30.68581],[47.38895,30.70023],[47.36246,30.70435],[47.19084,30.70965],[47.16582,30.71524],[47.1199,30.73673],[47.09194,30.73762],[47.09194,30.7438],[47.099,30.74821],[47.10489,30.75528],[47.10518,30.76146],[47.09547,30.7644],[47.08428,30.76234],[47.06809,30.75292],[47.03189,30.74821],[47.00539,30.74174],[46.99038,30.73291],[47.00274,30.72407],[46.99391,30.71995],[46.98508,30.71966],[46.97684,30.72349],[46.9683,30.73026],[46.97301,30.73673],[46.97802,30.74674],[46.98214,30.75057],[46.97036,30.75587],[46.94622,30.75528],[46.93445,30.75822],[46.92503,30.76617],[46.93416,30.77942],[46.9268,30.79237],[46.90825,30.79737],[46.88323,30.79178],[46.85939,30.77912],[46.84496,30.7644],[46.87234,30.75822],[46.90649,30.7438],[46.91002,30.72937],[46.89824,30.72143],[46.85851,30.70965],[46.8482,30.71466],[46.82848,30.71495],[46.81759,30.7173],[46.80846,30.7229],[46.79875,30.73673],[46.79021,30.7438],[46.80316,30.75469],[46.81994,30.76588],[46.83761,30.77471],[46.85173,30.77853],[46.85173,30.78471],[46.82348,30.79207],[46.80994,30.79149],[46.79669,30.78471],[46.78933,30.79178],[46.78285,30.79914],[46.78992,30.80532],[46.79875,30.81503],[46.80405,30.81945],[46.80405,30.8271],[46.77932,30.82504],[46.71603,30.81032],[46.70779,30.81945],[46.69719,30.81915],[46.69425,30.81945],[46.69425,30.8271],[46.70632,30.83211],[46.72398,30.84418],[46.73517,30.84682],[46.72663,30.86419],[46.69131,30.87597],[46.68041,30.88863],[46.72663,30.8901],[46.749,30.89569],[46.76225,30.90894],[46.7749,30.90423],[46.78079,30.91158],[46.7858,30.92218],[46.79669,30.92895],[46.79669,30.92248],[46.78992,30.90805],[46.79522,30.89716],[46.80434,30.8954],[46.81082,30.90894],[46.80699,30.92424],[46.81729,30.93278],[46.83113,30.93219],[46.83819,30.91894],[46.84526,30.91129],[46.86263,30.91041],[46.9003,30.91512],[46.89442,30.9057],[46.89294,30.89657],[46.89501,30.88833],[46.9003,30.88156],[46.9056,30.89569],[46.90649,30.90217],[46.92297,30.89481],[46.94888,30.87891],[46.9683,30.8742],[46.9683,30.86802],[46.96153,30.86802],[46.96153,30.86066],[46.98037,30.85742],[46.99656,30.84535],[47.01246,30.83093],[47.03041,30.81945],[47.02835,30.81474],[47.02747,30.81474],[47.02364,30.81268],[47.04366,30.80709],[47.06191,30.81739],[47.07722,30.8324],[47.0887,30.84005],[47.11313,30.83711],[47.12226,30.83064],[47.11519,30.82593],[47.09194,30.8271],[47.09194,30.81945],[47.09929,30.81798],[47.10459,30.81621],[47.11195,30.81268],[47.12373,30.81886],[47.13609,30.81915],[47.14669,30.81444],[47.15346,30.80591],[47.17377,30.81651],[47.19231,30.80944],[47.22175,30.77853],[47.20585,30.77353],[47.20232,30.7644],[47.20762,30.75763],[47.21822,30.76116],[47.22823,30.76264],[47.24118,30.75734],[47.2556,30.75322],[47.26944,30.75822],[47.27974,30.75263],[47.29564,30.74733],[47.31212,30.74409],[47.32419,30.7438],[47.34067,30.74998],[47.35039,30.75911],[47.37865,30.79266],[47.39395,30.81533],[47.40367,30.81945],[47.45518,30.81945],[47.50346,30.81268],[47.51405,30.80473],[47.51464,30.79914],[47.49286,30.78177],[47.48256,30.77588],[47.4487,30.76116],[47.43752,30.75822],[47.37953,30.75822],[47.39807,30.73438],[47.42663,30.73026],[47.48933,30.7438],[47.49845,30.74468],[47.52053,30.7438],[47.52848,30.74174],[47.5323,30.73232],[47.54084,30.73026],[47.56645,30.73497],[47.58205,30.73556],[47.59913,30.73026],[47.59913,30.72407],[47.59265,30.72584],[47.57852,30.7282],[47.57175,30.73026],[47.58176,30.71672],[47.60325,30.71201]]]]}},{"type":"Feature","properties":{"name":"Assal","rank":5},"geometry":{"type":"MultiPolygon","coordinates":[[[[42.42214,11.7111],[42.44893,11.6746],[42.43892,11.65546],[42.41125,11.62455],[42.40007,11.65016],[42.38446,11.69226],[42.42214,11.7111]]]]}},{"type":"Feature","properties":{"name":"Tengiz","rank":6},"geometry":{"type":"MultiPolygon","coordinates":[[[[69.61609,50.63016],[69.64376,50.63104],[69.647,50.62456],[69.63346,50.61455],[69.53985,50.57835],[69.51689,50.5754],[69.49805,50.57894],[69.45301,50.59218],[69.44153,50.59277],[69.42093,50.57776],[69.40356,50.57452],[69.3703,50.58306],[69.34498,50.58276],[69.32055,50.57746],[69.29671,50.57481],[69.27433,50.58306],[69.28935,50.59189],[69.36205,50.60955],[69.37236,50.61426],[69.37648,50.62044],[69.38089,50.62427],[69.41121,50.62397],[69.46302,50.64487],[69.47215,50.65194],[69.46744,50.66195],[69.45213,50.66842],[69.43329,50.67137],[69.34645,50.67225],[69.33792,50.66901],[69.33644,50.66136],[69.33733,50.65223],[69.33615,50.64428],[69.3285,50.63192],[69.31849,50.62044],[69.30377,50.61338],[69.21369,50.59159],[69.20516,50.57923],[69.20339,50.56333],[69.19839,50.54803],[69.20575,50.54185],[69.19279,50.52595],[69.15835,50.50682],[69.14393,50.49357],[69.13598,50.46619],[69.13068,50.45942],[69.11861,50.45589],[69.0883,50.4556],[69.07534,50.45265],[69.0777,50.43941],[69.07063,50.42763],[69.05739,50.41998],[69.0409,50.4191],[69.04973,50.44471],[69.03001,50.44412],[69.01117,50.42322],[69.02383,50.3873],[69.03207,50.37994],[69.03354,50.37582],[69.03384,50.36729],[69.03825,50.36346],[69.06004,50.36464],[69.06828,50.36375],[69.07887,50.35581],[69.09124,50.34227],[69.10066,50.32608],[69.10272,50.3093],[69.11243,50.31754],[69.12391,50.33108],[69.13304,50.34668],[69.13687,50.36022],[69.14481,50.36788],[69.16248,50.36847],[69.19839,50.36375],[69.23136,50.36464],[69.24843,50.36199],[69.26403,50.35316],[69.2708,50.33873],[69.26167,50.3199],[69.27433,50.31548],[69.27168,50.30106],[69.28081,50.28693],[69.2864,50.27162],[69.27433,50.25396],[69.2549,50.24748],[69.17808,50.2466],[69.18043,50.25042],[69.18543,50.26073],[69.17131,50.2675],[69.15894,50.26544],[69.12627,50.27044],[69.11655,50.2675],[69.11597,50.25631],[69.1248,50.24483],[69.14393,50.22599],[69.07946,50.20244],[69.03325,50.19626],[68.99145,50.18213],[68.96878,50.17889],[68.94935,50.18095],[68.89696,50.19921],[68.87724,50.20156],[68.83043,50.20127],[68.81483,50.20568],[68.81777,50.20951],[68.8216,50.21981],[68.80629,50.22187],[68.75949,50.21981],[68.76479,50.22923],[68.76685,50.23276],[68.74919,50.2463],[68.74654,50.25013],[68.74271,50.2622],[68.73417,50.26485],[68.71563,50.26073],[68.70651,50.25543],[68.68413,50.24601],[68.66147,50.2413],[68.65087,50.25013],[68.65911,50.25867],[68.7118,50.28133],[68.72505,50.2987],[68.72711,50.31283],[68.72682,50.32696],[68.733,50.34286],[68.733,50.35169],[68.738,50.38495],[68.74742,50.41792],[68.75949,50.44588],[68.7748,50.47267],[68.77391,50.48356],[68.76332,50.4974],[68.76214,50.50799],[68.7692,50.5236],[68.77921,50.53861],[68.78745,50.54803],[68.81689,50.56481],[68.85428,50.57364],[68.89401,50.57658],[68.93081,50.5754],[69.00116,50.55774],[69.03708,50.55597],[69.04826,50.5754],[69.09595,50.56245],[69.12686,50.56245],[69.13539,50.56039],[69.14099,50.55539],[69.14158,50.55038],[69.13392,50.54803],[69.12068,50.53802],[69.10625,50.51506],[69.08859,50.47355],[69.10154,50.4765],[69.10919,50.48297],[69.12274,50.50093],[69.15335,50.5233],[69.16159,50.53125],[69.17278,50.55392],[69.1663,50.58041],[69.17808,50.5966],[69.19927,50.61073],[69.2237,50.62132],[69.2502,50.6278],[69.27757,50.63016],[69.29317,50.63781],[69.28787,50.65694],[69.2761,50.67961],[69.27433,50.69904],[69.30848,50.71611],[69.36971,50.71846],[69.57164,50.69285],[69.61315,50.67549],[69.61786,50.66371],[69.60755,50.66047],[69.59372,50.66195],[69.5896,50.66489],[69.52808,50.6069],[69.50041,50.60278],[69.49334,50.5966],[69.49775,50.58953],[69.51012,50.59042],[69.55251,50.60131],[69.59342,50.62309],[69.61609,50.63016]]]]}},{"type":"Feature","properties":{"name":"Kushmurun","rank":6},"geometry":{"type":"MultiPolygon","coordinates":[[[[64.95748,52.93974],[64.97721,52.93355],[64.99781,52.9153],[64.98103,52.88646],[64.93629,52.8373],[64.93717,52.82552],[64.95042,52.77519],[64.95425,52.76665],[64.95925,52.75988],[64.96308,52.75252],[64.96337,52.74104],[64.95925,52.73162],[64.93629,52.70689],[64.91892,52.68364],[64.90862,52.67451],[64.89508,52.66598],[64.83797,52.64773],[64.82001,52.63919],[64.8106,52.62859],[64.80235,52.61446],[64.79234,52.6021],[64.77851,52.59768],[64.76291,52.60622],[64.74907,52.62123],[64.73259,52.63124],[64.71022,52.62506],[64.71522,52.61682],[64.72111,52.61093],[64.72847,52.60652],[64.7373,52.60387],[64.7267,52.60181],[64.71699,52.59798],[64.70904,52.59239],[64.70286,52.58414],[64.71434,52.58149],[64.72405,52.57796],[64.732,52.57207],[64.7373,52.56295],[64.71581,52.56059],[64.66665,52.57001],[64.65164,52.56678],[64.6116,52.52792],[64.60042,52.52203],[64.58806,52.52498],[64.5804,52.53145],[64.57422,52.53852],[64.56627,52.54234],[64.5545,52.54352],[64.55008,52.54087],[64.54802,52.53528],[64.54184,52.52557],[64.52418,52.51644],[64.49886,52.51261],[64.47531,52.51644],[64.46325,52.52939],[64.48091,52.5341],[64.5021,52.55265],[64.5177,52.55677],[64.53743,52.55853],[64.55509,52.56501],[64.56804,52.57679],[64.57304,52.59445],[64.5751,52.6074],[64.5807,52.62359],[64.58923,52.63978],[64.60042,52.65244],[64.61779,52.66038],[64.65841,52.66627],[64.67607,52.67275],[64.6799,52.67716],[64.69314,52.69689],[64.70139,52.70336],[64.71934,52.7116],[64.74083,52.7272],[64.77439,52.74133],[64.78911,52.75164],[64.79735,52.76488],[64.80677,52.79668],[64.81266,52.80933],[64.82443,52.82258],[64.83974,52.83259],[64.85887,52.83789],[64.88213,52.8373],[64.87742,52.84701],[64.87477,52.85084],[64.89096,52.86261],[64.90538,52.86938],[64.91804,52.87733],[64.92981,52.89264],[64.94541,52.92943],[64.95748,52.93974]]]]}},{"type":"Feature","properties":{"name":"Chamo","rank":7},"geometry":{"type":"MultiPolygon","coordinates":[[[[37.69995,5.95569],[37.72645,5.94068],[37.72939,5.90565],[37.7235,5.85413],[37.71497,5.80674],[37.70496,5.78407],[37.68347,5.77789],[37.66022,5.767],[37.63784,5.74698],[37.59693,5.71755],[37.55542,5.70548],[37.55719,5.72667],[37.5566,5.74875],[37.54865,5.767],[37.54718,5.78201],[37.56307,5.81704],[37.59457,5.8556],[37.59869,5.86444],[37.60576,5.87209],[37.60281,5.87974],[37.59987,5.88887],[37.60811,5.89446],[37.61665,5.90005],[37.61518,5.91036],[37.61106,5.91654],[37.63372,5.93273],[37.65845,5.93597],[37.67346,5.94951],[37.68877,5.96658],[37.69436,5.96099],[37.69995,5.95569]]]]}},{"type":"Feature","properties":{"name":"Abbe","rank":7},"geometry":{"type":"MultiPolygon","coordinates":[[[[41.79839,11.2775],[41.8655,11.22775],[41.88228,11.20656],[41.87433,11.17182],[41.84225,11.13385],[41.77219,11.07968],[41.73068,11.10206],[41.69712,11.13944],[41.68005,11.18301],[41.68712,11.22451],[41.70272,11.24924],[41.72097,11.27102],[41.74422,11.28574],[41.77336,11.28868],[41.79839,11.2775]]]]}},{"type":"Feature","properties":{"name":"Aydar","rank":7},"geometry":{"type":"MultiPolygon","coordinates":[[[[68.03388,41.04301],[68.04595,41.05037],[68.05861,41.05508],[68.04036,41.01593],[68.01387,40.93439],[67.9753,40.86139],[67.90466,40.81458],[67.88905,40.81311],[67.85962,40.8187],[67.84608,40.819],[67.83048,40.81252],[67.81694,40.79162],[67.80369,40.78338],[67.78927,40.78368],[67.77514,40.79044],[67.76189,40.79957],[67.74894,40.80634],[67.73481,40.80958],[67.72156,40.81076],[67.70832,40.80958],[67.69448,40.80634],[67.66652,40.79339],[67.61795,40.75836],[67.58792,40.74865],[67.53052,40.75218],[67.50197,40.74776],[67.48519,40.72892],[67.49078,40.7195],[67.57467,40.65121],[67.59175,40.63208],[67.60234,40.61029],[67.60382,40.59587],[67.60234,40.56555],[67.6047,40.55054],[67.61265,40.53847],[67.62354,40.52522],[67.6306,40.51257],[67.62737,40.50109],[67.60676,40.49726],[67.57703,40.50638],[67.52817,40.5317],[67.51639,40.53994],[67.49019,40.56555],[67.47753,40.57291],[67.43868,40.58557],[67.4216,40.59558],[67.3645,40.64473],[67.32623,40.66858],[67.30945,40.68859],[67.3124,40.70626],[67.32299,40.7248],[67.32947,40.74659],[67.32211,40.76601],[67.30209,40.77131],[67.25176,40.76925],[67.22791,40.77602],[67.17905,40.7981],[67.15609,40.80104],[67.13313,40.79339],[67.11723,40.78279],[67.10075,40.77514],[67.07484,40.77602],[67.04747,40.78603],[66.88498,40.88346],[66.8526,40.89347],[66.49289,40.94337],[66.13317,40.99326],[66.11463,41.00357],[66.12169,41.01622],[66.12846,41.01769],[66.15555,41.01622],[66.14878,41.01622],[66.22914,41.01387],[66.27565,41.02652],[66.30067,41.02329],[66.34806,41.00945],[66.44373,41.00268],[66.45727,41.00504],[66.48111,41.01593],[66.49377,41.01946],[66.50819,41.01887],[66.54499,41.00592],[66.76929,40.99385],[66.83582,41.00239],[66.98477,41.0015],[67.03628,40.99326],[67.08485,40.97707],[67.11635,40.95323],[67.13784,40.95293],[67.17758,40.96088],[67.19789,40.96147],[67.21113,40.95853],[67.23203,40.95029],[67.26736,40.94675],[67.27383,40.94087],[67.27236,40.91732],[67.28914,40.89112],[67.32859,40.88023],[67.40836,40.87375],[67.39894,40.85962],[67.38451,40.84991],[67.36891,40.84137],[67.3539,40.83136],[67.37274,40.82047],[67.39658,40.81811],[67.47636,40.8243],[67.53994,40.82077],[67.76483,40.8817],[67.90524,40.95205],[67.95676,40.99061],[67.99679,41.04066],[68.02034,41.06097],[68.02064,41.05949],[68.03388,41.04301]]]]}},{"type":"Feature","properties":{"name":"Great Bitter","rank":8},"geometry":{"type":"MultiPolygon","coordinates":[[[[32.56006,30.1795],[32.55064,30.19569],[32.55064,30.20011],[32.54799,30.20334],[32.54358,30.20953],[32.53681,30.20334],[32.53681,30.22984],[32.53239,30.23043],[32.53092,30.22925],[32.5265,30.23308],[32.52062,30.24132],[32.51267,30.24927],[32.49177,30.26546],[32.48706,30.26693],[32.46469,30.24927],[32.46115,30.24308],[32.45762,30.24073],[32.44761,30.24426],[32.43731,30.24956],[32.41347,30.27134],[32.39816,30.28017],[32.36107,30.29165],[32.34429,30.29872],[32.33134,30.30991],[32.30985,30.3361],[32.29661,30.3467],[32.30602,30.37437],[32.31044,30.38085],[32.30573,30.39969],[32.32634,30.41323],[32.37226,30.42853],[32.38609,30.42235],[32.39316,30.40852],[32.4326,30.3626],[32.4379,30.35906],[32.44261,30.35465],[32.44761,30.3467],[32.44967,30.3361],[32.44879,30.32757],[32.44879,30.31991],[32.45409,30.31314],[32.44997,30.30284],[32.45968,30.29195],[32.47528,30.28282],[32.48912,30.27782],[32.5268,30.27282],[32.53798,30.26663],[32.55064,30.25044],[32.5527,30.25309],[32.55329,30.25427],[32.55417,30.25545],[32.55741,30.2578],[32.55947,30.25456],[32.55947,30.25339],[32.56006,30.2525],[32.56418,30.25044],[32.56418,30.24573],[32.56242,30.24485],[32.55947,30.24544],[32.55741,30.24426],[32.57154,30.23661],[32.56507,30.23602],[32.56359,30.23455],[32.56418,30.22984],[32.57301,30.21188],[32.56948,30.1901],[32.56006,30.1795]]]]}},{"type":"Feature","properties":{"name":"Qypshaq Lake","rank":9},"geometry":{"type":"MultiPolygon","coordinates":[[[[68.44246,50.15034],[68.45129,50.14063],[68.45306,50.09677],[68.45129,50.08941],[68.43451,50.08087],[68.41656,50.08205],[68.40213,50.09117],[68.39654,50.10648],[68.38653,50.11619],[68.32118,50.13032],[68.33119,50.15034],[68.33384,50.16594],[68.34002,50.17948],[68.3618,50.19244],[68.38094,50.18596],[68.41891,50.19567],[68.43127,50.18508],[68.41773,50.16977],[68.42656,50.15917],[68.44246,50.15034]]]]}},{"type":"Feature","properties":{"name":"Ozero Shalkar","rank":9},"geometry":{"type":"MultiPolygon","coordinates":[[[[70.00642,50.513],[70.01613,50.49504],[70.02496,50.47296],[70.02084,50.44588],[70.00377,50.4241],[69.97963,50.41027],[69.95373,50.40732],[69.93224,50.4191],[69.92076,50.43499],[69.89103,50.49357],[69.87248,50.51565],[69.85246,50.52683],[69.80595,50.53802],[69.77976,50.56775],[69.77711,50.57923],[69.79506,50.58306],[69.81626,50.57805],[69.83568,50.56775],[69.85276,50.55362],[69.86689,50.53831],[69.88219,50.52978],[69.90368,50.52301],[69.92341,50.51388],[69.93224,50.4974],[69.93753,50.47208],[69.95167,50.45089],[69.97139,50.44147],[69.99288,50.45265],[69.9811,50.45942],[69.97698,50.46914],[69.9758,50.48062],[69.97286,50.49357],[69.96344,50.51418],[69.95637,50.5233],[69.94578,50.53449],[69.96108,50.54155],[69.97757,50.54214],[69.99347,50.53714],[70.00701,50.52772],[70.00642,50.513]]]]}},{"type":"Feature","properties":{"name":"South Aral Sea","rank":0},"geometry":{"type":"MultiPolygon","coordinates":[[[[58.31208,45.06201],[58.32684,45.07678],[58.35703,45.10328],[58.37249,45.13052],[58.37838,45.1747],[58.38648,45.20267],[58.40341,45.22329],[58.41004,45.23433],[58.40715,45.25212],[58.41024,45.27567],[58.41289,45.28362],[58.41701,45.29068],[58.45599,45.32892],[58.46912,45.34844],[58.4874,45.35838],[58.48986,45.36082],[58.4993,45.36427],[58.5236,45.38967],[58.53243,45.3952],[58.54605,45.40293],[58.54937,45.40771],[58.54829,45.42278],[58.54918,45.42462],[58.54901,45.43252],[58.55342,45.44931],[58.55255,45.46458],[58.55378,45.47066],[58.55747,45.48023],[58.56446,45.48906],[58.57035,45.50747],[58.57145,45.52403],[58.57403,45.53213],[58.58029,45.53876],[58.59264,45.54869],[58.59657,45.55797],[58.60039,45.57092],[58.60275,45.5771],[58.60436,45.57914],[58.61406,45.58358],[58.63431,45.58726],[58.63836,45.5902],[58.63946,45.59462],[58.63842,45.61488],[58.63866,45.61566],[58.63955,45.62361],[58.63954,45.62426],[58.63578,45.63953],[58.64065,45.65439],[58.641,45.65743],[58.64719,45.66898],[58.64719,45.68619],[58.64915,45.69142],[58.65271,45.72198],[58.65839,45.73164],[58.66891,45.74186],[58.6692,45.7636],[58.67186,45.77131],[58.67701,45.78493],[58.68548,45.80076],[58.69474,45.81569],[58.69571,45.81805],[58.7117,45.8349],[58.72716,45.84558],[58.73894,45.85073],[58.74594,45.85147],[58.75109,45.84889],[58.75845,45.8441],[58.76582,45.84447],[58.77097,45.84742],[58.7787,45.84815],[58.79821,45.84447],[58.81588,45.84006],[58.83208,45.83453],[58.83833,45.83417],[58.84054,45.83711],[58.83944,45.8419],[58.8214,45.86141],[58.81404,45.87466],[58.81367,45.88165],[58.81772,45.89638],[58.8225,45.90337],[58.83723,45.91294],[58.84938,45.9181],[58.86153,45.92141],[58.87073,45.92141],[58.87993,45.9181],[58.88619,45.91294],[58.89281,45.91147],[58.90386,45.91184],[58.93036,45.90705],[58.94582,45.90337],[58.9657,45.90484],[58.98926,45.89822],[58.99883,45.89822],[59.00619,45.90632],[59.01724,45.90779],[59.0257,45.90668],[59.04153,45.89564],[59.05,45.89343],[59.05994,45.89454],[59.06546,45.89932],[59.06656,45.90705],[59.06509,45.91589],[59.06914,45.93172],[59.07908,45.94349],[59.09528,45.94902],[59.11626,45.95123],[59.14902,45.94681],[59.16485,45.94239],[59.17258,45.93724],[59.17663,45.92988],[59.1792,45.92583],[59.18546,45.93098],[59.18988,45.9446],[59.19687,45.95601],[59.20976,45.96742],[59.22448,45.97515],[59.24031,45.99393],[59.25982,46.00129],[59.28007,46.00607],[59.29406,46.00607],[59.30289,46.00239],[59.30915,45.99466],[59.30979,45.99375],[59.30951,45.97736],[59.30142,45.95822],[59.28338,45.92914],[59.24399,45.89233],[59.22474,45.88296],[59.17258,45.87484],[59.15033,45.87771],[59.10485,45.89675],[59.10448,45.89049],[59.09859,45.88607],[59.08423,45.88239],[59.07788,45.87808],[59.07245,45.87779],[59.06771,45.87563],[59.05957,45.8776],[59.05257,45.87834],[59.04521,45.87503],[59.03159,45.86362],[59.02607,45.85368],[59.01922,45.84366],[59.01364,45.83847],[58.98666,45.8196],[58.95907,45.81005],[58.93015,45.79622],[58.92447,45.79662],[58.91416,45.79478],[58.90975,45.79073],[58.90948,45.77528],[58.90901,45.77472],[58.90312,45.73938],[58.90165,45.68932],[58.87809,45.61716],[58.86944,45.5961],[58.80741,45.57005],[58.76618,45.56269],[58.75146,45.54649],[58.73526,45.50673],[58.71023,45.48612],[58.67195,45.45961],[58.66164,45.439],[58.63808,45.3536],[58.62925,45.30206],[58.62925,45.26378],[58.64103,45.24316],[58.66311,45.20488],[58.68373,45.14893],[58.68225,45.12979],[58.67048,45.10328],[58.64397,45.07236],[58.54679,45.00757],[58.56888,45.00463],[58.58802,44.98991],[58.59244,44.97371],[58.58802,44.95015],[58.56888,44.92954],[58.56704,44.91518],[58.57882,44.89604],[58.60974,44.87689],[58.62299,44.85481],[58.62446,44.818],[58.61121,44.79002],[58.59501,44.77235],[58.56262,44.77235],[58.57882,44.75615],[58.54495,44.6575],[58.52434,44.56916],[58.48311,44.50437],[58.41685,44.444],[58.36427,44.42472],[58.3443,44.42349],[58.30457,44.42375],[58.27807,44.4267],[58.26003,44.43148],[58.24457,44.44179],[58.235,44.46093],[58.23353,44.50658],[58.23678,44.52446],[58.24604,44.53897],[58.26224,44.55738],[58.27623,44.56474],[58.28948,44.56327],[58.30273,44.56032],[58.31378,44.57063],[58.32114,44.60302],[58.31616,44.63003],[58.28138,44.68916],[58.25635,44.73112],[58.23795,44.76573],[58.22911,44.79665],[58.22101,44.84671],[58.22248,44.86953],[58.22764,44.88794],[58.23502,44.90127],[58.23651,44.90819],[58.26298,44.94536],[58.28138,44.96377],[58.2858,44.98806],[58.30016,45.01563],[58.29979,45.02893],[58.30494,45.04954],[58.31167,45.05903],[58.31208,45.06201]]]]}},{"type":"Feature","properties":{"name":"Barsakelmes","rank":6},"geometry":{"type":"MultiPolygon","coordinates":[[[[59.72865,46.08284],[59.59167,46.20909],[59.53057,46.28934],[59.50406,46.31878],[59.51704,46.32384],[59.5475,46.32688],[59.57032,46.32394],[59.58357,46.31584],[59.58946,46.30406],[59.61449,46.30995],[59.66014,46.31952],[59.69474,46.32026],[59.73082,46.32167],[59.75953,46.30921],[59.78456,46.28418],[59.80076,46.25694],[59.80545,46.24387],[59.80223,46.21866],[59.80223,46.19584],[59.80738,46.18111],[59.81475,46.16123],[59.81769,46.13988],[59.81327,46.12369],[59.79781,46.1097],[59.72865,46.08284]]]]}},{"type":"Feature","properties":{"name":"North Aral Sea","rank":0},"geometry":{"type":"MultiPolygon","coordinates":[[[[60.78288,46.08595],[60.75234,46.11772],[60.79606,46.14846],[60.80754,46.15876],[60.81666,46.17054],[60.82255,46.18467],[60.82491,46.1985],[60.82481,46.20105],[60.81003,46.23357],[60.74745,46.31823],[60.73788,46.33958],[60.7283,46.34989],[60.72242,46.36388],[60.72242,46.37418],[60.70581,46.37519],[60.68487,46.33958],[60.67235,46.3359],[60.66499,46.32707],[60.65542,46.32412],[60.63701,46.32928],[60.63481,46.31823],[60.62965,46.3197],[60.62523,46.32559],[60.61566,46.3278],[60.60536,46.32118],[60.59505,46.30351],[60.58769,46.29615],[60.57959,46.2932],[60.56045,46.29541],[60.50744,46.3175],[60.47136,46.33075],[60.44044,46.35283],[60.41762,46.3683],[60.38081,46.38891],[60.34842,46.4029],[60.33148,46.40511],[60.31897,46.39701],[60.30277,46.38891],[60.28731,46.38228],[60.26522,46.37934],[60.22178,46.3786],[60.19675,46.37492],[60.18361,46.36775],[60.17688,46.35909],[60.16988,46.35468],[60.15332,46.35394],[60.13344,46.35652],[60.10215,46.36903],[60.07712,46.38191],[60.06571,46.39222],[60.04988,46.40363],[60.05466,46.40842],[60.02301,46.41799],[60.01344,46.42388],[60.00386,46.42535],[59.99503,46.4283],[59.9884,46.43787],[59.98325,46.4548],[59.97736,46.4813],[59.98178,46.50781],[59.98988,46.55051],[60.00165,46.57186],[60.00377,46.57345],[60.00481,46.57588],[60.01105,46.58425],[60.03635,46.60113],[60.05586,46.60701],[60.0761,46.6107],[60.10298,46.61438],[60.11586,46.61916],[60.13243,46.63426],[60.16151,46.65008],[60.18507,46.66186],[60.19905,46.66554],[60.21451,46.67806],[60.23734,46.69573],[60.25353,46.70015],[60.27047,46.70309],[60.28666,46.70015],[60.30654,46.68837],[60.33294,46.66923],[60.34924,46.64861],[60.36765,46.61695],[60.38311,46.57941],[60.39489,46.54407],[60.40593,46.49842],[60.40545,46.48915],[60.41087,46.48252],[60.41622,46.50002],[60.4175,46.50288],[60.41808,46.5041],[60.42103,46.51931],[60.42899,46.52728],[60.45392,46.57361],[60.45342,46.60324],[60.45047,46.61208],[60.45066,46.61843],[60.45342,46.62238],[60.45931,46.62754],[60.46888,46.62385],[60.47091,46.62245],[60.4744,46.62201],[60.47595,46.61908],[60.47698,46.61843],[60.47256,46.61014],[60.47293,46.60609],[60.51821,46.58622],[60.53551,46.57554],[60.5587,46.5656],[60.58005,46.56303],[60.60619,46.56597],[60.62974,46.5737],[60.64778,46.58106],[60.6706,46.58916],[60.68224,46.59911],[60.68861,46.60296],[60.69172,46.60582],[60.69306,46.60941],[60.6966,46.61294],[60.75821,46.63444],[60.76558,46.64254],[60.76353,46.64663],[60.76443,46.64729],[60.73981,46.65653],[60.69858,46.67714],[60.63526,46.71542],[60.57195,46.73604],[60.54176,46.7434],[60.52557,46.75076],[60.52115,46.76033],[60.51968,46.7699],[60.52483,46.77727],[60.5425,46.77727],[60.56661,46.78036],[60.57079,46.7827],[60.58005,46.78389],[60.59404,46.78168],[60.60582,46.77579],[60.63232,46.77579],[60.65293,46.76917],[60.67428,46.76181],[60.69195,46.76107],[60.71772,46.75518],[60.76484,46.75518],[60.7884,46.75518],[60.81077,46.74715],[60.81785,46.73898],[60.82227,46.7272],[60.81932,46.71248],[60.79429,46.66389],[60.78766,46.61971],[60.77583,46.59282],[60.77604,46.59119],[60.77788,46.58806],[60.77607,46.58143],[60.78417,46.56671],[60.81288,46.54756],[60.83938,46.50854],[60.89239,46.47321],[60.94687,46.45995],[61.01166,46.46143],[61.08381,46.45995],[61.13387,46.44965],[61.14455,46.45349],[61.15783,46.4546],[61.19781,46.46754],[61.19771,46.46805],[61.22664,46.46805],[61.2443,46.47615],[61.26713,46.49971],[61.26786,46.5137],[61.25608,46.52769],[61.23915,46.53505],[61.23032,46.54756],[61.234,46.55714],[61.23621,46.56965],[61.22001,46.56671],[61.20602,46.57039],[61.20676,46.57996],[61.21633,46.58806],[61.23326,46.58069],[61.29658,46.61088],[61.30173,46.63297],[61.31498,46.64769],[61.36652,46.64916],[61.38419,46.66389],[61.40922,46.67272],[61.42689,46.658],[61.45634,46.67272],[61.52849,46.67714],[61.5064,46.63886],[61.47989,46.62708],[61.45339,46.60204],[61.45045,46.58438],[61.32676,46.49897],[61.31056,46.47541],[61.27964,46.47983],[61.27699,46.42934],[61.28755,46.41845],[61.28902,46.41694],[61.29658,46.40915],[61.30026,46.38486],[61.29026,46.38644],[61.29118,46.3816],[61.28882,46.37277],[61.28816,46.37178],[61.28995,46.36425],[61.28038,46.32964],[61.26566,46.30682],[61.25724,46.30645],[61.25527,46.30006],[61.24732,46.28976],[61.24706,46.28956],[61.2443,46.27443],[61.23179,46.25087],[61.21706,46.23688],[61.20607,46.23458],[61.20081,46.23088],[61.18845,46.22588],[61.17906,46.22396],[61.16571,46.21553],[61.12007,46.217],[61.09504,46.19197],[61.04055,46.18019],[61.00323,46.18019],[60.97669,46.16988],[60.94632,46.14043],[60.89626,46.11835],[60.86828,46.11246],[60.86248,46.09],[60.78288,46.08595]]]]}},{"type":"Feature","properties":{"name":"","rank":9},"geometry":{"type":"MultiPolygon","coordinates":[[[[59.80924,46.01734],[59.84074,46.02765],[59.86578,46.04017],[59.93719,46.05563],[59.97842,46.06005],[59.98175,46.06034],[60.00639,46.05048],[60.01449,46.03968],[60.02347,46.0311],[60.02641,46.01712],[60.02273,45.99429],[60.01132,45.97055],[59.9988,45.96024],[59.98224,45.95399],[59.97009,45.94441],[59.96015,45.94331],[59.95463,45.94589],[59.95316,45.95141],[59.9561,45.95877],[59.96216,45.96188],[59.95899,45.96667],[59.95228,45.96931],[59.94566,45.97778],[59.94292,45.9909],[59.94255,45.99146],[59.94345,46.00759],[59.93829,46.00906],[59.93461,46.01643],[59.92799,46.02084],[59.92173,46.02287],[59.89279,46.00018],[59.86746,45.98874],[59.86076,45.98721],[59.85467,45.98811],[59.80926,46.01244],[59.80858,46.0138],[59.80924,46.01734]]]]}}]}